{
  "blockChainList": [
    {
      "blockChain": "BTC",
      "logo": "https://static.oklink.com/cdn/explorer/admin/1686558172927.png",
      "lightLogo": "https://static.oklink.com/cdn/assets/imgs/2312/FF3843272D00C1E7.png",
      "blockChainId": "0"
    },
    {
      "blockChain": "ETH",
      "logo": "https://static.oklink.com/cdn/web3/currency/token/1706800365851.png/type=png_350_0",
      "lightLogo": "https://static.oklink.com/cdn/assets/imgs/2312/BEC6A727AB2BFAB0.png",
      "blockChainId": "1"
    },
    {
      "blockChain": "X1",
      "logo": "https://static.oklink.com/cdn/web3/currency/token/1711680841142.png/type=png_350_0",
      "lightLogo": "https://static.oklink.com/cdn/assets/imgs/248/DD53323FFE842449.png",
      "blockChainId": "196"
    },
    {
      "blockChain": "SOLANA",
      "logo": "https://static.coinall.ltd/cdn/web3/currency/token/1715241932682.png/type=png_350_0",
      "lightLogo": "https://static.oklink.com/cdn/assets/imgs/2312/4CB5F5AE4EFA977F.png",
      "blockChainId": "501"
    },
    {
      "blockChain": "TRON",
      "logo": "https://static.oklink.com/cdn/explorer/admin/1686557723420.png",
      "lightLogo": "https://static.oklink.com/cdn/assets/imgs/2312/BB50612641974EC8.png",
      "blockChainId": "195"
    },
    {
      "blockChain": "BSC",
      "logo": "https://static.coinall.ltd/cdn/web3/currency/token/1742545358366.png/type=default_350_0",
      "lightLogo": "https://static.oklink.com/cdn/assets/imgs/2312/C415878C9255068A.png",
      "blockChainId": "56"
    },
    {
      "blockChain": "RIPPLE",
      "logo": "https://static.oklink.com/cdn/explorer/currency/token/xrp-xrp-null.png",
      "lightLogo": "https://static.oklink.com/cdn/assets/imgs/256/5C30885514F56CA7.jpeg",
      "blockChainId": "144"
    },
    {
      "blockChain": "BASE",
      "logo": "https://static.coinall.ltd/cdn/web3/currency/token/1736766709807.png/type=default_350_0",
      "lightLogo": "https://static.oklink.com/cdn/assets/imgs/2312/E8725CEE33D29668.png",
      "blockChainId": "8453"
    },
    {
      "blockChain": "SUI",
      "logo": "https://static.coinall.ltd/cdn/web3/currency/token/1742539825819.png/type=default_350_0",
      "lightLogo": "https://static.oklink.com/cdn/assets/imgs/2312/BA776B7B6DB7757E.png",
      "blockChainId": "784"
    },
    {
      "blockChain": "APT",
      "logo": "https://static.oklink.com/cdn/explorer/oklinkmanage/picture/apt_logo.png",
      "lightLogo": "https://static.oklink.com/cdn/assets/imgs/2312/422AA0B18303B28D.png",
      "blockChainId": "637"
    },
    {
      "blockChain": "ARBITRUM",
      "logo": "https://static.oklink.com/cdn/explorer/admin/1686557510911.png",
      "lightLogo": "https://static.oklink.com/cdn/assets/imgs/2312/ED446CC74F2B3AFF.png",
      "blockChainId": "42161"
    },
    {
      "blockChain": "OPTIMISM",
      "logo": "https://static.oklink.com/cdn/explorer/admin/1686557806497.png",
      "lightLogo": "https://static.oklink.com/cdn/assets/imgs/2312/FEE088C8C0C85D41.png",
      "blockChainId": "10"
    },
    {
      "blockChain": "POLYGON",
      "logo": "https://static.oklink.com/cdn/web3/currency/token/1697556067799.png/type=png_350_0",
      "lightLogo": "https://static.oklink.com/cdn/assets/imgs/2312/DE31DC421B88956E.png",
      "blockChainId": "137"
    },
    {
      "blockChain": "AVAXC",
      "logo": "https://static.oklink.com/cdn/explorer/admin/1686558223199.png",
      "lightLogo": "https://static.oklink.com/cdn/assets/imgs/2312/708CF2DEB0D08361.png",
      "blockChainId": "43114"
    },
    {
      "blockChain": "ZKSYNC",
      "logo": "https://static.oklink.com/cdn/explorer/admin/1686558413916.png",
      "lightLogo": "https://static.oklink.com/cdn/assets/imgs/2312/FA6C98D597C2904F.png",
      "blockChainId": "324"
    },
    {
      "blockChain": "UNI",
      "logo": "https://static.coinall.ltd/cdn/web3/currency/token/1739948756142.png/type=default_350_0",
      "lightLogo": "https://static.coinall.ltd/cdn/web3/oklinkadmin/picture/b70c0371-541f-4a91-8718-f823a0d7f22c.png",
      "blockChainId": "130"
    },
    {
      "blockChain": "TON",
      "logo": "https://static.oklink.com/cdn/explorer/currency/token/ton-ton-null.png",
      "lightLogo": "https://static.oklink.com/cdn/assets/imgs/253/7E701E24F03351F5.png",
      "blockChainId": "607"
    },
    {
      "blockChain": "BITLAYER",
      "logo": "https://static.coinall.ltd/cdn/web3/currency/token/1715345047885.png/type=png_350_0",
      "lightLogo": "https://static.oklink.com/cdn/assets/imgs/253/DD3D1A690E0E941C.png",
      "blockChainId": "200901"
    },
    {
      "blockChain": "LINEA",
      "logo": "https://static.oklink.com/cdn/explorer/admin/1689947710844.jpeg",
      "lightLogo": "https://static.oklink.com/cdn/assets/imgs/2312/F91DD1A03FFFE65C.png",
      "blockChainId": "59144"
    },
    {
      "blockChain": "SCROLL",
      "logo": "https://static.oklink.com/cdn/explorer/admin/1697027635993.png/type=png_350_0",
      "lightLogo": "https://static.oklink.com/cdn/assets/imgs/2312/5FEBBFE08EB72E81.png",
      "blockChainId": "534352"
    },
    {
      "blockChain": "STARKNET",
      "logo": "https://static.oklink.com/cdn/explorer/admin/1692864443638.jpeg",
      "lightLogo": "https://static.oklink.com/cdn/assets/imgs/2312/72CB729F05E52423.png",
      "blockChainId": "9004"
    },
    {
      "blockChain": "FTM",
      "logo": "https://static.oklink.com/cdn/explorer/admin/1686558053632.png",
      "lightLogo": "https://static.oklink.com/cdn/assets/imgs/2312/D32DA4DEFB3AE885.png",
      "blockChainId": "250"
    },
    {
      "blockChain": "COSMOS",
      "logo": "https://static.oklink.com/cdn/explorer/admin/1687836948833.png",
      "lightLogo": "https://static.oklink.com/cdn/assets/imgs/2312/3C3C8CFB6272F3F0.png",
      "blockChainId": "118"
    },
    {
      "blockChain": "RONIN",
      "logo": "https://static.oklink.com/cdn/explorer/admin/1689678241466.png",
      "lightLogo": "https://static.oklink.com/cdn/assets/imgs/2312/28CE3AB56BAAD113.png",
      "blockChainId": "2020"
    },
    {
      "blockChain": "OKEXCHAIN",
      "logo": "https://static.oklink.com/cdn/explorer/admin/1686558023497.png",
      "lightLogo": "https://static.oklink.com/cdn/assets/imgs/248/9C557DC56E54B38B.png",
      "blockChainId": "66"
    },
    {
      "blockChain": "ETC",
      "logo": "https://static.oklink.com/cdn/explorer/admin/1686558153814.png",
      "lightLogo": "https://static.oklink.com/cdn/assets/imgs/2312/6A72CFE7ED04A323.png",
      "blockChainId": "61"
    },
    {
      "blockChain": "DOGE",
      "logo": "https://static.oklink.com/cdn/explorer/admin/1696651121774.png/type=png_350_0",
      "lightLogo": "https://static.oklink.com/cdn/assets/imgs/2312/A51191E954E8CDB0.png",
      "blockChainId": "3"
    },
    {
      "blockChain": "LTC",
      "logo": "https://static.oklink.com/cdn/explorer/oklinkmanage/picture/ltc_logo.png",
      "lightLogo": "https://static.oklink.com/cdn/assets/imgs/2312/A85D30C877AC3B16.png",
      "blockChainId": "2"
    },
    {
      "blockChain": "BCH",
      "logo": "https://static.oklink.com/cdn/explorer/oklinkmanage/picture/bch_logo.png",
      "lightLogo": "https://static.oklink.com/cdn/assets/imgs/2312/458634273CBF4081.png",
      "blockChainId": "145"
    },
    {
      "blockChain": "DASH",
      "logo": "https://static.oklink.com/cdn/explorer/oklinkmanage/picture/dash_logo.png",
      "lightLogo": "https://static.oklink.com/cdn/assets/imgs/2312/617C512B1BFB94E3.png",
      "blockChainId": "5"
    }
  ],
  "tokenList": [
    {
      "symbol": "BTC",
      "logo": "https://static.coinall.ltd/cdn/wallet/logo/BTC.png"
    },
    {
      "symbol": "ETH",
      "logo": "https://static.oklink.com/cdn/web3/currency/token/1-0xeeeeeeeeeeeeeeeeeeeeeeeeeeeeeeeeeeeeeeee-1.png/type=default_350_0?v=1736491763069"
    },
    {
      "symbol": "USDT",
      "logo": "https://static.oklink.com/cdn/web3/currency/token/large/137-0x1e4a5963abfd975d8c9021ce480b42188849d41d-107/type=default_90_0?v=1755242172066"
    },
    {
      "symbol": "USDC",
      "logo": "https://static.oklink.com/cdn/web3/currency/token/small/637-0xbae207659db88bea0cbead6da0ed00aac12edcdda169e591cd41c94180b46f3b-1?v=1742202380789"
    },
    {
      "symbol": "BUSD",
      "logo": "https://static.oklink.com/cdn/web3/currency/token/large/1-0x4fabb145d64652a948d72533023f6e7a623c7c53-106/type=default_90_0?v=1755446491789"
    },
    {
      "symbol": "1INCH",
      "logo": "https://static.oklink.com/cdn/web3/currency/token/large/137-0x9c2c5fd7b07e95ee044ddeba0e97a665f142394f-106/type=default_90_0?v=1755446960222"
    },
    {
      "symbol": "LINK",
      "logo": "https://static.coinall.ltd/cdn/wallet/logo/LINK-20220328.png"
    },
    {
      "symbol": "TUSD",
      "logo": "https://static.oklink.com/cdn/web3/currency/token/large/1-0x0000000000085d4780b73119b644ae5ecd22b376-106/type=default_90_0?v=1755446427297"
    },
    {
      "symbol": "SHIB",
      "logo": "https://static.oklink.com/cdn/web3/currency/token/small/8453-0x95ad61b0a150d79219dcf64e1e6cc01f0b64c4ce-105?v=1749148689073"
    },
    {
      "symbol": "UNI",
      "logo": "https://static.oklink.com/cdn/web3/currency/token/small/130-0x8f187aa05619a017077f5308904739877ce9ea21-105?v=1749148653707"
    },
    {
      "symbol": "CHZ",
      "logo": "https://static.oklink.com/cdn/web3/currency/token/large/1-0x3506424f91fd33084466f402d5d97f05f8e3b4af-106/type=default_90_0?v=1755446481411"
    },
    {
      "symbol": "FDUSD",
      "logo": "https://static.oklink.com/cdn/web3/currency/token/large/1-0xc5f0f7b66764f6ec8c8dff7ba683102295e16409-105/type=default_90_0?v=1755455609158"
    },
    {
      "symbol": "SSV",
      "logo": "https://static.oklink.com/cdn/web3/currency/token/large/1-0x9d65ff81a3c488d585bbfb0bfe3c7707c7917f54-106/type=default_90_0?v=1755446579990"
    },
    {
      "symbol": "MASK",
      "logo": "https://static.oklink.com/cdn/web3/currency/token/large/39797-0x746514e2c7d91e1e84c20c54d1f6f537b28a7d8e-106/type=default_90_0?v=1755447087536"
    },
    {
      "symbol": "ENJ",
      "logo": "https://static.oklink.com/cdn/web3/currency/token/large/1-0xf629cbd94d3791c9250152bd8dfbdf380e2a3b9c-106/type=default_90_0?v=1755446669553"
    },
    {
      "symbol": "CRV",
      "logo": "https://static.oklink.com/cdn/web3/currency/token/small/805-0xd533a949740bb3306d119cc777fa900ba034cd52-96?v=1749062309493"
    },
    {
      "symbol": "DOT",
      "logo": "https://static.oklink.com/cdn/web3/currency/token/large/56-0x7083609fce4d1d8dc0c979aab8c869ea2c873402-106/type=default_90_0?v=1755446776997"
    },
    {
      "symbol": "HFT",
      "logo": "https://static.oklink.com/cdn/web3/currency/token/large/1-0xb3999f658c0391d94a37f7ff328f3fec942bcadc-106/type=default_90_0?v=1755446591689"
    },
    {
      "symbol": "GRT",
      "logo": "https://static.oklink.com/cdn/web3/currency/token/small/397-c944e90c64b2c07662a292be6244bdf05cda44a7.factory.bridge.near-105?v=1749148683558"
    },
    {
      "symbol": "XRP",
      "logo": "https://static.oklink.com/cdn/web3/currency/token/144-null.png/type=default_350_0"
    },
    {
      "symbol": "UNIK",
      "logo": "https://static.oklink.com/cdn/web3/currency/token/66-0x59d226bb0a4d74274d4354ebb6a0e1a1aa5175b6-1.png/type=default_350_0?v=1732608101502"
    },
    {
      "symbol": "DASH",
      "logo": "https://static.coinall.ltd/cdn/wallet/logo/dash.png"
    },
    {
      "symbol": "ETC",
      "logo": "https://static.coinall.ltd/cdn/wallet/logo/ETC.png"
    },
    {
      "symbol": "xBTC",
      "logo": "https://static.oklink.com/cdn/web3/currency/token/large/501-CtzPWv73Sn1dMGVU3ZtLv9yWSyUAanBni19YWDaznnkn-108/type=default_90_0?v=1755443120832"
    },
    {
      "symbol": "TRXK",
      "logo": "https://static.coinall.ltd/cdn/wallet/logo/TRXK-0x00505505a7576d6734704fabb16f41924e3e384b.png"
    },
    {
      "symbol": "ETCK",
      "logo": "https://static.oklink.com/cdn/web3/currency/token/66-0x99970778e2715bbc9cf8fb83d10dcbc2d2d551a3-1.png/type=default_350_0?v=1732607680781"
    },
    {
      "symbol": "ARB",
      "logo": "https://static.oklink.com/cdn/web3/currency/token/small/810180-0xcb70533c9635060275f1a97539dda2e3f8bfac42-105?v=1749148892266"
    },
    {
      "symbol": "DOGE",
      "logo": "https://static.oklink.com/cdn/web3/currency/token/large/56-0xba2ae424d960c26247dd6c32edc70b295c744c43-106/type=default_90_0?v=1755446859408"
    },
    {
      "symbol": "MATIC",
      "logo": "https://static.oklink.com/cdn/web3/currency/token/small/137-0xa2036f0538221a77a3937f1379699f44945018d0-105?v=1749148614872"
    },
    {
      "symbol": "POL",
      "logo": "https://static.oklink.com/cdn/web3/currency/token/small/137-0xeeeeeeeeeeeeeeeeeeeeeeeeeeeeeeeeeeeeeeee-1?v=1739257179666"
    },
    {
      "symbol": "LTC",
      "logo": "https://static.oklink.com/cdn/web3/currency/token/small/70-0x13e93721dc992b3e14333dbdb48c0e7ec55431c3-105?v=1749148486855"
    },
    {
      "symbol": "OP",
      "logo": "https://static.coinall.ltd/cdn/wallet/logo/op_10000.png"
    },
    {
      "symbol": "ATOM",
      "logo": "https://static.coinall.ltd/cdn/wallet/logo/ATOM_12300.png"
    },
    {
      "symbol": "APT",
      "logo": "https://static.coinall.ltd/cdn/wallet/logo/APTOS.png"
    },
    {
      "symbol": "OKT",
      "logo": "https://static.coinall.ltd/cdn/wallet/logo/okt.png"
    },
    {
      "symbol": "DOTK",
      "logo": "https://static.oklink.com/cdn/web3/currency/token/66-0xabc732f6f69a519f6d508434481376b6221eb7d5-1.png/type=default_350_0?v=1732607644639"
    },
    {
      "symbol": "FILK",
      "logo": "https://static.oklink.com/cdn/web3/currency/token/66-0x3f8969be2fc0770dcc174968e4b4ff146e0acdaf-1.png/type=default_350_0?v=1732607733437"
    },
    {
      "symbol": "LINKK",
      "logo": "https://static.oklink.com/cdn/web3/currency/token/66-0xbeb67de6cc5af652b2d9b0235750ed70f5a2cb0d-1.png/type=default_350_0?v=1732607842529"
    },
    {
      "symbol": "LTCK",
      "logo": "https://static.oklink.com/cdn/web3/currency/token/66-0xfa520efc34c81bfc1e3dd48b7fe9ff326049f986-1.png/type=default_350_0?v=1732607891599"
    },
    {
      "symbol": "XRPK",
      "logo": "https://static.coinall.ltd/cdn/wallet/logo/XRPK-0xa715f624eb32c6c960b0e044b10cde585d5f5984.png"
    },
    {
      "symbol": "FTM",
      "logo": "https://static.coinall.ltd/cdn/wallet/logo/FTM-20220328.png"
    },
    {
      "symbol": "RON",
      "logo": "https://static.coinall.ltd/cdn/wallet/logo/ronin_11800.png"
    },
    {
      "symbol": "SCR",
      "logo": "https://static.oklink.com/cdn/web3/currency/token/large/534352-0xd29687c813d741e2f938f4ac377128810e217b1b-106/type=default_90_0?v=1755457252251"
    },
    {
      "symbol": "SOL",
      "logo": "https://static.oklink.com/cdn/web3/currency/token/501-11111111111111111111111111111111-1.png/type=default_350_0?v=1734571825920"
    },
    {
      "symbol": "BNSOL",
      "logo": "https://static.oklink.com/cdn/web3/currency/token/large/501-BNso1VUJnh4zcfpZa6986Ea66P6TCp59hvtNJ8b1X85-108/type=default_90_0?v=1755364228833"
    },
    {
      "symbol": "ZK",
      "logo": "https://static.oklink.com/cdn/web3/currency/token/large/324-0x5a7d6b2f92c77fad6ccabd7ee0624e64907eaf3e-106/type=default_90_0?v=1755453888132"
    },
    {
      "symbol": "TON",
      "logo": "https://static.coinall.ltd/cdn/web3/currency/token/1724828608458.png/type=png_350_0"
    },
    {
      "symbol": "MNT",
      "logo": "https://static.oklink.com/cdn/web3/currency/token/large/1-0x3c3a81e81dc49a522a592e7622a7e711c06bf354-106/type=default_90_0?v=1755448363172"
    },
    {
      "symbol": "USDE",
      "logo": "https://static.oklink.com/cdn/web3/currency/token/small/196-0x5d3a1ff2b6bab83b63cd9ad0787074081a52ef34-96?v=1749062858427"
    },
    {
      "symbol": "WBETH",
      "logo": "https://static.oklink.com/cdn/web3/currency/token/large/1-0xa2e3356610840701bdf5611a53974510ae27e2e1-106/type=default_90_0?v=1755448470673"
    },
    {
      "symbol": "SUI",
      "logo": "https://static.oklink.com/cdn/web3/currency/token/small/784-0x2::sui::SUI-1?v=1742304132417"
    },
    {
      "symbol": "BCH",
      "logo": "https://static.coinall.ltd/cdn/wallet/logo/BCH-20220328.png"
    },
    {
      "symbol": "PEPE",
      "logo": "https://static.oklink.com/cdn/web3/currency/token/large/1-0x6982508145454ce325ddbe47a25d4ec3d2311933-106/type=default_90_0?v=1755447738959"
    },
    {
      "symbol": "BTCB",
      "logo": "https://static.coinall.ltd/cdn/wallet/logo/BTCB-20220308.png"
    },
    {
      "symbol": "$WIF",
      "logo": "https://static.oklink.com/cdn/web3/currency/token/large/501-EKpQGSJtjMFqKZ9KQanSqYXRcF8fBopzLHYxdM65zcjm-108/type=default_90_0?v=1755347757655"
    },
    {
      "symbol": "BITLAYER_BTC",
      "logo": "https://static.coinall.ltd/cdn/wallet/logo/bitlayer_btc_25600.png"
    },
    {
      "symbol": "BOME",
      "logo": "https://static.oklink.com/cdn/web3/currency/token/large/501-ukHH6c7mMyiWCf1b9pnWe25TSpkDDt3H5pQZgZ74J82-108/type=default_90_0?v=1755351431480"
    },
    {
      "symbol": "STRK",
      "logo": "https://static.oklink.com/cdn/web3/currency/token/small/9004-0x04718f5a0fc34cc1af16a1cdee98ffb20c31f5cd61d6ab07201858f4287c938d-105?v=1749148896150"
    }
  ]
}