{
  "timestamp": "2025-08-18T08:34:27.083Z",
  "totalCEX": 11,
  "cexList": [
    {
      "cexTag": "Binance",
      "seoCexTag": "binance",
      "cexLogo": "https://static.oklink.com/cdn/explorer/logo/cex/binance.png",
      "symbolList": [
        {
          "symbol": "ETH",
          "value": 5372246.704190391,
          "usdValue": 22874008625.50471,
          "rate": -0.0036611084105553455
        },
        {
          "symbol": "USDC",
          "value": 9385605986.176725,
          "usdValue": 9384667457.694462,
          "rate": 0.014032781645926062
        },
        {
          "symbol": "BTC",
          "value": 647689.9311595296,
          "usdValue": 74679750135.5769,
          "rate": -0.0020308283313103595
        },
        {
          "symbol": "USDT",
          "value": 40051219240.52919,
          "usdValue": 40074883120.56735,
          "rate": 0.0009474023819895928
        }
      ],
      "totalValue": 188173899681.6248,
      "totalRate": -0.029587147292966725,
      "totalInflow": -86144527.5045566,
      "mainStream": 147013309339.3434,
      "mainStreamRate": -0.0194759626,
      "blockChainList": [
        {
          "chainIndex": "0",
          "blockChain": "BTC",
          "logo": "https://static.oklink.com/cdn/explorer/admin/1686558172927.png",
          "lightLogo": "https://static.oklink.com/cdn/assets/imgs/2312/FF3843272D00C1E7.png"
        },
        {
          "chainIndex": "1",
          "blockChain": "ETH",
          "logo": "https://static.oklink.com/cdn/web3/currency/token/1706800365851.png/type=png_350_0",
          "lightLogo": "https://static.oklink.com/cdn/assets/imgs/2312/BEC6A727AB2BFAB0.png"
        },
        {
          "chainIndex": "2",
          "blockChain": "LTC",
          "logo": "https://static.oklink.com/cdn/explorer/oklinkmanage/picture/ltc_logo.png",
          "lightLogo": "https://static.oklink.com/cdn/assets/imgs/2312/A85D30C877AC3B16.png"
        },
        {
          "chainIndex": "3",
          "blockChain": "DOGE",
          "logo": "https://static.oklink.com/cdn/explorer/admin/1696651121774.png/type=png_350_0",
          "lightLogo": "https://static.oklink.com/cdn/assets/imgs/2312/A51191E954E8CDB0.png"
        },
        {
          "chainIndex": "5",
          "blockChain": "DASH",
          "logo": "https://static.oklink.com/cdn/explorer/oklinkmanage/picture/dash_logo.png",
          "lightLogo": "https://static.oklink.com/cdn/assets/imgs/2312/617C512B1BFB94E3.png"
        },
        {
          "chainIndex": "10",
          "blockChain": "OPTIMISM",
          "logo": "https://static.oklink.com/cdn/explorer/admin/1686557806497.png",
          "lightLogo": "https://static.oklink.com/cdn/assets/imgs/2312/FEE088C8C0C85D41.png"
        },
        {
          "chainIndex": "56",
          "blockChain": "BSC",
          "logo": "https://static.coinall.ltd/cdn/web3/currency/token/1742545358366.png/type=default_350_0",
          "lightLogo": "https://static.oklink.com/cdn/assets/imgs/2312/C415878C9255068A.png"
        },
        {
          "chainIndex": "61",
          "blockChain": "ETC",
          "logo": "https://static.oklink.com/cdn/explorer/admin/1686558153814.png",
          "lightLogo": "https://static.oklink.com/cdn/assets/imgs/2312/6A72CFE7ED04A323.png"
        },
        {
          "chainIndex": "66",
          "blockChain": "OKEXCHAIN",
          "logo": "https://static.oklink.com/cdn/explorer/admin/1686558023497.png",
          "lightLogo": "https://static.oklink.com/cdn/assets/imgs/248/9C557DC56E54B38B.png"
        },
        {
          "chainIndex": "118",
          "blockChain": "COSMOS",
          "logo": "https://static.oklink.com/cdn/explorer/admin/1687836948833.png",
          "lightLogo": "https://static.oklink.com/cdn/assets/imgs/2312/3C3C8CFB6272F3F0.png"
        },
        {
          "chainIndex": "130",
          "blockChain": "UNI",
          "logo": "https://static.coinall.ltd/cdn/web3/currency/token/1739948756142.png/type=default_350_0",
          "lightLogo": "https://static.coinall.ltd/cdn/web3/oklinkadmin/picture/b70c0371-541f-4a91-8718-f823a0d7f22c.png"
        },
        {
          "chainIndex": "137",
          "blockChain": "POLYGON",
          "logo": "https://static.oklink.com/cdn/web3/currency/token/1697556067799.png/type=png_350_0",
          "lightLogo": "https://static.oklink.com/cdn/assets/imgs/2312/DE31DC421B88956E.png"
        },
        {
          "chainIndex": "144",
          "blockChain": "RIPPLE",
          "logo": "https://static.oklink.com/cdn/explorer/currency/token/xrp-xrp-null.png",
          "lightLogo": "https://static.oklink.com/cdn/assets/imgs/256/5C30885514F56CA7.jpeg"
        },
        {
          "chainIndex": "145",
          "blockChain": "BCH",
          "logo": "https://static.oklink.com/cdn/explorer/oklinkmanage/picture/bch_logo.png",
          "lightLogo": "https://static.oklink.com/cdn/assets/imgs/2312/458634273CBF4081.png"
        },
        {
          "chainIndex": "195",
          "blockChain": "TRON",
          "logo": "https://static.oklink.com/cdn/explorer/admin/1686557723420.png",
          "lightLogo": "https://static.oklink.com/cdn/assets/imgs/2312/BB50612641974EC8.png"
        },
        {
          "chainIndex": "196",
          "blockChain": "X1",
          "logo": "https://static.oklink.com/cdn/web3/currency/token/1711680841142.png/type=png_350_0",
          "lightLogo": "https://static.oklink.com/cdn/assets/imgs/248/DD53323FFE842449.png"
        },
        {
          "chainIndex": "250",
          "blockChain": "FTM",
          "logo": "https://static.oklink.com/cdn/explorer/admin/1686558053632.png",
          "lightLogo": "https://static.oklink.com/cdn/assets/imgs/2312/D32DA4DEFB3AE885.png"
        },
        {
          "chainIndex": "324",
          "blockChain": "ZKSYNC",
          "logo": "https://static.oklink.com/cdn/explorer/admin/1686558413916.png",
          "lightLogo": "https://static.oklink.com/cdn/assets/imgs/2312/FA6C98D597C2904F.png"
        },
        {
          "chainIndex": "501",
          "blockChain": "SOLANA",
          "logo": "https://static.coinall.ltd/cdn/web3/currency/token/1715241932682.png/type=png_350_0",
          "lightLogo": "https://static.oklink.com/cdn/assets/imgs/2312/4CB5F5AE4EFA977F.png"
        },
        {
          "chainIndex": "607",
          "blockChain": "TON",
          "logo": "https://static.oklink.com/cdn/explorer/currency/token/ton-ton-null.png",
          "lightLogo": "https://static.oklink.com/cdn/assets/imgs/253/7E701E24F03351F5.png"
        },
        {
          "chainIndex": "637",
          "blockChain": "APT",
          "logo": "https://static.oklink.com/cdn/explorer/oklinkmanage/picture/apt_logo.png",
          "lightLogo": "https://static.oklink.com/cdn/assets/imgs/2312/422AA0B18303B28D.png"
        },
        {
          "chainIndex": "784",
          "blockChain": "SUI",
          "logo": "https://static.coinall.ltd/cdn/web3/currency/token/1742539825819.png/type=default_350_0",
          "lightLogo": "https://static.oklink.com/cdn/assets/imgs/2312/BA776B7B6DB7757E.png"
        },
        {
          "chainIndex": "2020",
          "blockChain": "RONIN",
          "logo": "https://static.oklink.com/cdn/explorer/admin/1689678241466.png",
          "lightLogo": "https://static.oklink.com/cdn/assets/imgs/2312/28CE3AB56BAAD113.png"
        },
        {
          "chainIndex": "8453",
          "blockChain": "BASE",
          "logo": "https://static.coinall.ltd/cdn/web3/currency/token/1736766709807.png/type=default_350_0",
          "lightLogo": "https://static.oklink.com/cdn/assets/imgs/2312/E8725CEE33D29668.png"
        },
        {
          "chainIndex": "9004",
          "blockChain": "STARKNET",
          "logo": "https://static.oklink.com/cdn/explorer/admin/1692864443638.jpeg",
          "lightLogo": "https://static.oklink.com/cdn/assets/imgs/2312/72CB729F05E52423.png"
        },
        {
          "chainIndex": "42161",
          "blockChain": "ARBITRUM",
          "logo": "https://static.oklink.com/cdn/explorer/admin/1686557510911.png",
          "lightLogo": "https://static.oklink.com/cdn/assets/imgs/2312/ED446CC74F2B3AFF.png"
        },
        {
          "chainIndex": "43114",
          "blockChain": "AVAXC",
          "logo": "https://static.oklink.com/cdn/explorer/admin/1686558223199.png",
          "lightLogo": "https://static.oklink.com/cdn/assets/imgs/2312/708CF2DEB0D08361.png"
        },
        {
          "chainIndex": "59144",
          "blockChain": "LINEA",
          "logo": "https://static.oklink.com/cdn/explorer/admin/1689947710844.jpeg",
          "lightLogo": "https://static.oklink.com/cdn/assets/imgs/2312/F91DD1A03FFFE65C.png"
        },
        {
          "chainIndex": "200901",
          "blockChain": "BITLAYER",
          "logo": "https://static.coinall.ltd/cdn/web3/currency/token/1715345047885.png/type=png_350_0",
          "lightLogo": "https://static.oklink.com/cdn/assets/imgs/253/DD3D1A690E0E941C.png"
        },
        {
          "chainIndex": "534352",
          "blockChain": "SCROLL",
          "logo": "https://static.oklink.com/cdn/explorer/admin/1697027635993.png/type=png_350_0",
          "lightLogo": "https://static.oklink.com/cdn/assets/imgs/2312/5FEBBFE08EB72E81.png"
        }
      ]
    },
    {
      "cexTag": "OKX",
      "seoCexTag": "okx",
      "cexLogo": "https://static.oklink.com/cdn/explorer/logo/cex/okx.png",
      "symbolList": [
        {
          "symbol": "ETH",
          "value": 1754039.5687750482,
          "usdValue": 7468368535.01795,
          "rate": 0.004668107645157242
        },
        {
          "symbol": "USDC",
          "value": 1070139013.1322132,
          "usdValue": 1070031999.3425673,
          "rate": 0.008503107208924644
        },
        {
          "symbol": "USDT",
          "value": 9871748197.095505,
          "usdValue": 9879463154.549776,
          "rate": -0.010087430758474963
        },
        {
          "symbol": "BTC",
          "value": 115617.82252724923,
          "usdValue": 13330931487.69029,
          "rate": 0.0016624927989290768
        }
      ],
      "totalValue": 36042753926.32373,
      "totalRate": -0.02972117427664947,
      "totalInflow": -5928164.9131888645,
      "mainStream": 31748795176.600582,
      "mainStreamRate": -0.0228796173,
      "blockChainList": [
        {
          "chainIndex": "0",
          "blockChain": "BTC",
          "logo": "https://static.oklink.com/cdn/explorer/admin/1686558172927.png",
          "lightLogo": "https://static.oklink.com/cdn/assets/imgs/2312/FF3843272D00C1E7.png"
        },
        {
          "chainIndex": "1",
          "blockChain": "ETH",
          "logo": "https://static.oklink.com/cdn/web3/currency/token/1706800365851.png/type=png_350_0",
          "lightLogo": "https://static.oklink.com/cdn/assets/imgs/2312/BEC6A727AB2BFAB0.png"
        },
        {
          "chainIndex": "2",
          "blockChain": "LTC",
          "logo": "https://static.oklink.com/cdn/explorer/oklinkmanage/picture/ltc_logo.png",
          "lightLogo": "https://static.oklink.com/cdn/assets/imgs/2312/A85D30C877AC3B16.png"
        },
        {
          "chainIndex": "3",
          "blockChain": "DOGE",
          "logo": "https://static.oklink.com/cdn/explorer/admin/1696651121774.png/type=png_350_0",
          "lightLogo": "https://static.oklink.com/cdn/assets/imgs/2312/A51191E954E8CDB0.png"
        },
        {
          "chainIndex": "5",
          "blockChain": "DASH",
          "logo": "https://static.oklink.com/cdn/explorer/oklinkmanage/picture/dash_logo.png",
          "lightLogo": "https://static.oklink.com/cdn/assets/imgs/2312/617C512B1BFB94E3.png"
        },
        {
          "chainIndex": "10",
          "blockChain": "OPTIMISM",
          "logo": "https://static.oklink.com/cdn/explorer/admin/1686557806497.png",
          "lightLogo": "https://static.oklink.com/cdn/assets/imgs/2312/FEE088C8C0C85D41.png"
        },
        {
          "chainIndex": "56",
          "blockChain": "BSC",
          "logo": "https://static.coinall.ltd/cdn/web3/currency/token/1742545358366.png/type=default_350_0",
          "lightLogo": "https://static.oklink.com/cdn/assets/imgs/2312/C415878C9255068A.png"
        },
        {
          "chainIndex": "61",
          "blockChain": "ETC",
          "logo": "https://static.oklink.com/cdn/explorer/admin/1686558153814.png",
          "lightLogo": "https://static.oklink.com/cdn/assets/imgs/2312/6A72CFE7ED04A323.png"
        },
        {
          "chainIndex": "66",
          "blockChain": "OKEXCHAIN",
          "logo": "https://static.oklink.com/cdn/explorer/admin/1686558023497.png",
          "lightLogo": "https://static.oklink.com/cdn/assets/imgs/248/9C557DC56E54B38B.png"
        },
        {
          "chainIndex": "118",
          "blockChain": "COSMOS",
          "logo": "https://static.oklink.com/cdn/explorer/admin/1687836948833.png",
          "lightLogo": "https://static.oklink.com/cdn/assets/imgs/2312/3C3C8CFB6272F3F0.png"
        },
        {
          "chainIndex": "130",
          "blockChain": "UNI",
          "logo": "https://static.coinall.ltd/cdn/web3/currency/token/1739948756142.png/type=default_350_0",
          "lightLogo": "https://static.coinall.ltd/cdn/web3/oklinkadmin/picture/b70c0371-541f-4a91-8718-f823a0d7f22c.png"
        },
        {
          "chainIndex": "137",
          "blockChain": "POLYGON",
          "logo": "https://static.oklink.com/cdn/web3/currency/token/1697556067799.png/type=png_350_0",
          "lightLogo": "https://static.oklink.com/cdn/assets/imgs/2312/DE31DC421B88956E.png"
        },
        {
          "chainIndex": "144",
          "blockChain": "RIPPLE",
          "logo": "https://static.oklink.com/cdn/explorer/currency/token/xrp-xrp-null.png",
          "lightLogo": "https://static.oklink.com/cdn/assets/imgs/256/5C30885514F56CA7.jpeg"
        },
        {
          "chainIndex": "145",
          "blockChain": "BCH",
          "logo": "https://static.oklink.com/cdn/explorer/oklinkmanage/picture/bch_logo.png",
          "lightLogo": "https://static.oklink.com/cdn/assets/imgs/2312/458634273CBF4081.png"
        },
        {
          "chainIndex": "195",
          "blockChain": "TRON",
          "logo": "https://static.oklink.com/cdn/explorer/admin/1686557723420.png",
          "lightLogo": "https://static.oklink.com/cdn/assets/imgs/2312/BB50612641974EC8.png"
        },
        {
          "chainIndex": "196",
          "blockChain": "X1",
          "logo": "https://static.oklink.com/cdn/web3/currency/token/1711680841142.png/type=png_350_0",
          "lightLogo": "https://static.oklink.com/cdn/assets/imgs/248/DD53323FFE842449.png"
        },
        {
          "chainIndex": "250",
          "blockChain": "FTM",
          "logo": "https://static.oklink.com/cdn/explorer/admin/1686558053632.png",
          "lightLogo": "https://static.oklink.com/cdn/assets/imgs/2312/D32DA4DEFB3AE885.png"
        },
        {
          "chainIndex": "324",
          "blockChain": "ZKSYNC",
          "logo": "https://static.oklink.com/cdn/explorer/admin/1686558413916.png",
          "lightLogo": "https://static.oklink.com/cdn/assets/imgs/2312/FA6C98D597C2904F.png"
        },
        {
          "chainIndex": "501",
          "blockChain": "SOLANA",
          "logo": "https://static.coinall.ltd/cdn/web3/currency/token/1715241932682.png/type=png_350_0",
          "lightLogo": "https://static.oklink.com/cdn/assets/imgs/2312/4CB5F5AE4EFA977F.png"
        },
        {
          "chainIndex": "607",
          "blockChain": "TON",
          "logo": "https://static.oklink.com/cdn/explorer/currency/token/ton-ton-null.png",
          "lightLogo": "https://static.oklink.com/cdn/assets/imgs/253/7E701E24F03351F5.png"
        },
        {
          "chainIndex": "637",
          "blockChain": "APT",
          "logo": "https://static.oklink.com/cdn/explorer/oklinkmanage/picture/apt_logo.png",
          "lightLogo": "https://static.oklink.com/cdn/assets/imgs/2312/422AA0B18303B28D.png"
        },
        {
          "chainIndex": "784",
          "blockChain": "SUI",
          "logo": "https://static.coinall.ltd/cdn/web3/currency/token/1742539825819.png/type=default_350_0",
          "lightLogo": "https://static.oklink.com/cdn/assets/imgs/2312/BA776B7B6DB7757E.png"
        },
        {
          "chainIndex": "2020",
          "blockChain": "RONIN",
          "logo": "https://static.oklink.com/cdn/explorer/admin/1689678241466.png",
          "lightLogo": "https://static.oklink.com/cdn/assets/imgs/2312/28CE3AB56BAAD113.png"
        },
        {
          "chainIndex": "8453",
          "blockChain": "BASE",
          "logo": "https://static.coinall.ltd/cdn/web3/currency/token/1736766709807.png/type=default_350_0",
          "lightLogo": "https://static.oklink.com/cdn/assets/imgs/2312/E8725CEE33D29668.png"
        },
        {
          "chainIndex": "9004",
          "blockChain": "STARKNET",
          "logo": "https://static.oklink.com/cdn/explorer/admin/1692864443638.jpeg",
          "lightLogo": "https://static.oklink.com/cdn/assets/imgs/2312/72CB729F05E52423.png"
        },
        {
          "chainIndex": "42161",
          "blockChain": "ARBITRUM",
          "logo": "https://static.oklink.com/cdn/explorer/admin/1686557510911.png",
          "lightLogo": "https://static.oklink.com/cdn/assets/imgs/2312/ED446CC74F2B3AFF.png"
        },
        {
          "chainIndex": "43114",
          "blockChain": "AVAXC",
          "logo": "https://static.oklink.com/cdn/explorer/admin/1686558223199.png",
          "lightLogo": "https://static.oklink.com/cdn/assets/imgs/2312/708CF2DEB0D08361.png"
        },
        {
          "chainIndex": "59144",
          "blockChain": "LINEA",
          "logo": "https://static.oklink.com/cdn/explorer/admin/1689947710844.jpeg",
          "lightLogo": "https://static.oklink.com/cdn/assets/imgs/2312/F91DD1A03FFFE65C.png"
        },
        {
          "chainIndex": "200901",
          "blockChain": "BITLAYER",
          "logo": "https://static.coinall.ltd/cdn/web3/currency/token/1715345047885.png/type=png_350_0",
          "lightLogo": "https://static.oklink.com/cdn/assets/imgs/253/DD3D1A690E0E941C.png"
        },
        {
          "chainIndex": "534352",
          "blockChain": "SCROLL",
          "logo": "https://static.oklink.com/cdn/explorer/admin/1697027635993.png/type=png_350_0",
          "lightLogo": "https://static.oklink.com/cdn/assets/imgs/2312/5FEBBFE08EB72E81.png"
        },
        {
          "chainIndex": "70000040",
          "blockChain": "BEACON",
          "logo": "https://static.oklink.com/cdn/explorer/admin/1695787224152.png/type=png_350_0",
          "lightLogo": "https://static.oklink.com/cdn/assets/imgs/2312/7C67A8F0BA627958.png"
        }
      ]
    },
    {
      "cexTag": "Kraken",
      "seoCexTag": "kraken",
      "cexLogo": "https://static.oklink.com/cdn/assets/imgs/256/87ED7EE547DA8673.png",
      "symbolList": [
        {
          "symbol": "USDT",
          "value": 443673893.14919204,
          "usdValue": 443952637.0152074,
          "rate": 0.09672416999018128
        },
        {
          "symbol": "USDC",
          "value": 656196556.1631508,
          "usdValue": 656130936.5139092,
          "rate": -0.0042775742219911626
        },
        {
          "symbol": "BTC",
          "value": 153452.56410426003,
          "usdValue": 17693341510.58016,
          "rate": 0.008728208542858032
        },
        {
          "symbol": "ETH",
          "value": 1227024.7272353154,
          "usdValue": 5224438197.360668,
          "rate": 0.001329514925328175
        }
      ],
      "totalValue": 24976237601.395554,
      "totalRate": -0.02537603085650598,
      "totalInflow": 201396099.73583096,
      "mainStream": 24017863281.469944,
      "mainStreamRate": -0.0192163381,
      "blockChainList": [
        {
          "chainIndex": "0",
          "blockChain": "BTC",
          "logo": "https://static.oklink.com/cdn/explorer/admin/1686558172927.png",
          "lightLogo": "https://static.oklink.com/cdn/assets/imgs/2312/FF3843272D00C1E7.png"
        },
        {
          "chainIndex": "1",
          "blockChain": "ETH",
          "logo": "https://static.oklink.com/cdn/web3/currency/token/1706800365851.png/type=png_350_0",
          "lightLogo": "https://static.oklink.com/cdn/assets/imgs/2312/BEC6A727AB2BFAB0.png"
        },
        {
          "chainIndex": "3",
          "blockChain": "DOGE",
          "logo": "https://static.oklink.com/cdn/explorer/admin/1696651121774.png/type=png_350_0",
          "lightLogo": "https://static.oklink.com/cdn/assets/imgs/2312/A51191E954E8CDB0.png"
        },
        {
          "chainIndex": "5",
          "blockChain": "DASH",
          "logo": "https://static.oklink.com/cdn/explorer/oklinkmanage/picture/dash_logo.png",
          "lightLogo": "https://static.oklink.com/cdn/assets/imgs/2312/617C512B1BFB94E3.png"
        },
        {
          "chainIndex": "10",
          "blockChain": "OPTIMISM",
          "logo": "https://static.oklink.com/cdn/explorer/admin/1686557806497.png",
          "lightLogo": "https://static.oklink.com/cdn/assets/imgs/2312/FEE088C8C0C85D41.png"
        },
        {
          "chainIndex": "56",
          "blockChain": "BSC",
          "logo": "https://static.coinall.ltd/cdn/web3/currency/token/1742545358366.png/type=default_350_0",
          "lightLogo": "https://static.oklink.com/cdn/assets/imgs/2312/C415878C9255068A.png"
        },
        {
          "chainIndex": "61",
          "blockChain": "ETC",
          "logo": "https://static.oklink.com/cdn/explorer/admin/1686558153814.png",
          "lightLogo": "https://static.oklink.com/cdn/assets/imgs/2312/6A72CFE7ED04A323.png"
        },
        {
          "chainIndex": "66",
          "blockChain": "OKEXCHAIN",
          "logo": "https://static.oklink.com/cdn/explorer/admin/1686558023497.png",
          "lightLogo": "https://static.oklink.com/cdn/assets/imgs/248/9C557DC56E54B38B.png"
        },
        {
          "chainIndex": "118",
          "blockChain": "COSMOS",
          "logo": "https://static.oklink.com/cdn/explorer/admin/1687836948833.png",
          "lightLogo": "https://static.oklink.com/cdn/assets/imgs/2312/3C3C8CFB6272F3F0.png"
        },
        {
          "chainIndex": "130",
          "blockChain": "UNI",
          "logo": "https://static.coinall.ltd/cdn/web3/currency/token/1739948756142.png/type=default_350_0",
          "lightLogo": "https://static.coinall.ltd/cdn/web3/oklinkadmin/picture/b70c0371-541f-4a91-8718-f823a0d7f22c.png"
        },
        {
          "chainIndex": "137",
          "blockChain": "POLYGON",
          "logo": "https://static.oklink.com/cdn/web3/currency/token/1697556067799.png/type=png_350_0",
          "lightLogo": "https://static.oklink.com/cdn/assets/imgs/2312/DE31DC421B88956E.png"
        },
        {
          "chainIndex": "144",
          "blockChain": "RIPPLE",
          "logo": "https://static.oklink.com/cdn/explorer/currency/token/xrp-xrp-null.png",
          "lightLogo": "https://static.oklink.com/cdn/assets/imgs/256/5C30885514F56CA7.jpeg"
        },
        {
          "chainIndex": "145",
          "blockChain": "BCH",
          "logo": "https://static.oklink.com/cdn/explorer/oklinkmanage/picture/bch_logo.png",
          "lightLogo": "https://static.oklink.com/cdn/assets/imgs/2312/458634273CBF4081.png"
        },
        {
          "chainIndex": "195",
          "blockChain": "TRON",
          "logo": "https://static.oklink.com/cdn/explorer/admin/1686557723420.png",
          "lightLogo": "https://static.oklink.com/cdn/assets/imgs/2312/BB50612641974EC8.png"
        },
        {
          "chainIndex": "196",
          "blockChain": "X1",
          "logo": "https://static.oklink.com/cdn/web3/currency/token/1711680841142.png/type=png_350_0",
          "lightLogo": "https://static.oklink.com/cdn/assets/imgs/248/DD53323FFE842449.png"
        },
        {
          "chainIndex": "250",
          "blockChain": "FTM",
          "logo": "https://static.oklink.com/cdn/explorer/admin/1686558053632.png",
          "lightLogo": "https://static.oklink.com/cdn/assets/imgs/2312/D32DA4DEFB3AE885.png"
        },
        {
          "chainIndex": "324",
          "blockChain": "ZKSYNC",
          "logo": "https://static.oklink.com/cdn/explorer/admin/1686558413916.png",
          "lightLogo": "https://static.oklink.com/cdn/assets/imgs/2312/FA6C98D597C2904F.png"
        },
        {
          "chainIndex": "501",
          "blockChain": "SOLANA",
          "logo": "https://static.coinall.ltd/cdn/web3/currency/token/1715241932682.png/type=png_350_0",
          "lightLogo": "https://static.oklink.com/cdn/assets/imgs/2312/4CB5F5AE4EFA977F.png"
        },
        {
          "chainIndex": "607",
          "blockChain": "TON",
          "logo": "https://static.oklink.com/cdn/explorer/currency/token/ton-ton-null.png",
          "lightLogo": "https://static.oklink.com/cdn/assets/imgs/253/7E701E24F03351F5.png"
        },
        {
          "chainIndex": "637",
          "blockChain": "APT",
          "logo": "https://static.oklink.com/cdn/explorer/oklinkmanage/picture/apt_logo.png",
          "lightLogo": "https://static.oklink.com/cdn/assets/imgs/2312/422AA0B18303B28D.png"
        },
        {
          "chainIndex": "784",
          "blockChain": "SUI",
          "logo": "https://static.coinall.ltd/cdn/web3/currency/token/1742539825819.png/type=default_350_0",
          "lightLogo": "https://static.oklink.com/cdn/assets/imgs/2312/BA776B7B6DB7757E.png"
        },
        {
          "chainIndex": "2020",
          "blockChain": "RONIN",
          "logo": "https://static.oklink.com/cdn/explorer/admin/1689678241466.png",
          "lightLogo": "https://static.oklink.com/cdn/assets/imgs/2312/28CE3AB56BAAD113.png"
        },
        {
          "chainIndex": "8453",
          "blockChain": "BASE",
          "logo": "https://static.coinall.ltd/cdn/web3/currency/token/1736766709807.png/type=default_350_0",
          "lightLogo": "https://static.oklink.com/cdn/assets/imgs/2312/E8725CEE33D29668.png"
        },
        {
          "chainIndex": "9004",
          "blockChain": "STARKNET",
          "logo": "https://static.oklink.com/cdn/explorer/admin/1692864443638.jpeg",
          "lightLogo": "https://static.oklink.com/cdn/assets/imgs/2312/72CB729F05E52423.png"
        },
        {
          "chainIndex": "42161",
          "blockChain": "ARBITRUM",
          "logo": "https://static.oklink.com/cdn/explorer/admin/1686557510911.png",
          "lightLogo": "https://static.oklink.com/cdn/assets/imgs/2312/ED446CC74F2B3AFF.png"
        },
        {
          "chainIndex": "43114",
          "blockChain": "AVAXC",
          "logo": "https://static.oklink.com/cdn/explorer/admin/1686558223199.png",
          "lightLogo": "https://static.oklink.com/cdn/assets/imgs/2312/708CF2DEB0D08361.png"
        },
        {
          "chainIndex": "59144",
          "blockChain": "LINEA",
          "logo": "https://static.oklink.com/cdn/explorer/admin/1689947710844.jpeg",
          "lightLogo": "https://static.oklink.com/cdn/assets/imgs/2312/F91DD1A03FFFE65C.png"
        },
        {
          "chainIndex": "200901",
          "blockChain": "BITLAYER",
          "logo": "https://static.coinall.ltd/cdn/web3/currency/token/1715345047885.png/type=png_350_0",
          "lightLogo": "https://static.oklink.com/cdn/assets/imgs/253/DD3D1A690E0E941C.png"
        },
        {
          "chainIndex": "534352",
          "blockChain": "SCROLL",
          "logo": "https://static.oklink.com/cdn/explorer/admin/1697027635993.png/type=png_350_0",
          "lightLogo": "https://static.oklink.com/cdn/assets/imgs/2312/5FEBBFE08EB72E81.png"
        },
        {
          "chainIndex": "70000040",
          "blockChain": "BEACON",
          "logo": "https://static.oklink.com/cdn/explorer/admin/1695787224152.png/type=png_350_0",
          "lightLogo": "https://static.oklink.com/cdn/assets/imgs/2312/7C67A8F0BA627958.png"
        }
      ]
    },
    {
      "cexTag": "Bitfinex",
      "seoCexTag": "bitfinex",
      "cexLogo": "https://static.oklink.com/cdn/explorer/logo/cex/bitfinex.png",
      "symbolList": [
        {
          "symbol": "BTC",
          "value": 162464.20608106998,
          "usdValue": 18732399150.297707,
          "rate": -0.00036636733857368714
        },
        {
          "symbol": "ETH",
          "value": 349835.67701859766,
          "usdValue": 1489533847.3493333,
          "rate": 0.0045478285461804805
        },
        {
          "symbol": "USDT",
          "value": 553924850.7089498,
          "usdValue": 554246334.475435,
          "rate": 0.4487927116296277
        },
        {
          "symbol": "USDC",
          "value": 34147038.6896966,
          "usdValue": 34143623.9897285,
          "rate": 0.04129985592006392
        }
      ],
      "totalValue": 21333688902.59745,
      "totalRate": -0.02102973014104891,
      "totalInflow": -34751052.53849148,
      "mainStream": 20810322956.112206,
      "mainStreamRate": -0.0163489995,
      "blockChainList": [
        {
          "chainIndex": "0",
          "blockChain": "BTC",
          "logo": "https://static.oklink.com/cdn/explorer/admin/1686558172927.png",
          "lightLogo": "https://static.oklink.com/cdn/assets/imgs/2312/FF3843272D00C1E7.png"
        },
        {
          "chainIndex": "1",
          "blockChain": "ETH",
          "logo": "https://static.oklink.com/cdn/web3/currency/token/1706800365851.png/type=png_350_0",
          "lightLogo": "https://static.oklink.com/cdn/assets/imgs/2312/BEC6A727AB2BFAB0.png"
        },
        {
          "chainIndex": "2",
          "blockChain": "LTC",
          "logo": "https://static.oklink.com/cdn/explorer/oklinkmanage/picture/ltc_logo.png",
          "lightLogo": "https://static.oklink.com/cdn/assets/imgs/2312/A85D30C877AC3B16.png"
        },
        {
          "chainIndex": "5",
          "blockChain": "DASH",
          "logo": "https://static.oklink.com/cdn/explorer/oklinkmanage/picture/dash_logo.png",
          "lightLogo": "https://static.oklink.com/cdn/assets/imgs/2312/617C512B1BFB94E3.png"
        },
        {
          "chainIndex": "10",
          "blockChain": "OPTIMISM",
          "logo": "https://static.oklink.com/cdn/explorer/admin/1686557806497.png",
          "lightLogo": "https://static.oklink.com/cdn/assets/imgs/2312/FEE088C8C0C85D41.png"
        },
        {
          "chainIndex": "56",
          "blockChain": "BSC",
          "logo": "https://static.coinall.ltd/cdn/web3/currency/token/1742545358366.png/type=default_350_0",
          "lightLogo": "https://static.oklink.com/cdn/assets/imgs/2312/C415878C9255068A.png"
        },
        {
          "chainIndex": "61",
          "blockChain": "ETC",
          "logo": "https://static.oklink.com/cdn/explorer/admin/1686558153814.png",
          "lightLogo": "https://static.oklink.com/cdn/assets/imgs/2312/6A72CFE7ED04A323.png"
        },
        {
          "chainIndex": "66",
          "blockChain": "OKEXCHAIN",
          "logo": "https://static.oklink.com/cdn/explorer/admin/1686558023497.png",
          "lightLogo": "https://static.oklink.com/cdn/assets/imgs/248/9C557DC56E54B38B.png"
        },
        {
          "chainIndex": "118",
          "blockChain": "COSMOS",
          "logo": "https://static.oklink.com/cdn/explorer/admin/1687836948833.png",
          "lightLogo": "https://static.oklink.com/cdn/assets/imgs/2312/3C3C8CFB6272F3F0.png"
        },
        {
          "chainIndex": "137",
          "blockChain": "POLYGON",
          "logo": "https://static.oklink.com/cdn/web3/currency/token/1697556067799.png/type=png_350_0",
          "lightLogo": "https://static.oklink.com/cdn/assets/imgs/2312/DE31DC421B88956E.png"
        },
        {
          "chainIndex": "144",
          "blockChain": "RIPPLE",
          "logo": "https://static.oklink.com/cdn/explorer/currency/token/xrp-xrp-null.png",
          "lightLogo": "https://static.oklink.com/cdn/assets/imgs/256/5C30885514F56CA7.jpeg"
        },
        {
          "chainIndex": "145",
          "blockChain": "BCH",
          "logo": "https://static.oklink.com/cdn/explorer/oklinkmanage/picture/bch_logo.png",
          "lightLogo": "https://static.oklink.com/cdn/assets/imgs/2312/458634273CBF4081.png"
        },
        {
          "chainIndex": "195",
          "blockChain": "TRON",
          "logo": "https://static.oklink.com/cdn/explorer/admin/1686557723420.png",
          "lightLogo": "https://static.oklink.com/cdn/assets/imgs/2312/BB50612641974EC8.png"
        },
        {
          "chainIndex": "196",
          "blockChain": "X1",
          "logo": "https://static.oklink.com/cdn/web3/currency/token/1711680841142.png/type=png_350_0",
          "lightLogo": "https://static.oklink.com/cdn/assets/imgs/248/DD53323FFE842449.png"
        },
        {
          "chainIndex": "250",
          "blockChain": "FTM",
          "logo": "https://static.oklink.com/cdn/explorer/admin/1686558053632.png",
          "lightLogo": "https://static.oklink.com/cdn/assets/imgs/2312/D32DA4DEFB3AE885.png"
        },
        {
          "chainIndex": "324",
          "blockChain": "ZKSYNC",
          "logo": "https://static.oklink.com/cdn/explorer/admin/1686558413916.png",
          "lightLogo": "https://static.oklink.com/cdn/assets/imgs/2312/FA6C98D597C2904F.png"
        },
        {
          "chainIndex": "501",
          "blockChain": "SOLANA",
          "logo": "https://static.coinall.ltd/cdn/web3/currency/token/1715241932682.png/type=png_350_0",
          "lightLogo": "https://static.oklink.com/cdn/assets/imgs/2312/4CB5F5AE4EFA977F.png"
        },
        {
          "chainIndex": "607",
          "blockChain": "TON",
          "logo": "https://static.oklink.com/cdn/explorer/currency/token/ton-ton-null.png",
          "lightLogo": "https://static.oklink.com/cdn/assets/imgs/253/7E701E24F03351F5.png"
        },
        {
          "chainIndex": "637",
          "blockChain": "APT",
          "logo": "https://static.oklink.com/cdn/explorer/oklinkmanage/picture/apt_logo.png",
          "lightLogo": "https://static.oklink.com/cdn/assets/imgs/2312/422AA0B18303B28D.png"
        },
        {
          "chainIndex": "784",
          "blockChain": "SUI",
          "logo": "https://static.coinall.ltd/cdn/web3/currency/token/1742539825819.png/type=default_350_0",
          "lightLogo": "https://static.oklink.com/cdn/assets/imgs/2312/BA776B7B6DB7757E.png"
        },
        {
          "chainIndex": "2020",
          "blockChain": "RONIN",
          "logo": "https://static.oklink.com/cdn/explorer/admin/1689678241466.png",
          "lightLogo": "https://static.oklink.com/cdn/assets/imgs/2312/28CE3AB56BAAD113.png"
        },
        {
          "chainIndex": "8453",
          "blockChain": "BASE",
          "logo": "https://static.coinall.ltd/cdn/web3/currency/token/1736766709807.png/type=default_350_0",
          "lightLogo": "https://static.oklink.com/cdn/assets/imgs/2312/E8725CEE33D29668.png"
        },
        {
          "chainIndex": "42161",
          "blockChain": "ARBITRUM",
          "logo": "https://static.oklink.com/cdn/explorer/admin/1686557510911.png",
          "lightLogo": "https://static.oklink.com/cdn/assets/imgs/2312/ED446CC74F2B3AFF.png"
        },
        {
          "chainIndex": "43114",
          "blockChain": "AVAXC",
          "logo": "https://static.oklink.com/cdn/explorer/admin/1686558223199.png",
          "lightLogo": "https://static.oklink.com/cdn/assets/imgs/2312/708CF2DEB0D08361.png"
        },
        {
          "chainIndex": "59144",
          "blockChain": "LINEA",
          "logo": "https://static.oklink.com/cdn/explorer/admin/1689947710844.jpeg",
          "lightLogo": "https://static.oklink.com/cdn/assets/imgs/2312/F91DD1A03FFFE65C.png"
        },
        {
          "chainIndex": "200901",
          "blockChain": "BITLAYER",
          "logo": "https://static.coinall.ltd/cdn/web3/currency/token/1715345047885.png/type=png_350_0",
          "lightLogo": "https://static.oklink.com/cdn/assets/imgs/253/DD3D1A690E0E941C.png"
        },
        {
          "chainIndex": "534352",
          "blockChain": "SCROLL",
          "logo": "https://static.oklink.com/cdn/explorer/admin/1697027635993.png/type=png_350_0",
          "lightLogo": "https://static.oklink.com/cdn/assets/imgs/2312/5FEBBFE08EB72E81.png"
        }
      ]
    },
    {
      "cexTag": "Bybit",
      "seoCexTag": "bybit",
      "cexLogo": "https://static.oklink.com/cdn/explorer/logo/cex/bybit.png",
      "symbolList": [
        {
          "symbol": "USDT",
          "value": 4651187022.345834,
          "usdValue": 4653905824.134144,
          "rate": 0.07427273205398217
        },
        {
          "symbol": "USDC",
          "value": 549214162.9396157,
          "usdValue": 549159241.907621,
          "rate": 0.15278784901069697
        },
        {
          "symbol": "ETH",
          "value": 580848.1794275742,
          "usdValue": 2473155689.653974,
          "rate": 0.027228679497694315
        },
        {
          "symbol": "BTC",
          "value": 67085.05967984047,
          "usdValue": 7735021425.687017,
          "rate": 0.1027805329210087
        }
      ],
      "totalValue": 20348475222.09017,
      "totalRate": 0.025097609688804916,
      "totalInflow": -19250608.596986987,
      "mainStream": 15411242181.382755,
      "mainStreamRate": 0.0595479936,
      "blockChainList": [
        {
          "chainIndex": "0",
          "blockChain": "BTC",
          "logo": "https://static.oklink.com/cdn/explorer/admin/1686558172927.png",
          "lightLogo": "https://static.oklink.com/cdn/assets/imgs/2312/FF3843272D00C1E7.png"
        },
        {
          "chainIndex": "1",
          "blockChain": "ETH",
          "logo": "https://static.oklink.com/cdn/web3/currency/token/1706800365851.png/type=png_350_0",
          "lightLogo": "https://static.oklink.com/cdn/assets/imgs/2312/BEC6A727AB2BFAB0.png"
        },
        {
          "chainIndex": "2",
          "blockChain": "LTC",
          "logo": "https://static.oklink.com/cdn/explorer/oklinkmanage/picture/ltc_logo.png",
          "lightLogo": "https://static.oklink.com/cdn/assets/imgs/2312/A85D30C877AC3B16.png"
        },
        {
          "chainIndex": "3",
          "blockChain": "DOGE",
          "logo": "https://static.oklink.com/cdn/explorer/admin/1696651121774.png/type=png_350_0",
          "lightLogo": "https://static.oklink.com/cdn/assets/imgs/2312/A51191E954E8CDB0.png"
        },
        {
          "chainIndex": "10",
          "blockChain": "OPTIMISM",
          "logo": "https://static.oklink.com/cdn/explorer/admin/1686557806497.png",
          "lightLogo": "https://static.oklink.com/cdn/assets/imgs/2312/FEE088C8C0C85D41.png"
        },
        {
          "chainIndex": "56",
          "blockChain": "BSC",
          "logo": "https://static.coinall.ltd/cdn/web3/currency/token/1742545358366.png/type=default_350_0",
          "lightLogo": "https://static.oklink.com/cdn/assets/imgs/2312/C415878C9255068A.png"
        },
        {
          "chainIndex": "61",
          "blockChain": "ETC",
          "logo": "https://static.oklink.com/cdn/explorer/admin/1686558153814.png",
          "lightLogo": "https://static.oklink.com/cdn/assets/imgs/2312/6A72CFE7ED04A323.png"
        },
        {
          "chainIndex": "66",
          "blockChain": "OKEXCHAIN",
          "logo": "https://static.oklink.com/cdn/explorer/admin/1686558023497.png",
          "lightLogo": "https://static.oklink.com/cdn/assets/imgs/248/9C557DC56E54B38B.png"
        },
        {
          "chainIndex": "118",
          "blockChain": "COSMOS",
          "logo": "https://static.oklink.com/cdn/explorer/admin/1687836948833.png",
          "lightLogo": "https://static.oklink.com/cdn/assets/imgs/2312/3C3C8CFB6272F3F0.png"
        },
        {
          "chainIndex": "130",
          "blockChain": "UNI",
          "logo": "https://static.coinall.ltd/cdn/web3/currency/token/1739948756142.png/type=default_350_0",
          "lightLogo": "https://static.coinall.ltd/cdn/web3/oklinkadmin/picture/b70c0371-541f-4a91-8718-f823a0d7f22c.png"
        },
        {
          "chainIndex": "137",
          "blockChain": "POLYGON",
          "logo": "https://static.oklink.com/cdn/web3/currency/token/1697556067799.png/type=png_350_0",
          "lightLogo": "https://static.oklink.com/cdn/assets/imgs/2312/DE31DC421B88956E.png"
        },
        {
          "chainIndex": "144",
          "blockChain": "RIPPLE",
          "logo": "https://static.oklink.com/cdn/explorer/currency/token/xrp-xrp-null.png",
          "lightLogo": "https://static.oklink.com/cdn/assets/imgs/256/5C30885514F56CA7.jpeg"
        },
        {
          "chainIndex": "145",
          "blockChain": "BCH",
          "logo": "https://static.oklink.com/cdn/explorer/oklinkmanage/picture/bch_logo.png",
          "lightLogo": "https://static.oklink.com/cdn/assets/imgs/2312/458634273CBF4081.png"
        },
        {
          "chainIndex": "195",
          "blockChain": "TRON",
          "logo": "https://static.oklink.com/cdn/explorer/admin/1686557723420.png",
          "lightLogo": "https://static.oklink.com/cdn/assets/imgs/2312/BB50612641974EC8.png"
        },
        {
          "chainIndex": "196",
          "blockChain": "X1",
          "logo": "https://static.oklink.com/cdn/web3/currency/token/1711680841142.png/type=png_350_0",
          "lightLogo": "https://static.oklink.com/cdn/assets/imgs/248/DD53323FFE842449.png"
        },
        {
          "chainIndex": "250",
          "blockChain": "FTM",
          "logo": "https://static.oklink.com/cdn/explorer/admin/1686558053632.png",
          "lightLogo": "https://static.oklink.com/cdn/assets/imgs/2312/D32DA4DEFB3AE885.png"
        },
        {
          "chainIndex": "324",
          "blockChain": "ZKSYNC",
          "logo": "https://static.oklink.com/cdn/explorer/admin/1686558413916.png",
          "lightLogo": "https://static.oklink.com/cdn/assets/imgs/2312/FA6C98D597C2904F.png"
        },
        {
          "chainIndex": "501",
          "blockChain": "SOLANA",
          "logo": "https://static.coinall.ltd/cdn/web3/currency/token/1715241932682.png/type=png_350_0",
          "lightLogo": "https://static.oklink.com/cdn/assets/imgs/2312/4CB5F5AE4EFA977F.png"
        },
        {
          "chainIndex": "607",
          "blockChain": "TON",
          "logo": "https://static.oklink.com/cdn/explorer/currency/token/ton-ton-null.png",
          "lightLogo": "https://static.oklink.com/cdn/assets/imgs/253/7E701E24F03351F5.png"
        },
        {
          "chainIndex": "637",
          "blockChain": "APT",
          "logo": "https://static.oklink.com/cdn/explorer/oklinkmanage/picture/apt_logo.png",
          "lightLogo": "https://static.oklink.com/cdn/assets/imgs/2312/422AA0B18303B28D.png"
        },
        {
          "chainIndex": "784",
          "blockChain": "SUI",
          "logo": "https://static.coinall.ltd/cdn/web3/currency/token/1742539825819.png/type=default_350_0",
          "lightLogo": "https://static.oklink.com/cdn/assets/imgs/2312/BA776B7B6DB7757E.png"
        },
        {
          "chainIndex": "2020",
          "blockChain": "RONIN",
          "logo": "https://static.oklink.com/cdn/explorer/admin/1689678241466.png",
          "lightLogo": "https://static.oklink.com/cdn/assets/imgs/2312/28CE3AB56BAAD113.png"
        },
        {
          "chainIndex": "8453",
          "blockChain": "BASE",
          "logo": "https://static.coinall.ltd/cdn/web3/currency/token/1736766709807.png/type=default_350_0",
          "lightLogo": "https://static.oklink.com/cdn/assets/imgs/2312/E8725CEE33D29668.png"
        },
        {
          "chainIndex": "9004",
          "blockChain": "STARKNET",
          "logo": "https://static.oklink.com/cdn/explorer/admin/1692864443638.jpeg",
          "lightLogo": "https://static.oklink.com/cdn/assets/imgs/2312/72CB729F05E52423.png"
        },
        {
          "chainIndex": "42161",
          "blockChain": "ARBITRUM",
          "logo": "https://static.oklink.com/cdn/explorer/admin/1686557510911.png",
          "lightLogo": "https://static.oklink.com/cdn/assets/imgs/2312/ED446CC74F2B3AFF.png"
        },
        {
          "chainIndex": "43114",
          "blockChain": "AVAXC",
          "logo": "https://static.oklink.com/cdn/explorer/admin/1686558223199.png",
          "lightLogo": "https://static.oklink.com/cdn/assets/imgs/2312/708CF2DEB0D08361.png"
        },
        {
          "chainIndex": "59144",
          "blockChain": "LINEA",
          "logo": "https://static.oklink.com/cdn/explorer/admin/1689947710844.jpeg",
          "lightLogo": "https://static.oklink.com/cdn/assets/imgs/2312/F91DD1A03FFFE65C.png"
        },
        {
          "chainIndex": "200901",
          "blockChain": "BITLAYER",
          "logo": "https://static.coinall.ltd/cdn/web3/currency/token/1715345047885.png/type=png_350_0",
          "lightLogo": "https://static.oklink.com/cdn/assets/imgs/253/DD3D1A690E0E941C.png"
        },
        {
          "chainIndex": "534352",
          "blockChain": "SCROLL",
          "logo": "https://static.oklink.com/cdn/explorer/admin/1697027635993.png/type=png_350_0",
          "lightLogo": "https://static.oklink.com/cdn/assets/imgs/2312/5FEBBFE08EB72E81.png"
        }
      ]
    },
    {
      "cexTag": "Crypto.com",
      "seoCexTag": "crypto-com",
      "cexLogo": "https://static.oklink.com/cdn/explorer/logo/cex/crypto.com.png",
      "symbolList": [
        {
          "symbol": "USDC",
          "value": 430771264.0284692,
          "usdValue": 430728187.2097524,
          "rate": 0.04154056687842707
        },
        {
          "symbol": "USDT",
          "value": 210113075.55975777,
          "usdValue": 210239547.02221945,
          "rate": 0.009454762115465584
        },
        {
          "symbol": "BTC",
          "value": 25155.769610109997,
          "usdValue": 2900503000.85402,
          "rate": 0.010091206056383844
        },
        {
          "symbol": "ETH",
          "value": 253796.99842906842,
          "usdValue": 1080622640.019755,
          "rate": -0.0018553120875786195
        }
      ],
      "totalValue": 5991487707.815651,
      "totalRate": -0.027161244037576422,
      "totalInflow": 57117023.132823266,
      "mainStream": 4622093375.105747,
      "mainStreamRate": -0.0149930839,
      "blockChainList": [
        {
          "chainIndex": "0",
          "blockChain": "BTC",
          "logo": "https://static.oklink.com/cdn/explorer/admin/1686558172927.png",
          "lightLogo": "https://static.oklink.com/cdn/assets/imgs/2312/FF3843272D00C1E7.png"
        },
        {
          "chainIndex": "1",
          "blockChain": "ETH",
          "logo": "https://static.oklink.com/cdn/web3/currency/token/1706800365851.png/type=png_350_0",
          "lightLogo": "https://static.oklink.com/cdn/assets/imgs/2312/BEC6A727AB2BFAB0.png"
        },
        {
          "chainIndex": "2",
          "blockChain": "LTC",
          "logo": "https://static.oklink.com/cdn/explorer/oklinkmanage/picture/ltc_logo.png",
          "lightLogo": "https://static.oklink.com/cdn/assets/imgs/2312/A85D30C877AC3B16.png"
        },
        {
          "chainIndex": "3",
          "blockChain": "DOGE",
          "logo": "https://static.oklink.com/cdn/explorer/admin/1696651121774.png/type=png_350_0",
          "lightLogo": "https://static.oklink.com/cdn/assets/imgs/2312/A51191E954E8CDB0.png"
        },
        {
          "chainIndex": "10",
          "blockChain": "OPTIMISM",
          "logo": "https://static.oklink.com/cdn/explorer/admin/1686557806497.png",
          "lightLogo": "https://static.oklink.com/cdn/assets/imgs/2312/FEE088C8C0C85D41.png"
        },
        {
          "chainIndex": "56",
          "blockChain": "BSC",
          "logo": "https://static.coinall.ltd/cdn/web3/currency/token/1742545358366.png/type=default_350_0",
          "lightLogo": "https://static.oklink.com/cdn/assets/imgs/2312/C415878C9255068A.png"
        },
        {
          "chainIndex": "61",
          "blockChain": "ETC",
          "logo": "https://static.oklink.com/cdn/explorer/admin/1686558153814.png",
          "lightLogo": "https://static.oklink.com/cdn/assets/imgs/2312/6A72CFE7ED04A323.png"
        },
        {
          "chainIndex": "66",
          "blockChain": "OKEXCHAIN",
          "logo": "https://static.oklink.com/cdn/explorer/admin/1686558023497.png",
          "lightLogo": "https://static.oklink.com/cdn/assets/imgs/248/9C557DC56E54B38B.png"
        },
        {
          "chainIndex": "118",
          "blockChain": "COSMOS",
          "logo": "https://static.oklink.com/cdn/explorer/admin/1687836948833.png",
          "lightLogo": "https://static.oklink.com/cdn/assets/imgs/2312/3C3C8CFB6272F3F0.png"
        },
        {
          "chainIndex": "130",
          "blockChain": "UNI",
          "logo": "https://static.coinall.ltd/cdn/web3/currency/token/1739948756142.png/type=default_350_0",
          "lightLogo": "https://static.coinall.ltd/cdn/web3/oklinkadmin/picture/b70c0371-541f-4a91-8718-f823a0d7f22c.png"
        },
        {
          "chainIndex": "137",
          "blockChain": "POLYGON",
          "logo": "https://static.oklink.com/cdn/web3/currency/token/1697556067799.png/type=png_350_0",
          "lightLogo": "https://static.oklink.com/cdn/assets/imgs/2312/DE31DC421B88956E.png"
        },
        {
          "chainIndex": "144",
          "blockChain": "RIPPLE",
          "logo": "https://static.oklink.com/cdn/explorer/currency/token/xrp-xrp-null.png",
          "lightLogo": "https://static.oklink.com/cdn/assets/imgs/256/5C30885514F56CA7.jpeg"
        },
        {
          "chainIndex": "145",
          "blockChain": "BCH",
          "logo": "https://static.oklink.com/cdn/explorer/oklinkmanage/picture/bch_logo.png",
          "lightLogo": "https://static.oklink.com/cdn/assets/imgs/2312/458634273CBF4081.png"
        },
        {
          "chainIndex": "196",
          "blockChain": "X1",
          "logo": "https://static.oklink.com/cdn/web3/currency/token/1711680841142.png/type=png_350_0",
          "lightLogo": "https://static.oklink.com/cdn/assets/imgs/248/DD53323FFE842449.png"
        },
        {
          "chainIndex": "250",
          "blockChain": "FTM",
          "logo": "https://static.oklink.com/cdn/explorer/admin/1686558053632.png",
          "lightLogo": "https://static.oklink.com/cdn/assets/imgs/2312/D32DA4DEFB3AE885.png"
        },
        {
          "chainIndex": "324",
          "blockChain": "ZKSYNC",
          "logo": "https://static.oklink.com/cdn/explorer/admin/1686558413916.png",
          "lightLogo": "https://static.oklink.com/cdn/assets/imgs/2312/FA6C98D597C2904F.png"
        },
        {
          "chainIndex": "501",
          "blockChain": "SOLANA",
          "logo": "https://static.coinall.ltd/cdn/web3/currency/token/1715241932682.png/type=png_350_0",
          "lightLogo": "https://static.oklink.com/cdn/assets/imgs/2312/4CB5F5AE4EFA977F.png"
        },
        {
          "chainIndex": "607",
          "blockChain": "TON",
          "logo": "https://static.oklink.com/cdn/explorer/currency/token/ton-ton-null.png",
          "lightLogo": "https://static.oklink.com/cdn/assets/imgs/253/7E701E24F03351F5.png"
        },
        {
          "chainIndex": "637",
          "blockChain": "APT",
          "logo": "https://static.oklink.com/cdn/explorer/oklinkmanage/picture/apt_logo.png",
          "lightLogo": "https://static.oklink.com/cdn/assets/imgs/2312/422AA0B18303B28D.png"
        },
        {
          "chainIndex": "784",
          "blockChain": "SUI",
          "logo": "https://static.coinall.ltd/cdn/web3/currency/token/1742539825819.png/type=default_350_0",
          "lightLogo": "https://static.oklink.com/cdn/assets/imgs/2312/BA776B7B6DB7757E.png"
        },
        {
          "chainIndex": "2020",
          "blockChain": "RONIN",
          "logo": "https://static.oklink.com/cdn/explorer/admin/1689678241466.png",
          "lightLogo": "https://static.oklink.com/cdn/assets/imgs/2312/28CE3AB56BAAD113.png"
        },
        {
          "chainIndex": "8453",
          "blockChain": "BASE",
          "logo": "https://static.coinall.ltd/cdn/web3/currency/token/1736766709807.png/type=default_350_0",
          "lightLogo": "https://static.oklink.com/cdn/assets/imgs/2312/E8725CEE33D29668.png"
        },
        {
          "chainIndex": "9004",
          "blockChain": "STARKNET",
          "logo": "https://static.oklink.com/cdn/explorer/admin/1692864443638.jpeg",
          "lightLogo": "https://static.oklink.com/cdn/assets/imgs/2312/72CB729F05E52423.png"
        },
        {
          "chainIndex": "42161",
          "blockChain": "ARBITRUM",
          "logo": "https://static.oklink.com/cdn/explorer/admin/1686557510911.png",
          "lightLogo": "https://static.oklink.com/cdn/assets/imgs/2312/ED446CC74F2B3AFF.png"
        },
        {
          "chainIndex": "43114",
          "blockChain": "AVAXC",
          "logo": "https://static.oklink.com/cdn/explorer/admin/1686558223199.png",
          "lightLogo": "https://static.oklink.com/cdn/assets/imgs/2312/708CF2DEB0D08361.png"
        },
        {
          "chainIndex": "59144",
          "blockChain": "LINEA",
          "logo": "https://static.oklink.com/cdn/explorer/admin/1689947710844.jpeg",
          "lightLogo": "https://static.oklink.com/cdn/assets/imgs/2312/F91DD1A03FFFE65C.png"
        },
        {
          "chainIndex": "534352",
          "blockChain": "SCROLL",
          "logo": "https://static.oklink.com/cdn/explorer/admin/1697027635993.png/type=png_350_0",
          "lightLogo": "https://static.oklink.com/cdn/assets/imgs/2312/5FEBBFE08EB72E81.png"
        },
        {
          "chainIndex": "70000040",
          "blockChain": "BEACON",
          "logo": "https://static.oklink.com/cdn/explorer/admin/1695787224152.png/type=png_350_0",
          "lightLogo": "https://static.oklink.com/cdn/assets/imgs/2312/7C67A8F0BA627958.png"
        }
      ]
    },
    {
      "cexTag": "Bitget",
      "seoCexTag": "bitget",
      "cexLogo": "https://static.oklink.com/cdn/assets/imgs/2312/2B61D75C2B0859C4.jpeg",
      "symbolList": [
        {
          "symbol": "ETH",
          "value": 291763.78358730476,
          "usdValue": 1242277947.7109985,
          "rate": 0.004256006089780044
        },
        {
          "symbol": "BTC",
          "value": 14605.90538722,
          "usdValue": 1684085721.1856241,
          "rate": 0.005443701915368529
        },
        {
          "symbol": "USDT",
          "value": 1410372551.964868,
          "usdValue": 1411195111.7638748,
          "rate": -0.011037315621724298
        },
        {
          "symbol": "USDC",
          "value": 150054966.73919907,
          "usdValue": 150039961.2957488,
          "rate": 0.01688322489976571
        }
      ],
      "totalValue": 4982976184.847887,
      "totalRate": -0.028745202556770478,
      "totalInflow": 2901657.0200565746,
      "mainStream": 4487598741.956246,
      "mainStreamRate": -0.0229504522,
      "blockChainList": [
        {
          "chainIndex": "0",
          "blockChain": "BTC",
          "logo": "https://static.oklink.com/cdn/explorer/admin/1686558172927.png",
          "lightLogo": "https://static.oklink.com/cdn/assets/imgs/2312/FF3843272D00C1E7.png"
        },
        {
          "chainIndex": "1",
          "blockChain": "ETH",
          "logo": "https://static.oklink.com/cdn/web3/currency/token/1706800365851.png/type=png_350_0",
          "lightLogo": "https://static.oklink.com/cdn/assets/imgs/2312/BEC6A727AB2BFAB0.png"
        },
        {
          "chainIndex": "2",
          "blockChain": "LTC",
          "logo": "https://static.oklink.com/cdn/explorer/oklinkmanage/picture/ltc_logo.png",
          "lightLogo": "https://static.oklink.com/cdn/assets/imgs/2312/A85D30C877AC3B16.png"
        },
        {
          "chainIndex": "3",
          "blockChain": "DOGE",
          "logo": "https://static.oklink.com/cdn/explorer/admin/1696651121774.png/type=png_350_0",
          "lightLogo": "https://static.oklink.com/cdn/assets/imgs/2312/A51191E954E8CDB0.png"
        },
        {
          "chainIndex": "10",
          "blockChain": "OPTIMISM",
          "logo": "https://static.oklink.com/cdn/explorer/admin/1686557806497.png",
          "lightLogo": "https://static.oklink.com/cdn/assets/imgs/2312/FEE088C8C0C85D41.png"
        },
        {
          "chainIndex": "56",
          "blockChain": "BSC",
          "logo": "https://static.coinall.ltd/cdn/web3/currency/token/1742545358366.png/type=default_350_0",
          "lightLogo": "https://static.oklink.com/cdn/assets/imgs/2312/C415878C9255068A.png"
        },
        {
          "chainIndex": "61",
          "blockChain": "ETC",
          "logo": "https://static.oklink.com/cdn/explorer/admin/1686558153814.png",
          "lightLogo": "https://static.oklink.com/cdn/assets/imgs/2312/6A72CFE7ED04A323.png"
        },
        {
          "chainIndex": "66",
          "blockChain": "OKEXCHAIN",
          "logo": "https://static.oklink.com/cdn/explorer/admin/1686558023497.png",
          "lightLogo": "https://static.oklink.com/cdn/assets/imgs/248/9C557DC56E54B38B.png"
        },
        {
          "chainIndex": "118",
          "blockChain": "COSMOS",
          "logo": "https://static.oklink.com/cdn/explorer/admin/1687836948833.png",
          "lightLogo": "https://static.oklink.com/cdn/assets/imgs/2312/3C3C8CFB6272F3F0.png"
        },
        {
          "chainIndex": "130",
          "blockChain": "UNI",
          "logo": "https://static.coinall.ltd/cdn/web3/currency/token/1739948756142.png/type=default_350_0",
          "lightLogo": "https://static.coinall.ltd/cdn/web3/oklinkadmin/picture/b70c0371-541f-4a91-8718-f823a0d7f22c.png"
        },
        {
          "chainIndex": "137",
          "blockChain": "POLYGON",
          "logo": "https://static.oklink.com/cdn/web3/currency/token/1697556067799.png/type=png_350_0",
          "lightLogo": "https://static.oklink.com/cdn/assets/imgs/2312/DE31DC421B88956E.png"
        },
        {
          "chainIndex": "144",
          "blockChain": "RIPPLE",
          "logo": "https://static.oklink.com/cdn/explorer/currency/token/xrp-xrp-null.png",
          "lightLogo": "https://static.oklink.com/cdn/assets/imgs/256/5C30885514F56CA7.jpeg"
        },
        {
          "chainIndex": "145",
          "blockChain": "BCH",
          "logo": "https://static.oklink.com/cdn/explorer/oklinkmanage/picture/bch_logo.png",
          "lightLogo": "https://static.oklink.com/cdn/assets/imgs/2312/458634273CBF4081.png"
        },
        {
          "chainIndex": "195",
          "blockChain": "TRON",
          "logo": "https://static.oklink.com/cdn/explorer/admin/1686557723420.png",
          "lightLogo": "https://static.oklink.com/cdn/assets/imgs/2312/BB50612641974EC8.png"
        },
        {
          "chainIndex": "196",
          "blockChain": "X1",
          "logo": "https://static.oklink.com/cdn/web3/currency/token/1711680841142.png/type=png_350_0",
          "lightLogo": "https://static.oklink.com/cdn/assets/imgs/248/DD53323FFE842449.png"
        },
        {
          "chainIndex": "250",
          "blockChain": "FTM",
          "logo": "https://static.oklink.com/cdn/explorer/admin/1686558053632.png",
          "lightLogo": "https://static.oklink.com/cdn/assets/imgs/2312/D32DA4DEFB3AE885.png"
        },
        {
          "chainIndex": "324",
          "blockChain": "ZKSYNC",
          "logo": "https://static.oklink.com/cdn/explorer/admin/1686558413916.png",
          "lightLogo": "https://static.oklink.com/cdn/assets/imgs/2312/FA6C98D597C2904F.png"
        },
        {
          "chainIndex": "501",
          "blockChain": "SOLANA",
          "logo": "https://static.coinall.ltd/cdn/web3/currency/token/1715241932682.png/type=png_350_0",
          "lightLogo": "https://static.oklink.com/cdn/assets/imgs/2312/4CB5F5AE4EFA977F.png"
        },
        {
          "chainIndex": "607",
          "blockChain": "TON",
          "logo": "https://static.oklink.com/cdn/explorer/currency/token/ton-ton-null.png",
          "lightLogo": "https://static.oklink.com/cdn/assets/imgs/253/7E701E24F03351F5.png"
        },
        {
          "chainIndex": "637",
          "blockChain": "APT",
          "logo": "https://static.oklink.com/cdn/explorer/oklinkmanage/picture/apt_logo.png",
          "lightLogo": "https://static.oklink.com/cdn/assets/imgs/2312/422AA0B18303B28D.png"
        },
        {
          "chainIndex": "784",
          "blockChain": "SUI",
          "logo": "https://static.coinall.ltd/cdn/web3/currency/token/1742539825819.png/type=default_350_0",
          "lightLogo": "https://static.oklink.com/cdn/assets/imgs/2312/BA776B7B6DB7757E.png"
        },
        {
          "chainIndex": "2020",
          "blockChain": "RONIN",
          "logo": "https://static.oklink.com/cdn/explorer/admin/1689678241466.png",
          "lightLogo": "https://static.oklink.com/cdn/assets/imgs/2312/28CE3AB56BAAD113.png"
        },
        {
          "chainIndex": "8453",
          "blockChain": "BASE",
          "logo": "https://static.coinall.ltd/cdn/web3/currency/token/1736766709807.png/type=default_350_0",
          "lightLogo": "https://static.oklink.com/cdn/assets/imgs/2312/E8725CEE33D29668.png"
        },
        {
          "chainIndex": "9004",
          "blockChain": "STARKNET",
          "logo": "https://static.oklink.com/cdn/explorer/admin/1692864443638.jpeg",
          "lightLogo": "https://static.oklink.com/cdn/assets/imgs/2312/72CB729F05E52423.png"
        },
        {
          "chainIndex": "42161",
          "blockChain": "ARBITRUM",
          "logo": "https://static.oklink.com/cdn/explorer/admin/1686557510911.png",
          "lightLogo": "https://static.oklink.com/cdn/assets/imgs/2312/ED446CC74F2B3AFF.png"
        },
        {
          "chainIndex": "43114",
          "blockChain": "AVAXC",
          "logo": "https://static.oklink.com/cdn/explorer/admin/1686558223199.png",
          "lightLogo": "https://static.oklink.com/cdn/assets/imgs/2312/708CF2DEB0D08361.png"
        },
        {
          "chainIndex": "59144",
          "blockChain": "LINEA",
          "logo": "https://static.oklink.com/cdn/explorer/admin/1689947710844.jpeg",
          "lightLogo": "https://static.oklink.com/cdn/assets/imgs/2312/F91DD1A03FFFE65C.png"
        },
        {
          "chainIndex": "200901",
          "blockChain": "BITLAYER",
          "logo": "https://static.coinall.ltd/cdn/web3/currency/token/1715345047885.png/type=png_350_0",
          "lightLogo": "https://static.oklink.com/cdn/assets/imgs/253/DD3D1A690E0E941C.png"
        },
        {
          "chainIndex": "534352",
          "blockChain": "SCROLL",
          "logo": "https://static.oklink.com/cdn/explorer/admin/1697027635993.png/type=png_350_0",
          "lightLogo": "https://static.oklink.com/cdn/assets/imgs/2312/5FEBBFE08EB72E81.png"
        },
        {
          "chainIndex": "70000040",
          "blockChain": "BEACON",
          "logo": "https://static.oklink.com/cdn/explorer/admin/1695787224152.png/type=png_350_0",
          "lightLogo": "https://static.oklink.com/cdn/assets/imgs/2312/7C67A8F0BA627958.png"
        }
      ]
    },
    {
      "cexTag": "Deribit",
      "seoCexTag": "deribit",
      "cexLogo": "https://static.oklink.com/cdn/explorer/logo/cex/derbit.png",
      "symbolList": [
        {
          "symbol": "ETH",
          "value": 202160.94108674244,
          "usdValue": 860762876.5686586,
          "rate": 0.007741291739842485
        },
        {
          "symbol": "USDC",
          "value": 15574455.170435997,
          "usdValue": 15572897.724918956,
          "rate": -0.07987738714866492
        },
        {
          "symbol": "USDT",
          "value": 36092630.310619414,
          "usdValue": 36113564.03619957,
          "rate": 0.015139806520057648
        },
        {
          "symbol": "BTC",
          "value": 34145.12905627001,
          "usdValue": 3936991426.9073267,
          "rate": 0.0004751040437796443
        }
      ],
      "totalValue": 4878737909.755332,
      "totalRate": -0.030933237751475755,
      "totalInflow": 4396443.940874503,
      "mainStream": 4849440765.237103,
      "mainStreamRate": -0.0258997337,
      "blockChainList": [
        {
          "chainIndex": "0",
          "blockChain": "BTC",
          "logo": "https://static.oklink.com/cdn/explorer/admin/1686558172927.png",
          "lightLogo": "https://static.oklink.com/cdn/assets/imgs/2312/FF3843272D00C1E7.png"
        },
        {
          "chainIndex": "1",
          "blockChain": "ETH",
          "logo": "https://static.oklink.com/cdn/web3/currency/token/1706800365851.png/type=png_350_0",
          "lightLogo": "https://static.oklink.com/cdn/assets/imgs/2312/BEC6A727AB2BFAB0.png"
        },
        {
          "chainIndex": "10",
          "blockChain": "OPTIMISM",
          "logo": "https://static.oklink.com/cdn/explorer/admin/1686557806497.png",
          "lightLogo": "https://static.oklink.com/cdn/assets/imgs/2312/FEE088C8C0C85D41.png"
        },
        {
          "chainIndex": "56",
          "blockChain": "BSC",
          "logo": "https://static.coinall.ltd/cdn/web3/currency/token/1742545358366.png/type=default_350_0",
          "lightLogo": "https://static.oklink.com/cdn/assets/imgs/2312/C415878C9255068A.png"
        },
        {
          "chainIndex": "61",
          "blockChain": "ETC",
          "logo": "https://static.oklink.com/cdn/explorer/admin/1686558153814.png",
          "lightLogo": "https://static.oklink.com/cdn/assets/imgs/2312/6A72CFE7ED04A323.png"
        },
        {
          "chainIndex": "137",
          "blockChain": "POLYGON",
          "logo": "https://static.oklink.com/cdn/web3/currency/token/1697556067799.png/type=png_350_0",
          "lightLogo": "https://static.oklink.com/cdn/assets/imgs/2312/DE31DC421B88956E.png"
        },
        {
          "chainIndex": "144",
          "blockChain": "RIPPLE",
          "logo": "https://static.oklink.com/cdn/explorer/currency/token/xrp-xrp-null.png",
          "lightLogo": "https://static.oklink.com/cdn/assets/imgs/256/5C30885514F56CA7.jpeg"
        },
        {
          "chainIndex": "324",
          "blockChain": "ZKSYNC",
          "logo": "https://static.oklink.com/cdn/explorer/admin/1686558413916.png",
          "lightLogo": "https://static.oklink.com/cdn/assets/imgs/2312/FA6C98D597C2904F.png"
        },
        {
          "chainIndex": "501",
          "blockChain": "SOLANA",
          "logo": "https://static.coinall.ltd/cdn/web3/currency/token/1715241932682.png/type=png_350_0",
          "lightLogo": "https://static.oklink.com/cdn/assets/imgs/2312/4CB5F5AE4EFA977F.png"
        },
        {
          "chainIndex": "8453",
          "blockChain": "BASE",
          "logo": "https://static.coinall.ltd/cdn/web3/currency/token/1736766709807.png/type=default_350_0",
          "lightLogo": "https://static.oklink.com/cdn/assets/imgs/2312/E8725CEE33D29668.png"
        },
        {
          "chainIndex": "42161",
          "blockChain": "ARBITRUM",
          "logo": "https://static.oklink.com/cdn/explorer/admin/1686557510911.png",
          "lightLogo": "https://static.oklink.com/cdn/assets/imgs/2312/ED446CC74F2B3AFF.png"
        },
        {
          "chainIndex": "43114",
          "blockChain": "AVAXC",
          "logo": "https://static.oklink.com/cdn/explorer/admin/1686558223199.png",
          "lightLogo": "https://static.oklink.com/cdn/assets/imgs/2312/708CF2DEB0D08361.png"
        },
        {
          "chainIndex": "59144",
          "blockChain": "LINEA",
          "logo": "https://static.oklink.com/cdn/explorer/admin/1689947710844.jpeg",
          "lightLogo": "https://static.oklink.com/cdn/assets/imgs/2312/F91DD1A03FFFE65C.png"
        }
      ]
    },
    {
      "cexTag": "Gate.io",
      "seoCexTag": "gate-io",
      "cexLogo": "https://static.oklink.com/cdn/assets/imgs/2312/16AF7E62E86B9F95.png",
      "symbolList": [
        {
          "symbol": "BTC",
          "value": 15487.968859659923,
          "usdValue": 1785789139.06586,
          "rate": -0.0026066934231295316
        },
        {
          "symbol": "USDT",
          "value": 742504118.2482857,
          "usdValue": 742942769.3633602,
          "rate": -0.012133746811982347
        },
        {
          "symbol": "ETH",
          "value": 239318.21736627308,
          "usdValue": 1018976526.637424,
          "rate": 0.012448308492194679
        },
        {
          "symbol": "USDC",
          "value": 61659664.35722987,
          "usdValue": 61653498.41032929,
          "rate": 0.02410853239055046
        }
      ],
      "totalValue": 4354495681.873459,
      "totalRate": -0.03437737815088027,
      "totalInflow": -1743126.637729193,
      "mainStream": 3609361933.4769735,
      "mainStreamRate": -0.0249861768,
      "blockChainList": [
        {
          "chainIndex": "0",
          "blockChain": "BTC",
          "logo": "https://static.oklink.com/cdn/explorer/admin/1686558172927.png",
          "lightLogo": "https://static.oklink.com/cdn/assets/imgs/2312/FF3843272D00C1E7.png"
        },
        {
          "chainIndex": "1",
          "blockChain": "ETH",
          "logo": "https://static.oklink.com/cdn/web3/currency/token/1706800365851.png/type=png_350_0",
          "lightLogo": "https://static.oklink.com/cdn/assets/imgs/2312/BEC6A727AB2BFAB0.png"
        },
        {
          "chainIndex": "2",
          "blockChain": "LTC",
          "logo": "https://static.oklink.com/cdn/explorer/oklinkmanage/picture/ltc_logo.png",
          "lightLogo": "https://static.oklink.com/cdn/assets/imgs/2312/A85D30C877AC3B16.png"
        },
        {
          "chainIndex": "3",
          "blockChain": "DOGE",
          "logo": "https://static.oklink.com/cdn/explorer/admin/1696651121774.png/type=png_350_0",
          "lightLogo": "https://static.oklink.com/cdn/assets/imgs/2312/A51191E954E8CDB0.png"
        },
        {
          "chainIndex": "5",
          "blockChain": "DASH",
          "logo": "https://static.oklink.com/cdn/explorer/oklinkmanage/picture/dash_logo.png",
          "lightLogo": "https://static.oklink.com/cdn/assets/imgs/2312/617C512B1BFB94E3.png"
        },
        {
          "chainIndex": "10",
          "blockChain": "OPTIMISM",
          "logo": "https://static.oklink.com/cdn/explorer/admin/1686557806497.png",
          "lightLogo": "https://static.oklink.com/cdn/assets/imgs/2312/FEE088C8C0C85D41.png"
        },
        {
          "chainIndex": "56",
          "blockChain": "BSC",
          "logo": "https://static.coinall.ltd/cdn/web3/currency/token/1742545358366.png/type=default_350_0",
          "lightLogo": "https://static.oklink.com/cdn/assets/imgs/2312/C415878C9255068A.png"
        },
        {
          "chainIndex": "61",
          "blockChain": "ETC",
          "logo": "https://static.oklink.com/cdn/explorer/admin/1686558153814.png",
          "lightLogo": "https://static.oklink.com/cdn/assets/imgs/2312/6A72CFE7ED04A323.png"
        },
        {
          "chainIndex": "66",
          "blockChain": "OKEXCHAIN",
          "logo": "https://static.oklink.com/cdn/explorer/admin/1686558023497.png",
          "lightLogo": "https://static.oklink.com/cdn/assets/imgs/248/9C557DC56E54B38B.png"
        },
        {
          "chainIndex": "118",
          "blockChain": "COSMOS",
          "logo": "https://static.oklink.com/cdn/explorer/admin/1687836948833.png",
          "lightLogo": "https://static.oklink.com/cdn/assets/imgs/2312/3C3C8CFB6272F3F0.png"
        },
        {
          "chainIndex": "130",
          "blockChain": "UNI",
          "logo": "https://static.coinall.ltd/cdn/web3/currency/token/1739948756142.png/type=default_350_0",
          "lightLogo": "https://static.coinall.ltd/cdn/web3/oklinkadmin/picture/b70c0371-541f-4a91-8718-f823a0d7f22c.png"
        },
        {
          "chainIndex": "137",
          "blockChain": "POLYGON",
          "logo": "https://static.oklink.com/cdn/web3/currency/token/1697556067799.png/type=png_350_0",
          "lightLogo": "https://static.oklink.com/cdn/assets/imgs/2312/DE31DC421B88956E.png"
        },
        {
          "chainIndex": "144",
          "blockChain": "RIPPLE",
          "logo": "https://static.oklink.com/cdn/explorer/currency/token/xrp-xrp-null.png",
          "lightLogo": "https://static.oklink.com/cdn/assets/imgs/256/5C30885514F56CA7.jpeg"
        },
        {
          "chainIndex": "145",
          "blockChain": "BCH",
          "logo": "https://static.oklink.com/cdn/explorer/oklinkmanage/picture/bch_logo.png",
          "lightLogo": "https://static.oklink.com/cdn/assets/imgs/2312/458634273CBF4081.png"
        },
        {
          "chainIndex": "195",
          "blockChain": "TRON",
          "logo": "https://static.oklink.com/cdn/explorer/admin/1686557723420.png",
          "lightLogo": "https://static.oklink.com/cdn/assets/imgs/2312/BB50612641974EC8.png"
        },
        {
          "chainIndex": "196",
          "blockChain": "X1",
          "logo": "https://static.oklink.com/cdn/web3/currency/token/1711680841142.png/type=png_350_0",
          "lightLogo": "https://static.oklink.com/cdn/assets/imgs/248/DD53323FFE842449.png"
        },
        {
          "chainIndex": "250",
          "blockChain": "FTM",
          "logo": "https://static.oklink.com/cdn/explorer/admin/1686558053632.png",
          "lightLogo": "https://static.oklink.com/cdn/assets/imgs/2312/D32DA4DEFB3AE885.png"
        },
        {
          "chainIndex": "324",
          "blockChain": "ZKSYNC",
          "logo": "https://static.oklink.com/cdn/explorer/admin/1686558413916.png",
          "lightLogo": "https://static.oklink.com/cdn/assets/imgs/2312/FA6C98D597C2904F.png"
        },
        {
          "chainIndex": "501",
          "blockChain": "SOLANA",
          "logo": "https://static.coinall.ltd/cdn/web3/currency/token/1715241932682.png/type=png_350_0",
          "lightLogo": "https://static.oklink.com/cdn/assets/imgs/2312/4CB5F5AE4EFA977F.png"
        },
        {
          "chainIndex": "607",
          "blockChain": "TON",
          "logo": "https://static.oklink.com/cdn/explorer/currency/token/ton-ton-null.png",
          "lightLogo": "https://static.oklink.com/cdn/assets/imgs/253/7E701E24F03351F5.png"
        },
        {
          "chainIndex": "637",
          "blockChain": "APT",
          "logo": "https://static.oklink.com/cdn/explorer/oklinkmanage/picture/apt_logo.png",
          "lightLogo": "https://static.oklink.com/cdn/assets/imgs/2312/422AA0B18303B28D.png"
        },
        {
          "chainIndex": "784",
          "blockChain": "SUI",
          "logo": "https://static.coinall.ltd/cdn/web3/currency/token/1742539825819.png/type=default_350_0",
          "lightLogo": "https://static.oklink.com/cdn/assets/imgs/2312/BA776B7B6DB7757E.png"
        },
        {
          "chainIndex": "2020",
          "blockChain": "RONIN",
          "logo": "https://static.oklink.com/cdn/explorer/admin/1689678241466.png",
          "lightLogo": "https://static.oklink.com/cdn/assets/imgs/2312/28CE3AB56BAAD113.png"
        },
        {
          "chainIndex": "8453",
          "blockChain": "BASE",
          "logo": "https://static.coinall.ltd/cdn/web3/currency/token/1736766709807.png/type=default_350_0",
          "lightLogo": "https://static.oklink.com/cdn/assets/imgs/2312/E8725CEE33D29668.png"
        },
        {
          "chainIndex": "9004",
          "blockChain": "STARKNET",
          "logo": "https://static.oklink.com/cdn/explorer/admin/1692864443638.jpeg",
          "lightLogo": "https://static.oklink.com/cdn/assets/imgs/2312/72CB729F05E52423.png"
        },
        {
          "chainIndex": "42161",
          "blockChain": "ARBITRUM",
          "logo": "https://static.oklink.com/cdn/explorer/admin/1686557510911.png",
          "lightLogo": "https://static.oklink.com/cdn/assets/imgs/2312/ED446CC74F2B3AFF.png"
        },
        {
          "chainIndex": "43114",
          "blockChain": "AVAXC",
          "logo": "https://static.oklink.com/cdn/explorer/admin/1686558223199.png",
          "lightLogo": "https://static.oklink.com/cdn/assets/imgs/2312/708CF2DEB0D08361.png"
        },
        {
          "chainIndex": "59144",
          "blockChain": "LINEA",
          "logo": "https://static.oklink.com/cdn/explorer/admin/1689947710844.jpeg",
          "lightLogo": "https://static.oklink.com/cdn/assets/imgs/2312/F91DD1A03FFFE65C.png"
        },
        {
          "chainIndex": "200901",
          "blockChain": "BITLAYER",
          "logo": "https://static.coinall.ltd/cdn/web3/currency/token/1715345047885.png/type=png_350_0",
          "lightLogo": "https://static.oklink.com/cdn/assets/imgs/253/DD3D1A690E0E941C.png"
        },
        {
          "chainIndex": "534352",
          "blockChain": "SCROLL",
          "logo": "https://static.oklink.com/cdn/explorer/admin/1697027635993.png/type=png_350_0",
          "lightLogo": "https://static.oklink.com/cdn/assets/imgs/2312/5FEBBFE08EB72E81.png"
        }
      ]
    },
    {
      "cexTag": "HTX",
      "seoCexTag": "htx",
      "cexLogo": "https://static.oklink.com/cdn/explorer/logo/cex/huobi.png",
      "symbolList": [
        {
          "symbol": "BTC",
          "value": 9525.063257639535,
          "usdValue": 1098255986.2133949,
          "rate": 0.004570252975356613
        },
        {
          "symbol": "USDT",
          "value": 980617700.094727,
          "usdValue": 981223383.7904974,
          "rate": -0.011046746335600124
        },
        {
          "symbol": "USDC",
          "value": 11183083.410621973,
          "usdValue": 11181965.11163987,
          "rate": -0.14204391767466482
        },
        {
          "symbol": "ETH",
          "value": 9250.34147978457,
          "usdValue": 39386243.81781635,
          "rate": 0.015219115500524065
        }
      ],
      "totalValue": 2437593931.7438784,
      "totalRate": -0.02054366432112444,
      "totalInflow": -206070386.34732756,
      "mainStream": 2130047578.9333484,
      "mainStreamRate": -0.059145587,
      "blockChainList": [
        {
          "chainIndex": "0",
          "blockChain": "BTC",
          "logo": "https://static.oklink.com/cdn/explorer/admin/1686558172927.png",
          "lightLogo": "https://static.oklink.com/cdn/assets/imgs/2312/FF3843272D00C1E7.png"
        },
        {
          "chainIndex": "1",
          "blockChain": "ETH",
          "logo": "https://static.oklink.com/cdn/web3/currency/token/1706800365851.png/type=png_350_0",
          "lightLogo": "https://static.oklink.com/cdn/assets/imgs/2312/BEC6A727AB2BFAB0.png"
        },
        {
          "chainIndex": "2",
          "blockChain": "LTC",
          "logo": "https://static.oklink.com/cdn/explorer/oklinkmanage/picture/ltc_logo.png",
          "lightLogo": "https://static.oklink.com/cdn/assets/imgs/2312/A85D30C877AC3B16.png"
        },
        {
          "chainIndex": "3",
          "blockChain": "DOGE",
          "logo": "https://static.oklink.com/cdn/explorer/admin/1696651121774.png/type=png_350_0",
          "lightLogo": "https://static.oklink.com/cdn/assets/imgs/2312/A51191E954E8CDB0.png"
        },
        {
          "chainIndex": "5",
          "blockChain": "DASH",
          "logo": "https://static.oklink.com/cdn/explorer/oklinkmanage/picture/dash_logo.png",
          "lightLogo": "https://static.oklink.com/cdn/assets/imgs/2312/617C512B1BFB94E3.png"
        },
        {
          "chainIndex": "10",
          "blockChain": "OPTIMISM",
          "logo": "https://static.oklink.com/cdn/explorer/admin/1686557806497.png",
          "lightLogo": "https://static.oklink.com/cdn/assets/imgs/2312/FEE088C8C0C85D41.png"
        },
        {
          "chainIndex": "56",
          "blockChain": "BSC",
          "logo": "https://static.coinall.ltd/cdn/web3/currency/token/1742545358366.png/type=default_350_0",
          "lightLogo": "https://static.oklink.com/cdn/assets/imgs/2312/C415878C9255068A.png"
        },
        {
          "chainIndex": "61",
          "blockChain": "ETC",
          "logo": "https://static.oklink.com/cdn/explorer/admin/1686558153814.png",
          "lightLogo": "https://static.oklink.com/cdn/assets/imgs/2312/6A72CFE7ED04A323.png"
        },
        {
          "chainIndex": "66",
          "blockChain": "OKEXCHAIN",
          "logo": "https://static.oklink.com/cdn/explorer/admin/1686558023497.png",
          "lightLogo": "https://static.oklink.com/cdn/assets/imgs/248/9C557DC56E54B38B.png"
        },
        {
          "chainIndex": "118",
          "blockChain": "COSMOS",
          "logo": "https://static.oklink.com/cdn/explorer/admin/1687836948833.png",
          "lightLogo": "https://static.oklink.com/cdn/assets/imgs/2312/3C3C8CFB6272F3F0.png"
        },
        {
          "chainIndex": "130",
          "blockChain": "UNI",
          "logo": "https://static.coinall.ltd/cdn/web3/currency/token/1739948756142.png/type=default_350_0",
          "lightLogo": "https://static.coinall.ltd/cdn/web3/oklinkadmin/picture/b70c0371-541f-4a91-8718-f823a0d7f22c.png"
        },
        {
          "chainIndex": "137",
          "blockChain": "POLYGON",
          "logo": "https://static.oklink.com/cdn/web3/currency/token/1697556067799.png/type=png_350_0",
          "lightLogo": "https://static.oklink.com/cdn/assets/imgs/2312/DE31DC421B88956E.png"
        },
        {
          "chainIndex": "144",
          "blockChain": "RIPPLE",
          "logo": "https://static.oklink.com/cdn/explorer/currency/token/xrp-xrp-null.png",
          "lightLogo": "https://static.oklink.com/cdn/assets/imgs/256/5C30885514F56CA7.jpeg"
        },
        {
          "chainIndex": "145",
          "blockChain": "BCH",
          "logo": "https://static.oklink.com/cdn/explorer/oklinkmanage/picture/bch_logo.png",
          "lightLogo": "https://static.oklink.com/cdn/assets/imgs/2312/458634273CBF4081.png"
        },
        {
          "chainIndex": "195",
          "blockChain": "TRON",
          "logo": "https://static.oklink.com/cdn/explorer/admin/1686557723420.png",
          "lightLogo": "https://static.oklink.com/cdn/assets/imgs/2312/BB50612641974EC8.png"
        },
        {
          "chainIndex": "196",
          "blockChain": "X1",
          "logo": "https://static.oklink.com/cdn/web3/currency/token/1711680841142.png/type=png_350_0",
          "lightLogo": "https://static.oklink.com/cdn/assets/imgs/248/DD53323FFE842449.png"
        },
        {
          "chainIndex": "250",
          "blockChain": "FTM",
          "logo": "https://static.oklink.com/cdn/explorer/admin/1686558053632.png",
          "lightLogo": "https://static.oklink.com/cdn/assets/imgs/2312/D32DA4DEFB3AE885.png"
        },
        {
          "chainIndex": "324",
          "blockChain": "ZKSYNC",
          "logo": "https://static.oklink.com/cdn/explorer/admin/1686558413916.png",
          "lightLogo": "https://static.oklink.com/cdn/assets/imgs/2312/FA6C98D597C2904F.png"
        },
        {
          "chainIndex": "501",
          "blockChain": "SOLANA",
          "logo": "https://static.coinall.ltd/cdn/web3/currency/token/1715241932682.png/type=png_350_0",
          "lightLogo": "https://static.oklink.com/cdn/assets/imgs/2312/4CB5F5AE4EFA977F.png"
        },
        {
          "chainIndex": "607",
          "blockChain": "TON",
          "logo": "https://static.oklink.com/cdn/explorer/currency/token/ton-ton-null.png",
          "lightLogo": "https://static.oklink.com/cdn/assets/imgs/253/7E701E24F03351F5.png"
        },
        {
          "chainIndex": "637",
          "blockChain": "APT",
          "logo": "https://static.oklink.com/cdn/explorer/oklinkmanage/picture/apt_logo.png",
          "lightLogo": "https://static.oklink.com/cdn/assets/imgs/2312/422AA0B18303B28D.png"
        },
        {
          "chainIndex": "784",
          "blockChain": "SUI",
          "logo": "https://static.coinall.ltd/cdn/web3/currency/token/1742539825819.png/type=default_350_0",
          "lightLogo": "https://static.oklink.com/cdn/assets/imgs/2312/BA776B7B6DB7757E.png"
        },
        {
          "chainIndex": "2020",
          "blockChain": "RONIN",
          "logo": "https://static.oklink.com/cdn/explorer/admin/1689678241466.png",
          "lightLogo": "https://static.oklink.com/cdn/assets/imgs/2312/28CE3AB56BAAD113.png"
        },
        {
          "chainIndex": "8453",
          "blockChain": "BASE",
          "logo": "https://static.coinall.ltd/cdn/web3/currency/token/1736766709807.png/type=default_350_0",
          "lightLogo": "https://static.oklink.com/cdn/assets/imgs/2312/E8725CEE33D29668.png"
        },
        {
          "chainIndex": "9004",
          "blockChain": "STARKNET",
          "logo": "https://static.oklink.com/cdn/explorer/admin/1692864443638.jpeg",
          "lightLogo": "https://static.oklink.com/cdn/assets/imgs/2312/72CB729F05E52423.png"
        },
        {
          "chainIndex": "42161",
          "blockChain": "ARBITRUM",
          "logo": "https://static.oklink.com/cdn/explorer/admin/1686557510911.png",
          "lightLogo": "https://static.oklink.com/cdn/assets/imgs/2312/ED446CC74F2B3AFF.png"
        },
        {
          "chainIndex": "43114",
          "blockChain": "AVAXC",
          "logo": "https://static.oklink.com/cdn/explorer/admin/1686558223199.png",
          "lightLogo": "https://static.oklink.com/cdn/assets/imgs/2312/708CF2DEB0D08361.png"
        },
        {
          "chainIndex": "59144",
          "blockChain": "LINEA",
          "logo": "https://static.oklink.com/cdn/explorer/admin/1689947710844.jpeg",
          "lightLogo": "https://static.oklink.com/cdn/assets/imgs/2312/F91DD1A03FFFE65C.png"
        },
        {
          "chainIndex": "534352",
          "blockChain": "SCROLL",
          "logo": "https://static.oklink.com/cdn/explorer/admin/1697027635993.png/type=png_350_0",
          "lightLogo": "https://static.oklink.com/cdn/assets/imgs/2312/5FEBBFE08EB72E81.png"
        }
      ]
    },
    {
      "cexTag": "KuCoin",
      "seoCexTag": "kucoin",
      "cexLogo": "https://static.oklink.com/cdn/explorer/logo/cex/kucoin.png",
      "symbolList": [
        {
          "symbol": "USDC",
          "value": 56883088.026979856,
          "usdValue": 56877399.7584533,
          "rate": -0.020181725280859805
        },
        {
          "symbol": "ETH",
          "value": 108478.1737854931,
          "usdValue": 461879463.5682643,
          "rate": 0.012365156028431277
        },
        {
          "symbol": "BTC",
          "value": 1012.6270091700003,
          "usdValue": 116757615.62321658,
          "rate": 0.026967508875284443
        },
        {
          "symbol": "USDT",
          "value": 969917408.3887358,
          "usdValue": 970482167.5926731,
          "rate": 0.005487666316194031
        }
      ],
      "totalValue": 1797687977.3688438,
      "totalRate": -0.03040983011971962,
      "totalInflow": 14858541.54135144,
      "mainStream": 1605996646.5426073,
      "mainStreamRate": -0.0073046226,
      "blockChainList": [
        {
          "chainIndex": "0",
          "blockChain": "BTC",
          "logo": "https://static.oklink.com/cdn/explorer/admin/1686558172927.png",
          "lightLogo": "https://static.oklink.com/cdn/assets/imgs/2312/FF3843272D00C1E7.png"
        },
        {
          "chainIndex": "1",
          "blockChain": "ETH",
          "logo": "https://static.oklink.com/cdn/web3/currency/token/1706800365851.png/type=png_350_0",
          "lightLogo": "https://static.oklink.com/cdn/assets/imgs/2312/BEC6A727AB2BFAB0.png"
        },
        {
          "chainIndex": "2",
          "blockChain": "LTC",
          "logo": "https://static.oklink.com/cdn/explorer/oklinkmanage/picture/ltc_logo.png",
          "lightLogo": "https://static.oklink.com/cdn/assets/imgs/2312/A85D30C877AC3B16.png"
        },
        {
          "chainIndex": "3",
          "blockChain": "DOGE",
          "logo": "https://static.oklink.com/cdn/explorer/admin/1696651121774.png/type=png_350_0",
          "lightLogo": "https://static.oklink.com/cdn/assets/imgs/2312/A51191E954E8CDB0.png"
        },
        {
          "chainIndex": "5",
          "blockChain": "DASH",
          "logo": "https://static.oklink.com/cdn/explorer/oklinkmanage/picture/dash_logo.png",
          "lightLogo": "https://static.oklink.com/cdn/assets/imgs/2312/617C512B1BFB94E3.png"
        },
        {
          "chainIndex": "10",
          "blockChain": "OPTIMISM",
          "logo": "https://static.oklink.com/cdn/explorer/admin/1686557806497.png",
          "lightLogo": "https://static.oklink.com/cdn/assets/imgs/2312/FEE088C8C0C85D41.png"
        },
        {
          "chainIndex": "56",
          "blockChain": "BSC",
          "logo": "https://static.coinall.ltd/cdn/web3/currency/token/1742545358366.png/type=default_350_0",
          "lightLogo": "https://static.oklink.com/cdn/assets/imgs/2312/C415878C9255068A.png"
        },
        {
          "chainIndex": "61",
          "blockChain": "ETC",
          "logo": "https://static.oklink.com/cdn/explorer/admin/1686558153814.png",
          "lightLogo": "https://static.oklink.com/cdn/assets/imgs/2312/6A72CFE7ED04A323.png"
        },
        {
          "chainIndex": "66",
          "blockChain": "OKEXCHAIN",
          "logo": "https://static.oklink.com/cdn/explorer/admin/1686558023497.png",
          "lightLogo": "https://static.oklink.com/cdn/assets/imgs/248/9C557DC56E54B38B.png"
        },
        {
          "chainIndex": "118",
          "blockChain": "COSMOS",
          "logo": "https://static.oklink.com/cdn/explorer/admin/1687836948833.png",
          "lightLogo": "https://static.oklink.com/cdn/assets/imgs/2312/3C3C8CFB6272F3F0.png"
        },
        {
          "chainIndex": "130",
          "blockChain": "UNI",
          "logo": "https://static.coinall.ltd/cdn/web3/currency/token/1739948756142.png/type=default_350_0",
          "lightLogo": "https://static.coinall.ltd/cdn/web3/oklinkadmin/picture/b70c0371-541f-4a91-8718-f823a0d7f22c.png"
        },
        {
          "chainIndex": "137",
          "blockChain": "POLYGON",
          "logo": "https://static.oklink.com/cdn/web3/currency/token/1697556067799.png/type=png_350_0",
          "lightLogo": "https://static.oklink.com/cdn/assets/imgs/2312/DE31DC421B88956E.png"
        },
        {
          "chainIndex": "144",
          "blockChain": "RIPPLE",
          "logo": "https://static.oklink.com/cdn/explorer/currency/token/xrp-xrp-null.png",
          "lightLogo": "https://static.oklink.com/cdn/assets/imgs/256/5C30885514F56CA7.jpeg"
        },
        {
          "chainIndex": "145",
          "blockChain": "BCH",
          "logo": "https://static.oklink.com/cdn/explorer/oklinkmanage/picture/bch_logo.png",
          "lightLogo": "https://static.oklink.com/cdn/assets/imgs/2312/458634273CBF4081.png"
        },
        {
          "chainIndex": "195",
          "blockChain": "TRON",
          "logo": "https://static.oklink.com/cdn/explorer/admin/1686557723420.png",
          "lightLogo": "https://static.oklink.com/cdn/assets/imgs/2312/BB50612641974EC8.png"
        },
        {
          "chainIndex": "196",
          "blockChain": "X1",
          "logo": "https://static.oklink.com/cdn/web3/currency/token/1711680841142.png/type=png_350_0",
          "lightLogo": "https://static.oklink.com/cdn/assets/imgs/248/DD53323FFE842449.png"
        },
        {
          "chainIndex": "250",
          "blockChain": "FTM",
          "logo": "https://static.oklink.com/cdn/explorer/admin/1686558053632.png",
          "lightLogo": "https://static.oklink.com/cdn/assets/imgs/2312/D32DA4DEFB3AE885.png"
        },
        {
          "chainIndex": "324",
          "blockChain": "ZKSYNC",
          "logo": "https://static.oklink.com/cdn/explorer/admin/1686558413916.png",
          "lightLogo": "https://static.oklink.com/cdn/assets/imgs/2312/FA6C98D597C2904F.png"
        },
        {
          "chainIndex": "501",
          "blockChain": "SOLANA",
          "logo": "https://static.coinall.ltd/cdn/web3/currency/token/1715241932682.png/type=png_350_0",
          "lightLogo": "https://static.oklink.com/cdn/assets/imgs/2312/4CB5F5AE4EFA977F.png"
        },
        {
          "chainIndex": "607",
          "blockChain": "TON",
          "logo": "https://static.oklink.com/cdn/explorer/currency/token/ton-ton-null.png",
          "lightLogo": "https://static.oklink.com/cdn/assets/imgs/253/7E701E24F03351F5.png"
        },
        {
          "chainIndex": "637",
          "blockChain": "APT",
          "logo": "https://static.oklink.com/cdn/explorer/oklinkmanage/picture/apt_logo.png",
          "lightLogo": "https://static.oklink.com/cdn/assets/imgs/2312/422AA0B18303B28D.png"
        },
        {
          "chainIndex": "784",
          "blockChain": "SUI",
          "logo": "https://static.coinall.ltd/cdn/web3/currency/token/1742539825819.png/type=default_350_0",
          "lightLogo": "https://static.oklink.com/cdn/assets/imgs/2312/BA776B7B6DB7757E.png"
        },
        {
          "chainIndex": "2020",
          "blockChain": "RONIN",
          "logo": "https://static.oklink.com/cdn/explorer/admin/1689678241466.png",
          "lightLogo": "https://static.oklink.com/cdn/assets/imgs/2312/28CE3AB56BAAD113.png"
        },
        {
          "chainIndex": "8453",
          "blockChain": "BASE",
          "logo": "https://static.coinall.ltd/cdn/web3/currency/token/1736766709807.png/type=default_350_0",
          "lightLogo": "https://static.oklink.com/cdn/assets/imgs/2312/E8725CEE33D29668.png"
        },
        {
          "chainIndex": "42161",
          "blockChain": "ARBITRUM",
          "logo": "https://static.oklink.com/cdn/explorer/admin/1686557510911.png",
          "lightLogo": "https://static.oklink.com/cdn/assets/imgs/2312/ED446CC74F2B3AFF.png"
        },
        {
          "chainIndex": "43114",
          "blockChain": "AVAXC",
          "logo": "https://static.oklink.com/cdn/explorer/admin/1686558223199.png",
          "lightLogo": "https://static.oklink.com/cdn/assets/imgs/2312/708CF2DEB0D08361.png"
        },
        {
          "chainIndex": "59144",
          "blockChain": "LINEA",
          "logo": "https://static.oklink.com/cdn/explorer/admin/1689947710844.jpeg",
          "lightLogo": "https://static.oklink.com/cdn/assets/imgs/2312/F91DD1A03FFFE65C.png"
        },
        {
          "chainIndex": "200901",
          "blockChain": "BITLAYER",
          "logo": "https://static.coinall.ltd/cdn/web3/currency/token/1715345047885.png/type=png_350_0",
          "lightLogo": "https://static.oklink.com/cdn/assets/imgs/253/DD3D1A690E0E941C.png"
        },
        {
          "chainIndex": "534352",
          "blockChain": "SCROLL",
          "logo": "https://static.oklink.com/cdn/explorer/admin/1697027635993.png/type=png_350_0",
          "lightLogo": "https://static.oklink.com/cdn/assets/imgs/2312/5FEBBFE08EB72E81.png"
        },
        {
          "chainIndex": "70000040",
          "blockChain": "BEACON",
          "logo": "https://static.oklink.com/cdn/explorer/admin/1695787224152.png/type=png_350_0",
          "lightLogo": "https://static.oklink.com/cdn/assets/imgs/2312/7C67A8F0BA627958.png"
        }
      ]
    }
  ]
}