{
  "timestamp": "2025-08-17T22:39:11.528Z",
  "cexTag": "Deribit",
  "totalAddresses": 26,
  "totalUniqueAddresses": 26,
  "addresses": [
    {
      "rank": 1,
      "address": "bc1qzwhw94uldd3c8736lsxrda6t6x56030f8zk8nr",
      "blockChain": "BTC",
      "blockChainLogo": "https://static.oklink.com/cdn/explorer/admin/1686558172927.png",
      "blockChainLightLogo": "https://static.oklink.com/cdn/assets/imgs/2312/FF3843272D00C1E7.png",
      "symbol": "BTC",
      "logo": "https://static.coinall.ltd/cdn/wallet/logo/BTC.png",
      "value": 33056.48326821,
      "usdValue": 3893042200.607131,
      "isContract": false,
      "cexTag": "Deribit"
    },
    {
      "rank": 2,
      "address": "bc1qtq5zfllw9fs9w6stnfgalf9v59fgrcxxyawuvm",
      "blockChain": "BTC",
      "blockChainLogo": "https://static.oklink.com/cdn/explorer/admin/1686558172927.png",
      "blockChainLightLogo": "https://static.oklink.com/cdn/assets/imgs/2312/FF3843272D00C1E7.png",
      "symbol": "BTC",
      "logo": "https://static.coinall.ltd/cdn/wallet/logo/BTC.png",
      "value": 769.79263603,
      "usdValue": 90658016.86967148,
      "isContract": false,
      "cexTag": "Deribit"
    },
    {
      "rank": 3,
      "address": "bc1qa3phj5uhnuauk6r62cku6r6fl9rawqx4n6d690",
      "blockChain": "BTC",
      "blockChainLogo": "https://static.oklink.com/cdn/explorer/admin/1686558172927.png",
      "blockChainLightLogo": "https://static.oklink.com/cdn/assets/imgs/2312/FF3843272D00C1E7.png",
      "symbol": "BTC",
      "logo": "https://static.coinall.ltd/cdn/wallet/logo/BTC.png",
      "value": 225.20360245,
      "usdValue": 26522093.13837503,
      "isContract": false,
      "cexTag": "Deribit"
    },
    {
      "rank": 4,
      "address": "bc1qf6lm99tp5p27hsmyskve236nsv32lnfwt4h8wk",
      "blockChain": "BTC",
      "blockChainLogo": "https://static.oklink.com/cdn/explorer/admin/1686558172927.png",
      "blockChainLightLogo": "https://static.oklink.com/cdn/assets/imgs/2312/FF3843272D00C1E7.png",
      "symbol": "BTC",
      "logo": "https://static.coinall.ltd/cdn/wallet/logo/BTC.png",
      "value": 86.45403513,
      "usdValue": 10181639.844839022,
      "isContract": false,
      "cexTag": "Deribit"
    },
    {
      "rank": 5,
      "address": "bc1q9xujux3sm9ngef6mp9wxsztwf2u3r7zauv3m8u",
      "blockChain": "BTC",
      "blockChainLogo": "https://static.oklink.com/cdn/explorer/admin/1686558172927.png",
      "blockChainLightLogo": "https://static.oklink.com/cdn/assets/imgs/2312/FF3843272D00C1E7.png",
      "symbol": "BTC",
      "logo": "https://static.coinall.ltd/cdn/wallet/logo/BTC.png",
      "value": 0.01175248,
      "usdValue": 1384.082518112,
      "isContract": false,
      "cexTag": "Deribit"
    },
    {
      "rank": 6,
      "address": "35uax7CknRuF3Js7GUmUeQRhKZXpKkE3HS",
      "blockChain": "BTC",
      "blockChainLogo": "https://static.oklink.com/cdn/explorer/admin/1686558172927.png",
      "blockChainLightLogo": "https://static.oklink.com/cdn/assets/imgs/2312/FF3843272D00C1E7.png",
      "symbol": "BTC",
      "logo": "https://static.coinall.ltd/cdn/wallet/logo/BTC.png",
      "value": 0.00621708,
      "usdValue": 732.1817813519999,
      "isContract": false,
      "cexTag": "Deribit"
    },
    {
      "rank": 7,
      "address": "bc1q6xtxfy4ng7a22f3cadwqsa0n2smrtl3d0fj42m",
      "blockChain": "BTC",
      "blockChainLogo": "https://static.oklink.com/cdn/explorer/admin/1686558172927.png",
      "blockChainLightLogo": "https://static.oklink.com/cdn/assets/imgs/2312/FF3843272D00C1E7.png",
      "symbol": "BTC",
      "logo": "https://static.coinall.ltd/cdn/wallet/logo/BTC.png",
      "value": 0.00162194,
      "usdValue": 191.014900636,
      "isContract": false,
      "cexTag": "Deribit"
    },
    {
      "rank": 8,
      "address": "13k869x8yXP5JgddaAmRxbBSxszaahHL1Q",
      "blockChain": "BTC",
      "blockChainLogo": "https://static.oklink.com/cdn/explorer/admin/1686558172927.png",
      "blockChainLightLogo": "https://static.oklink.com/cdn/assets/imgs/2312/FF3843272D00C1E7.png",
      "symbol": "BTC",
      "logo": "https://static.coinall.ltd/cdn/wallet/logo/BTC.png",
      "value": 0.00133756,
      "usdValue": 157.523638664,
      "isContract": false,
      "cexTag": "Deribit"
    },
    {
      "rank": 9,
      "address": "1932eKraQ3Ad9MeNBHb14WFQbNrLaKeEpT",
      "blockChain": "BTC",
      "blockChainLogo": "https://static.oklink.com/cdn/explorer/admin/1686558172927.png",
      "blockChainLightLogo": "https://static.oklink.com/cdn/assets/imgs/2312/FF3843272D00C1E7.png",
      "symbol": "BTC",
      "logo": "https://static.coinall.ltd/cdn/wallet/logo/BTC.png",
      "value": 0.00041413,
      "usdValue": 48.771841622,
      "isContract": false,
      "cexTag": "Deribit"
    },
    {
      "rank": 10,
      "address": "1MDq7zyLw6oKichbFiDDZ3aaK59byc6CT8",
      "blockChain": "BTC",
      "blockChainLogo": "https://static.oklink.com/cdn/explorer/admin/1686558172927.png",
      "blockChainLightLogo": "https://static.oklink.com/cdn/assets/imgs/2312/FF3843272D00C1E7.png",
      "symbol": "BTC",
      "logo": "https://static.coinall.ltd/cdn/wallet/logo/BTC.png",
      "value": 0.00023378,
      "usdValue": 27.532130331999998,
      "isContract": false,
      "cexTag": "Deribit"
    },
    {
      "rank": 11,
      "address": "3C1rSwyowiASEj9W7iw1hXYxBikmU54SBD",
      "blockChain": "BTC",
      "blockChainLogo": "https://static.oklink.com/cdn/explorer/admin/1686558172927.png",
      "blockChainLightLogo": "https://static.oklink.com/cdn/assets/imgs/2312/FF3843272D00C1E7.png",
      "symbol": "BTC",
      "logo": "https://static.coinall.ltd/cdn/wallet/logo/BTC.png",
      "value": 0.00017907,
      "usdValue": 21.088966457999998,
      "isContract": false,
      "cexTag": "Deribit"
    },
    {
      "rank": 12,
      "address": "1MdrdcEzfiJdvs6eVSwUx6bWboPX8if5U3",
      "blockChain": "BTC",
      "blockChainLogo": "https://static.oklink.com/cdn/explorer/admin/1686558172927.png",
      "blockChainLightLogo": "https://static.oklink.com/cdn/assets/imgs/2312/FF3843272D00C1E7.png",
      "symbol": "BTC",
      "logo": "https://static.coinall.ltd/cdn/wallet/logo/BTC.png",
      "value": 0.00008415,
      "usdValue": 9.910295009999999,
      "isContract": false,
      "cexTag": "Deribit"
    },
    {
      "rank": 13,
      "address": "35WHp4Hid61peyH4tuhNunwRj2gtNB41Lo",
      "blockChain": "BTC",
      "blockChainLogo": "https://static.oklink.com/cdn/explorer/admin/1686558172927.png",
      "blockChainLightLogo": "https://static.oklink.com/cdn/assets/imgs/2312/FF3843272D00C1E7.png",
      "symbol": "BTC",
      "logo": "https://static.coinall.ltd/cdn/wallet/logo/BTC.png",
      "value": 0.00006606,
      "usdValue": 7.779846564,
      "isContract": false,
      "cexTag": "Deribit"
    },
    {
      "rank": 1,
      "address": "0x866c9a77d8ab71d2874703e80cb7ad809b301e8e",
      "blockChain": "ETH",
      "blockChainLogo": "https://static.oklink.com/cdn/web3/currency/token/1706800365851.png/type=png_350_0",
      "blockChainLightLogo": "https://static.oklink.com/cdn/assets/imgs/2312/BEC6A727AB2BFAB0.png",
      "symbol": "ETH",
      "logo": "https://static.oklink.com/cdn/web3/currency/token/1-0xeeeeeeeeeeeeeeeeeeeeeeeeeeeeeeeeeeeeeeee-1.png/type=default_350_0?v=1736491763069",
      "value": 189289.96491997724,
      "usdValue": 848168581.9137849,
      "isContract": false,
      "cexTag": "Deribit"
    },
    {
      "rank": 2,
      "address": "0x5f397b62502e255f68382791947d54c4b2d37f09",
      "blockChain": "ETH",
      "blockChainLogo": "https://static.oklink.com/cdn/web3/currency/token/1706800365851.png/type=png_350_0",
      "blockChainLightLogo": "https://static.oklink.com/cdn/assets/imgs/2312/BEC6A727AB2BFAB0.png",
      "symbol": "ETH",
      "logo": "https://static.oklink.com/cdn/web3/currency/token/1-0xeeeeeeeeeeeeeeeeeeeeeeeeeeeeeeeeeeeeeeee-1.png/type=default_350_0?v=1736491763069",
      "value": 8723.006297467044,
      "usdValue": 39085959.387627356,
      "isContract": false,
      "cexTag": "Deribit"
    },
    {
      "rank": 3,
      "address": "0x77021d475e36b3ab1921a0e3a8380f069d3263de",
      "blockChain": "ETH",
      "blockChainLogo": "https://static.oklink.com/cdn/web3/currency/token/1706800365851.png/type=png_350_0",
      "blockChainLightLogo": "https://static.oklink.com/cdn/assets/imgs/2312/BEC6A727AB2BFAB0.png",
      "symbol": "ETH",
      "logo": "https://static.oklink.com/cdn/web3/currency/token/1-0xeeeeeeeeeeeeeeeeeeeeeeeeeeeeeeeeeeeeeeee-1.png/type=default_350_0?v=1736491763069",
      "value": 2379.763600808816,
      "usdValue": 10663220.944868134,
      "isContract": false,
      "cexTag": "Deribit"
    },
    {
      "rank": 4,
      "address": "0x1bae874af9f81b8f93315b27f080260da4702d3a",
      "blockChain": "ETH",
      "blockChainLogo": "https://static.oklink.com/cdn/web3/currency/token/1706800365851.png/type=png_350_0",
      "blockChainLightLogo": "https://static.oklink.com/cdn/assets/imgs/2312/BEC6A727AB2BFAB0.png",
      "symbol": "ETH",
      "logo": "https://static.oklink.com/cdn/web3/currency/token/1-0xeeeeeeeeeeeeeeeeeeeeeeeeeeeeeeeeeeeeeeee-1.png/type=default_350_0?v=1736491763069",
      "value": 750.5885783588463,
      "usdValue": 3363229.7960245353,
      "isContract": false,
      "cexTag": "Deribit"
    },
    {
      "rank": 5,
      "address": "0x4522fdcb4eb62c3673303a5077f28b32c377c364",
      "blockChain": "ETH",
      "blockChainLogo": "https://static.oklink.com/cdn/web3/currency/token/1706800365851.png/type=png_350_0",
      "blockChainLightLogo": "https://static.oklink.com/cdn/assets/imgs/2312/BEC6A727AB2BFAB0.png",
      "symbol": "ETH",
      "logo": "https://static.oklink.com/cdn/web3/currency/token/1-0xeeeeeeeeeeeeeeeeeeeeeeeeeeeeeeeeeeeeeeee-1.png/type=default_350_0?v=1736491763069",
      "value": 0.9709385195803543,
      "usdValue": 4350.5716091504555,
      "isContract": false,
      "cexTag": "Deribit"
    },
    {
      "rank": 6,
      "address": "0x58f56615180a8eea4c462235d9e215f72484b4a3",
      "blockChain": "ETH",
      "blockChainLogo": "https://static.oklink.com/cdn/web3/currency/token/1706800365851.png/type=png_350_0",
      "blockChainLightLogo": "https://static.oklink.com/cdn/assets/imgs/2312/BEC6A727AB2BFAB0.png",
      "symbol": "ETH",
      "logo": "https://static.oklink.com/cdn/web3/currency/token/1-0xeeeeeeeeeeeeeeeeeeeeeeeeeeeeeeeeeeeeeeee-1.png/type=default_350_0?v=1736491763069",
      "value": 0.001022841868644957,
      "usdValue": 4.583139616605637,
      "isContract": false,
      "cexTag": "Deribit"
    },
    {
      "rank": 7,
      "address": "0x9451f6cd9844cec474b0ce1d5bebfacc16a75bec",
      "blockChain": "ETH",
      "blockChainLogo": "https://static.oklink.com/cdn/web3/currency/token/1706800365851.png/type=png_350_0",
      "blockChainLightLogo": "https://static.oklink.com/cdn/assets/imgs/2312/BEC6A727AB2BFAB0.png",
      "symbol": "ETH",
      "logo": "https://static.oklink.com/cdn/web3/currency/token/1-0xeeeeeeeeeeeeeeeeeeeeeeeeeeeeeeeeeeeeeeee-1.png/type=default_350_0?v=1736491763069",
      "value": 0.000075389285601,
      "usdValue": 0.3378035570281048,
      "isContract": false,
      "cexTag": "Deribit"
    },
    {
      "rank": 8,
      "address": "0x2563328d58ac7ee9e930e89c29ce96046a291207",
      "blockChain": "ETH",
      "blockChainLogo": "https://static.oklink.com/cdn/web3/currency/token/1706800365851.png/type=png_350_0",
      "blockChainLightLogo": "https://static.oklink.com/cdn/assets/imgs/2312/BEC6A727AB2BFAB0.png",
      "symbol": "ETH",
      "logo": "https://static.oklink.com/cdn/web3/currency/token/1-0xeeeeeeeeeeeeeeeeeeeeeeeeeeeeeeeeeeeeeeee-1.png/type=default_350_0?v=1736491763069",
      "value": 0.000046226231961,
      "usdValue": 0.2071300379085292,
      "isContract": false,
      "cexTag": "Deribit"
    },
    {
      "rank": 9,
      "address": "0x63f41034871535cee49996cc47719891fe03dff9",
      "blockChain": "ETH",
      "blockChainLogo": "https://static.oklink.com/cdn/web3/currency/token/1706800365851.png/type=png_350_0",
      "blockChainLightLogo": "https://static.oklink.com/cdn/assets/imgs/2312/BEC6A727AB2BFAB0.png",
      "symbol": "ETH",
      "logo": "https://static.oklink.com/cdn/web3/currency/token/1-0xeeeeeeeeeeeeeeeeeeeeeeeeeeeeeeeeeeeeeeee-1.png/type=default_350_0?v=1736491763069",
      "value": 0.000017150484917143,
      "usdValue": 0.07684772131188518,
      "isContract": false,
      "cexTag": "Deribit"
    },
    {
      "rank": 10,
      "address": "0xa0f6121319a34f24653fb82addc8dd268af5b9e1",
      "blockChain": "ETH",
      "blockChainLogo": "https://static.oklink.com/cdn/web3/currency/token/1706800365851.png/type=png_350_0",
      "blockChainLightLogo": "https://static.oklink.com/cdn/assets/imgs/2312/BEC6A727AB2BFAB0.png",
      "symbol": "ETH",
      "logo": "https://static.oklink.com/cdn/web3/currency/token/1-0xeeeeeeeeeeeeeeeeeeeeeeeeeeeeeeeeeeeeeeee-1.png/type=default_350_0?v=1736491763069",
      "value": 0.000001,
      "usdValue": 0.00448079,
      "isContract": false,
      "cexTag": "Deribit"
    },
    {
      "rank": 11,
      "address": "0xa7e15ef7c01b58ebe5ef74aa73625ae4b11fe754",
      "blockChain": "ETH",
      "blockChainLogo": "https://static.oklink.com/cdn/web3/currency/token/1706800365851.png/type=png_350_0",
      "blockChainLightLogo": "https://static.oklink.com/cdn/assets/imgs/2312/BEC6A727AB2BFAB0.png",
      "symbol": "ETH",
      "logo": "https://static.oklink.com/cdn/web3/currency/token/1-0xeeeeeeeeeeeeeeeeeeeeeeeeeeeeeeeeeeeeeeee-1.png/type=default_350_0?v=1736491763069",
      "value": 1e-10,
      "usdValue": 4.48079e-7,
      "isContract": false,
      "cexTag": "Deribit"
    },
    {
      "rank": 1,
      "address": "0xbc43e086a8cc16597505c618af5139ba614c1cb1",
      "blockChain": "ETC",
      "blockChainLogo": "https://static.oklink.com/cdn/explorer/admin/1686558153814.png",
      "blockChainLightLogo": "https://static.oklink.com/cdn/assets/imgs/2312/6A72CFE7ED04A323.png",
      "symbol": "ETC",
      "logo": "https://static.coinall.ltd/cdn/wallet/logo/ETC.png",
      "value": 4.574623441,
      "usdValue": 102.19708767194,
      "isContract": false,
      "cexTag": "Deribit"
    },
    {
      "rank": 2,
      "address": "0x72a0b3662b0c086292183919823388c926a5be3c",
      "blockChain": "ETC",
      "blockChainLogo": "https://static.oklink.com/cdn/explorer/admin/1686558153814.png",
      "blockChainLightLogo": "https://static.oklink.com/cdn/assets/imgs/2312/6A72CFE7ED04A323.png",
      "symbol": "ETC",
      "logo": "https://static.coinall.ltd/cdn/wallet/logo/ETC.png",
      "value": 0.1,
      "usdValue": 2.234,
      "isContract": false,
      "cexTag": "Deribit"
    }
  ]
}