{
  "blockChainList": [
    {
      "blockChain": "BTC",
      "logo": "https://static.oklink.com/cdn/explorer/admin/1686558172927.png",
      "lightLogo": "https://static.oklink.com/cdn/assets/imgs/2312/FF3843272D00C1E7.png",
      "blockChainId": "0"
    },
    {
      "blockChain": "ETH",
      "logo": "https://static.oklink.com/cdn/web3/currency/token/1706800365851.png/type=png_350_0",
      "lightLogo": "https://static.oklink.com/cdn/assets/imgs/2312/BEC6A727AB2BFAB0.png",
      "blockChainId": "1"
    },
    {
      "blockChain": "SOLANA",
      "logo": "https://static.coinall.ltd/cdn/web3/currency/token/1715241932682.png/type=png_350_0",
      "lightLogo": "https://static.oklink.com/cdn/assets/imgs/2312/4CB5F5AE4EFA977F.png",
      "blockChainId": "501"
    },
    {
      "blockChain": "BSC",
      "logo": "https://static.coinall.ltd/cdn/web3/currency/token/1742545358366.png/type=default_350_0",
      "lightLogo": "https://static.oklink.com/cdn/assets/imgs/2312/C415878C9255068A.png",
      "blockChainId": "56"
    },
    {
      "blockChain": "RIPPLE",
      "logo": "https://static.oklink.com/cdn/explorer/currency/token/xrp-xrp-null.png",
      "lightLogo": "https://static.oklink.com/cdn/assets/imgs/256/5C30885514F56CA7.jpeg",
      "blockChainId": "144"
    },
    {
      "blockChain": "BASE",
      "logo": "https://static.coinall.ltd/cdn/web3/currency/token/1736766709807.png/type=default_350_0",
      "lightLogo": "https://static.oklink.com/cdn/assets/imgs/2312/E8725CEE33D29668.png",
      "blockChainId": "8453"
    },
    {
      "blockChain": "ARBITRUM",
      "logo": "https://static.oklink.com/cdn/explorer/admin/1686557510911.png",
      "lightLogo": "https://static.oklink.com/cdn/assets/imgs/2312/ED446CC74F2B3AFF.png",
      "blockChainId": "42161"
    },
    {
      "blockChain": "OPTIMISM",
      "logo": "https://static.oklink.com/cdn/explorer/admin/1686557806497.png",
      "lightLogo": "https://static.oklink.com/cdn/assets/imgs/2312/FEE088C8C0C85D41.png",
      "blockChainId": "10"
    },
    {
      "blockChain": "POLYGON",
      "logo": "https://static.oklink.com/cdn/web3/currency/token/1697556067799.png/type=png_350_0",
      "lightLogo": "https://static.oklink.com/cdn/assets/imgs/2312/DE31DC421B88956E.png",
      "blockChainId": "137"
    },
    {
      "blockChain": "AVAXC",
      "logo": "https://static.oklink.com/cdn/explorer/admin/1686558223199.png",
      "lightLogo": "https://static.oklink.com/cdn/assets/imgs/2312/708CF2DEB0D08361.png",
      "blockChainId": "43114"
    },
    {
      "blockChain": "ZKSYNC",
      "logo": "https://static.oklink.com/cdn/explorer/admin/1686558413916.png",
      "lightLogo": "https://static.oklink.com/cdn/assets/imgs/2312/FA6C98D597C2904F.png",
      "blockChainId": "324"
    },
    {
      "blockChain": "LINEA",
      "logo": "https://static.oklink.com/cdn/explorer/admin/1689947710844.jpeg",
      "lightLogo": "https://static.oklink.com/cdn/assets/imgs/2312/F91DD1A03FFFE65C.png",
      "blockChainId": "59144"
    },
    {
      "blockChain": "ETC",
      "logo": "https://static.oklink.com/cdn/explorer/admin/1686558153814.png",
      "lightLogo": "https://static.oklink.com/cdn/assets/imgs/2312/6A72CFE7ED04A323.png",
      "blockChainId": "61"
    }
  ],
  "tokenList": [
    {
      "symbol": "BTC",
      "logo": "https://static.coinall.ltd/cdn/wallet/logo/BTC.png"
    },
    {
      "symbol": "ETH",
      "logo": "https://static.oklink.com/cdn/web3/currency/token/1-0xeeeeeeeeeeeeeeeeeeeeeeeeeeeeeeeeeeeeeeee-1.png/type=default_350_0?v=1736491763069"
    },
    {
      "symbol": "USDT",
      "logo": "https://static.oklink.com/cdn/web3/currency/token/large/137-0x1e4a5963abfd975d8c9021ce480b42188849d41d-107/type=default_90_0?v=1755242172066"
    },
    {
      "symbol": "USDC",
      "logo": "https://static.oklink.com/cdn/web3/currency/token/small/637-0xbae207659db88bea0cbead6da0ed00aac12edcdda169e591cd41c94180b46f3b-1?v=1742202380789"
    },
    {
      "symbol": "BUSD",
      "logo": "https://static.oklink.com/cdn/web3/currency/token/large/1-0x4fabb145d64652a948d72533023f6e7a623c7c53-106/type=default_90_0?v=1755446491789"
    },
    {
      "symbol": "CHZ",
      "logo": "https://static.oklink.com/cdn/web3/currency/token/large/1-0x3506424f91fd33084466f402d5d97f05f8e3b4af-106/type=default_90_0?v=1755446481411"
    },
    {
      "symbol": "XRP",
      "logo": "https://static.oklink.com/cdn/web3/currency/token/144-null.png/type=default_350_0"
    },
    {
      "symbol": "ETC",
      "logo": "https://static.coinall.ltd/cdn/wallet/logo/ETC.png"
    },
    {
      "symbol": "POL",
      "logo": "https://static.oklink.com/cdn/web3/currency/token/small/137-0xeeeeeeeeeeeeeeeeeeeeeeeeeeeeeeeeeeeeeeee-1?v=1739257179666"
    },
    {
      "symbol": "MATIC",
      "logo": "https://static.oklink.com/cdn/web3/currency/token/small/137-0xa2036f0538221a77a3937f1379699f44945018d0-105?v=1749148614872"
    },
    {
      "symbol": "OP",
      "logo": "https://static.coinall.ltd/cdn/wallet/logo/op_10000.png"
    },
    {
      "symbol": "SOL",
      "logo": "https://static.oklink.com/cdn/web3/currency/token/501-11111111111111111111111111111111-1.png/type=default_350_0?v=1734571825920"
    },
    {
      "symbol": "USDE",
      "logo": "https://static.oklink.com/cdn/web3/currency/token/small/196-0x5d3a1ff2b6bab83b63cd9ad0787074081a52ef34-96?v=1749062858427"
    },
    {
      "symbol": "BTCB",
      "logo": "https://static.coinall.ltd/cdn/wallet/logo/BTCB-20220308.png"
    }
  ]
}