{
  "timestamp": "2025-08-17T13:37:28.868Z",
  "totalAddresses": 421,
  "addresses": [
    {
      "cexTag": "Kraken",
      "symbol": "BTC",
      "address": "bc1qcardnx2pjnh0ce0rsdkce2yxxr9v6pt9a6qya3",
      "value": 40984.18113822,
      "usdValue": 4845137598.906027,
      "isContract": false
    },
    {
      "cexTag": "Kraken",
      "symbol": "BTC",
      "address": "bc1qjfyk39gshlamzfedthz74sx296xyjn4u2xr00phgjsmduppezsyqulgqg7",
      "value": 36157.19948748,
      "usdValue": 4274493276.250039,
      "isContract": false
    },
    {
      "cexTag": "Kraken",
      "symbol": "BTC",
      "address": "bc1qx85mcrg3cm38vksg4re035nujrldgpppqnurrg",
      "value": 25657.50550375,
      "usdValue": 3033222603.401674,
      "isContract": false
    },
    {
      "cexTag": "Kraken",
      "symbol": "BTC",
      "address": "bc1qxu4nfkdf8a97mey8ke3npg3aggvskvvcdgndnvxn5upv7jypxdgs3mhvvy",
      "value": 21989.070773,
      "usdValue": 2599541350.062828,
      "isContract": false
    },
    {
      "cexTag": "Kraken",
      "symbol": "BTC",
      "address": "bc1qnad7erjflzm38d8p820hday79v90d09sc4gdly",
      "value": 17560.53719962,
      "usdValue": 2076001439.5779166,
      "isContract": false
    },
    {
      "cexTag": "Kraken",
      "symbol": "BTC",
      "address": "bc1qcv8h9hp5w8c4qpze0a4tdxw6qjtvg8yps23k0g3aymxx7jlesv4q4t6f65",
      "value": 6395.72090459,
      "usdValue": 756100206.6243584,
      "isContract": false
    },
    {
      "cexTag": "Kraken",
      "symbol": "BTC",
      "address": "3KXwpcwggRsACLkFdfCVMU5ZA4tcLxdN6T",
      "value": 2562.25804513,
      "usdValue": 302909377.4178551,
      "isContract": false
    },
    {
      "cexTag": "Kraken",
      "symbol": "BTC",
      "address": "3JQieEzccKjFS34oW8KZSGBDndiH1YyFrE",
      "value": 893.41729967,
      "usdValue": 105619525.1417975,
      "isContract": false
    },
    {
      "cexTag": "Kraken",
      "symbol": "BTC",
      "address": "bc1qj72xxg2garaykrt8sslmz50e38k4peepynhp7qjptrfx636vju6sw0yxf9",
      "value": 50.00008819,
      "usdValue": 5910995.425795343,
      "isContract": false
    },
    {
      "cexTag": "Kraken",
      "symbol": "BTC",
      "address": "38MSFjgJznsMjgZhcP835u4csEKwTaCMm8",
      "value": 26.00021644,
      "usdValue": 3073737.7874718676,
      "isContract": false
    },
    {
      "cexTag": "Kraken",
      "symbol": "BTC",
      "address": "3BxrReK66kEVkuCkh7ogkt2DJyp5ieg9yj",
      "value": 25.02324228,
      "usdValue": 2958240.1953689163,
      "isContract": false
    },
    {
      "cexTag": "Kraken",
      "symbol": "BTC",
      "address": "3MQtH7R88pcpmGC6wUkFepEgkxxg19Uxmk",
      "value": 21.9995,
      "usdValue": 2600774.2901500002,
      "isContract": false
    },
    {
      "cexTag": "Kraken",
      "symbol": "BTC",
      "address": "3D3aYsxsGZfhuGHLSWxuDop3nk9xzKEjag",
      "value": 21.2986426,
      "usdValue": 2517919.13857922,
      "isContract": false
    },
    {
      "cexTag": "Kraken",
      "symbol": "BTC",
      "address": "3EvdaiaNXpEjVkbNxvRnNKyVe6EsvonJmA",
      "value": 15.15,
      "usdValue": 1791028.455,
      "isContract": false
    },
    {
      "cexTag": "Kraken",
      "symbol": "BTC",
      "address": "3QT9qopJRECgSA6vYdzSoeP1KQPVdkKjFS",
      "value": 1,
      "usdValue": 118219.7,
      "isContract": false
    },
    {
      "cexTag": "Kraken",
      "symbol": "BTC",
      "address": "36c6356hkb94DA7E8sDZ5booy9A7AYo9mG",
      "value": 0.6069,
      "usdValue": 71747.53593,
      "isContract": false
    },
    {
      "cexTag": "Kraken",
      "symbol": "BTC",
      "address": "3HghCDJAGYDyU9g67tEsswD3u8NyFbMLJm",
      "value": 0.25118055,
      "usdValue": 29694.489266835,
      "isContract": false
    },
    {
      "cexTag": "Kraken",
      "symbol": "BTC",
      "address": "35RqJirzPEvT3RnVQ4HyDUAbE9S1zQDdRd",
      "value": 0.20788386,
      "usdValue": 24575.967564042,
      "isContract": false
    },
    {
      "cexTag": "Kraken",
      "symbol": "BTC",
      "address": "3JgED274iptdLQ75pBoLo8budE9A6K3Lnf",
      "value": 0.05,
      "usdValue": 5910.985000000001,
      "isContract": false
    },
    {
      "cexTag": "Kraken",
      "symbol": "BTC",
      "address": "3QPANxKSxS6YUoy2Cm1yRGMsTjfvbtHUaB",
      "value": 0.04027355,
      "usdValue": 4761.126998934999,
      "isContract": false
    },
    {
      "cexTag": "Kraken",
      "symbol": "BTC",
      "address": "3Mk1cU6365vC2zCfrjAxpG8VhfEhomcP2P",
      "value": 0.04,
      "usdValue": 4728.788,
      "isContract": false
    },
    {
      "cexTag": "Kraken",
      "symbol": "BTC",
      "address": "3MTmay1ZmjEq1nN6nj751xwjrJmWzznFLe",
      "value": 0.02536869,
      "usdValue": 2999.078921193,
      "isContract": false
    },
    {
      "cexTag": "Kraken",
      "symbol": "BTC",
      "address": "3E7o3wJrkaM5pbY3BQRYwQLpSe463qDiw1",
      "value": 0.02071512,
      "usdValue": 2448.935271864,
      "isContract": false
    },
    {
      "cexTag": "Kraken",
      "symbol": "BTC",
      "address": "3GCkYk5TnyVKz3XrouYarFsJWmWWFi7HhP",
      "value": 0.01963518,
      "usdValue": 2321.265089046,
      "isContract": false
    },
    {
      "cexTag": "Kraken",
      "symbol": "BTC",
      "address": "3F6HNvDiJBFQgHfbnVn1FhHLodDPeDxPQ4",
      "value": 0.01898432,
      "usdValue": 2244.320615104,
      "isContract": false
    },
    {
      "cexTag": "Kraken",
      "symbol": "BTC",
      "address": "37hQ9YRbySAALWn6PVxkLnW5g3AmWpWmGV",
      "value": 0.01801428,
      "usdValue": 2129.642777316,
      "isContract": false
    },
    {
      "cexTag": "Kraken",
      "symbol": "BTC",
      "address": "33Pu7nAq6xRFEhLPkhXujm32CJ5JHzvLBX",
      "value": 0.01594629,
      "usdValue": 1885.1656199129998,
      "isContract": false
    },
    {
      "cexTag": "Kraken",
      "symbol": "BTC",
      "address": "3H5SYUpxD5wyA9u43K6EuDuJDtnKyBem6Z",
      "value": 0.015,
      "usdValue": 1773.2955,
      "isContract": false
    },
    {
      "cexTag": "Kraken",
      "symbol": "BTC",
      "address": "35JA142e7dVDMihqFk83fkQHGW1XnoRfbj",
      "value": 0.01362639,
      "usdValue": 1610.907737883,
      "isContract": false
    },
    {
      "cexTag": "Kraken",
      "symbol": "BTC",
      "address": "39QEU1sEa63yz6tYnQ2aoEzq1kRTF83zJ2",
      "value": 0.01359597,
      "usdValue": 1607.311494609,
      "isContract": false
    },
    {
      "cexTag": "Kraken",
      "symbol": "BTC",
      "address": "3Pe1JdQaBM7EYtGobLCMjRbAFduXH7mj8s",
      "value": 0.01339417,
      "usdValue": 1583.454759149,
      "isContract": false
    },
    {
      "cexTag": "Kraken",
      "symbol": "BTC",
      "address": "367NrcqcUj6vuSRo4En68XwKsN3Q63o1fD",
      "value": 0.01195357,
      "usdValue": 1413.147459329,
      "isContract": false
    },
    {
      "cexTag": "Kraken",
      "symbol": "BTC",
      "address": "3445pdfJN343NMEe6SsUqnuqkgJryAc9e7",
      "value": 0.01095058,
      "usdValue": 1294.5742824259999,
      "isContract": false
    },
    {
      "cexTag": "Kraken",
      "symbol": "BTC",
      "address": "3PK8KnntaA6BxyJyDPsDoenZybUBHPZgWY",
      "value": 0.01081917,
      "usdValue": 1279.039031649,
      "isContract": false
    },
    {
      "cexTag": "Kraken",
      "symbol": "BTC",
      "address": "3EN7XBgtr78vWwZDhbkg6DS7CFV5fXyj5E",
      "value": 0.00787782,
      "usdValue": 931.313517054,
      "isContract": false
    },
    {
      "cexTag": "Kraken",
      "symbol": "BTC",
      "address": "3AFnDxfWMLs2M3xpNohSmyQv6ShexU4ndW",
      "value": 0.00710326,
      "usdValue": 839.7452662219999,
      "isContract": false
    },
    {
      "cexTag": "Kraken",
      "symbol": "BTC",
      "address": "36JiJGo8WfqmG5N66phTmG6qAQMSQgn9bi",
      "value": 0.00702721,
      "usdValue": 830.754658037,
      "isContract": false
    },
    {
      "cexTag": "Kraken",
      "symbol": "BTC",
      "address": "3NkjrQ4MSJP6EngJtks8rkFRQGMENfnhqU",
      "value": 0.00696395,
      "usdValue": 823.276079815,
      "isContract": false
    },
    {
      "cexTag": "Kraken",
      "symbol": "BTC",
      "address": "3EPxFUEaxk6CJHtWvqJGsA6if5LK6ZDi1r",
      "value": 0.00672964,
      "usdValue": 795.576021908,
      "isContract": false
    },
    {
      "cexTag": "Kraken",
      "symbol": "BTC",
      "address": "3HeeNZyWLCXuxFmJdtBxPSffWgCaCHg6z3",
      "value": 0.00658969,
      "usdValue": 779.031174893,
      "isContract": false
    },
    {
      "cexTag": "Kraken",
      "symbol": "BTC",
      "address": "33YKGP8uNCupnURRfqWGs4CWW9Rw72bC13",
      "value": 0.00616905,
      "usdValue": 729.3032402849999,
      "isContract": false
    },
    {
      "cexTag": "Kraken",
      "symbol": "BTC",
      "address": "39T2gDpmEjcVtZrBzB435aRsnQkfWDswKK",
      "value": 0.0056692,
      "usdValue": 670.21112324,
      "isContract": false
    },
    {
      "cexTag": "Kraken",
      "symbol": "BTC",
      "address": "3A5ConcVyZqMbggj92AjVzsCU2HmZ7nD13",
      "value": 0.00552347,
      "usdValue": 652.982966359,
      "isContract": false
    },
    {
      "cexTag": "Kraken",
      "symbol": "BTC",
      "address": "3KQfsbTZJEBU9MVVY2JUMBNuhtU2VVbmeZ",
      "value": 0.00551099,
      "usdValue": 651.507584503,
      "isContract": false
    },
    {
      "cexTag": "Kraken",
      "symbol": "BTC",
      "address": "38dt9z58Rsb1aaA5xSbbcukW5GRxuZ3xcP",
      "value": 0.00523406,
      "usdValue": 618.769002982,
      "isContract": false
    },
    {
      "cexTag": "Kraken",
      "symbol": "BTC",
      "address": "3D4ZDwewMcPMr2SKbSQDVstQALWxw89AkX",
      "value": 0.0051284,
      "usdValue": 606.27790948,
      "isContract": false
    },
    {
      "cexTag": "Kraken",
      "symbol": "BTC",
      "address": "3PcBUL46e53vBcwCWqt4xRstpzFCTYZyZx",
      "value": 0.00498505,
      "usdValue": 589.331115485,
      "isContract": false
    },
    {
      "cexTag": "Kraken",
      "symbol": "BTC",
      "address": "3HTtHixPgWxu8aQXpTK5sjRuFNSzsAp11W",
      "value": 0.00487954,
      "usdValue": 576.857754938,
      "isContract": false
    },
    {
      "cexTag": "Kraken",
      "symbol": "BTC",
      "address": "37NaScUvbjsXhMDRaUYUcLCME8cAK3guv4",
      "value": 0.00487344,
      "usdValue": 576.136614768,
      "isContract": false
    },
    {
      "cexTag": "Kraken",
      "symbol": "BTC",
      "address": "3FM5Wok8TYeKyp9etcxLnovfwMQiaW3hW6",
      "value": 0.00475407,
      "usdValue": 562.024729179,
      "isContract": false
    },
    {
      "cexTag": "Kraken",
      "symbol": "BTC",
      "address": "3GgDXmhstsGJd26DEHGpRQ7zCZbpeZnEfv",
      "value": 0.004661,
      "usdValue": 551.0220217,
      "isContract": false
    },
    {
      "cexTag": "Kraken",
      "symbol": "BTC",
      "address": "3QMcbNnynQ3Uxz5GDXdGYH7KBoXJw2NQq5",
      "value": 0.00455281,
      "usdValue": 538.231832357,
      "isContract": false
    },
    {
      "cexTag": "Kraken",
      "symbol": "BTC",
      "address": "354aAwExtL3isJadvBSLQS8mPYxaLNePdC",
      "value": 0.00452411,
      "usdValue": 534.8389269669999,
      "isContract": false
    },
    {
      "cexTag": "Kraken",
      "symbol": "BTC",
      "address": "3KhBDP3F3zh55aCCUjKG2NHLu3SwMt4nxc",
      "value": 0.00450486,
      "usdValue": 532.563197742,
      "isContract": false
    },
    {
      "cexTag": "Kraken",
      "symbol": "BTC",
      "address": "3PU9kC6eUc4tGJj4EETRTme342Mu8FdxSs",
      "value": 0.00449295,
      "usdValue": 531.155201115,
      "isContract": false
    },
    {
      "cexTag": "Kraken",
      "symbol": "BTC",
      "address": "37npgsGTRBQckwmUdH1ePHp6ffXd3J81g9",
      "value": 0.00431968,
      "usdValue": 510.671273696,
      "isContract": false
    },
    {
      "cexTag": "Kraken",
      "symbol": "BTC",
      "address": "3EDwQ3YGw94um69RhRac4VNAG4nofn3kMy",
      "value": 0.00419071,
      "usdValue": 495.42447898700004,
      "isContract": false
    },
    {
      "cexTag": "Kraken",
      "symbol": "BTC",
      "address": "3BvdcgxviMu8pHwjeib9gmjQ9Wwe35y8he",
      "value": 0.004,
      "usdValue": 472.8788,
      "isContract": false
    },
    {
      "cexTag": "Kraken",
      "symbol": "BTC",
      "address": "3CM9bpZu3oAihKnzLzcYMNiKb5kYvJoEig",
      "value": 0.0039823,
      "usdValue": 470.78631131000003,
      "isContract": false
    },
    {
      "cexTag": "Kraken",
      "symbol": "BTC",
      "address": "3QXFSxAdUuhrKd7E8m4cY7K7eLbCmm7iiu",
      "value": 0.00397686,
      "usdValue": 470.14319614199997,
      "isContract": false
    },
    {
      "cexTag": "Kraken",
      "symbol": "BTC",
      "address": "356w911nnCRPyMEUS7LJdaSRgoTz9yEZ63",
      "value": 0.00396989,
      "usdValue": 469.319204833,
      "isContract": false
    },
    {
      "cexTag": "Kraken",
      "symbol": "BTC",
      "address": "34AQhYCm4UMFfM9zY9Dijywf9HrheZodnj",
      "value": 0.00388257,
      "usdValue": 458.996260629,
      "isContract": false
    },
    {
      "cexTag": "Kraken",
      "symbol": "BTC",
      "address": "3Dhx7V5ZdmiZTnEBj3NAzWc7rbYwqxhYUG",
      "value": 0.00376242,
      "usdValue": 444.792163674,
      "isContract": false
    },
    {
      "cexTag": "Kraken",
      "symbol": "BTC",
      "address": "3Bu4wTSReNeDVju2wEUMLZqGFaSxhzcQHh",
      "value": 0.003714,
      "usdValue": 439.06796579999997,
      "isContract": false
    },
    {
      "cexTag": "Kraken",
      "symbol": "BTC",
      "address": "35vSX2aRPsNf7Yozwe5rNtwx9rPnDVFhPM",
      "value": 0.0036293,
      "usdValue": 429.05475721,
      "isContract": false
    },
    {
      "cexTag": "Kraken",
      "symbol": "BTC",
      "address": "3LctUmcwDUj5Gp1KEVi3TFrDDPMuKEckvN",
      "value": 0.0035463,
      "usdValue": 419.24252211,
      "isContract": false
    },
    {
      "cexTag": "Kraken",
      "symbol": "BTC",
      "address": "38ykNKKXbWd8bYmSJWtRbz14MJWnHwNAvf",
      "value": 0.00342533,
      "usdValue": 404.941485001,
      "isContract": false
    },
    {
      "cexTag": "Kraken",
      "symbol": "BTC",
      "address": "3NpFtNZXhKmoBPFFKCZHFZi46AG6ffJgic",
      "value": 0.00332251,
      "usdValue": 392.786135447,
      "isContract": false
    },
    {
      "cexTag": "Kraken",
      "symbol": "BTC",
      "address": "389Zt3vVBsANSnaJ4oZc2Rh4N4sgu7tvom",
      "value": 0.00331238,
      "usdValue": 391.588569886,
      "isContract": false
    },
    {
      "cexTag": "Kraken",
      "symbol": "BTC",
      "address": "342tMPVcsEvhavB1TFaiBLYVJdpd5yzuLs",
      "value": 0.00327304,
      "usdValue": 386.937806888,
      "isContract": false
    },
    {
      "cexTag": "Kraken",
      "symbol": "BTC",
      "address": "3PmR5LZ2bJuiGrS9n6wyHFnZk2kTHy9ae4",
      "value": 0.0032398,
      "usdValue": 383.00818406,
      "isContract": false
    },
    {
      "cexTag": "Kraken",
      "symbol": "BTC",
      "address": "32MU3RPRVZVcCzLf2vbpyNqrz4FLccH4Zi",
      "value": 0.0032183,
      "usdValue": 380.46646051,
      "isContract": false
    },
    {
      "cexTag": "Kraken",
      "symbol": "BTC",
      "address": "38TfQcPUcJem73pWLaXCbyU8kGqxFoELko",
      "value": 0.00321721,
      "usdValue": 380.33760103699996,
      "isContract": false
    },
    {
      "cexTag": "Kraken",
      "symbol": "BTC",
      "address": "38CaRPqJ2zCSSWNfSUWhxXrFwSexQnQjJj",
      "value": 0.00319039,
      "usdValue": 377.166948683,
      "isContract": false
    },
    {
      "cexTag": "Kraken",
      "symbol": "BTC",
      "address": "3QoPPToZi8R6UZ6UVaEC98wuGNSYg7A1e4",
      "value": 0.00309258,
      "usdValue": 365.603879826,
      "isContract": false
    },
    {
      "cexTag": "Kraken",
      "symbol": "BTC",
      "address": "35bcD1GwioPbPWNn5esJVb8b44ny5nG9AC",
      "value": 0.00309023,
      "usdValue": 365.326063531,
      "isContract": false
    },
    {
      "cexTag": "Kraken",
      "symbol": "BTC",
      "address": "328NG7pcwbRCki3rSNwH8phjpNGex7Bjoh",
      "value": 0.00306504,
      "usdValue": 362.348109288,
      "isContract": false
    },
    {
      "cexTag": "Kraken",
      "symbol": "BTC",
      "address": "3JwagjVZtWvwgagpoPy4iyxmaUbx9N8wz1",
      "value": 0.00302995,
      "usdValue": 358.199780015,
      "isContract": false
    },
    {
      "cexTag": "Kraken",
      "symbol": "BTC",
      "address": "3Cedxto6d9VBr9HAFQ2ddiTgH2tPCnSkZK",
      "value": 0.00301844,
      "usdValue": 356.839071268,
      "isContract": false
    },
    {
      "cexTag": "Kraken",
      "symbol": "BTC",
      "address": "33Dj7U1Dc2qiVPPsVjG6Udfc6fEVbDufbe",
      "value": 0.00299468,
      "usdValue": 354.03017119599997,
      "isContract": false
    },
    {
      "cexTag": "Kraken",
      "symbol": "BTC",
      "address": "34xQ9Wyr9MRZ2oFTHt4vG34rHTFVhxSM8G",
      "value": 0.00298318,
      "usdValue": 352.670644646,
      "isContract": false
    },
    {
      "cexTag": "Kraken",
      "symbol": "BTC",
      "address": "3HBx4eAhpBQ4Ms4HkL6S3y2qwazCFZha44",
      "value": 0.00296778,
      "usdValue": 350.850061266,
      "isContract": false
    },
    {
      "cexTag": "Kraken",
      "symbol": "BTC",
      "address": "368VE2PJmK6dk4L9JyDQgaGNkiyeYyUEaC",
      "value": 0.00296141,
      "usdValue": 350.09700177699995,
      "isContract": false
    },
    {
      "cexTag": "Kraken",
      "symbol": "BTC",
      "address": "39eZkfKdDUikmo9CYmLQB55reCiWi8PeA5",
      "value": 0.00294686,
      "usdValue": 348.376905142,
      "isContract": false
    },
    {
      "cexTag": "Kraken",
      "symbol": "BTC",
      "address": "3A3jMJM218S1craiVztq79CyXTbA3BFyct",
      "value": 0.0028801,
      "usdValue": 340.48455796999997,
      "isContract": false
    },
    {
      "cexTag": "Kraken",
      "symbol": "BTC",
      "address": "3NcY5Qt431odVr113cpnQfiUr6jGc7gURj",
      "value": 0.00283844,
      "usdValue": 335.55952526799996,
      "isContract": false
    },
    {
      "cexTag": "Kraken",
      "symbol": "BTC",
      "address": "3J12vzsVPPLmrpjuvqHdziSbhZMC2qEr12",
      "value": 0.0027053,
      "usdValue": 319.81975441,
      "isContract": false
    },
    {
      "cexTag": "Kraken",
      "symbol": "BTC",
      "address": "3A8tNRNGTFjtQaQYBLG1vZBnsMfuPQ7mnd",
      "value": 0.0027,
      "usdValue": 319.19319,
      "isContract": false
    },
    {
      "cexTag": "Kraken",
      "symbol": "BTC",
      "address": "3QSknC5P8oR6i7UbPJSYdNeN8sJWVYxfgy",
      "value": 0.0026398,
      "usdValue": 312.07636406,
      "isContract": false
    },
    {
      "cexTag": "Kraken",
      "symbol": "BTC",
      "address": "34yJ1cr2Rpqng8gMSmTU6z9q7yaHF8PTUr",
      "value": 0.002548,
      "usdValue": 301.22379559999996,
      "isContract": false
    },
    {
      "cexTag": "Kraken",
      "symbol": "BTC",
      "address": "3Boi2nc8FLSiWgPRYUDfzXnBycAN79oPNx",
      "value": 0.002541,
      "usdValue": 300.3962577,
      "isContract": false
    },
    {
      "cexTag": "Kraken",
      "symbol": "BTC",
      "address": "3Bs9M2VBWBfJodzgfyoAJqVdq5v1up3tUD",
      "value": 0.00252213,
      "usdValue": 298.165451961,
      "isContract": false
    },
    {
      "cexTag": "Kraken",
      "symbol": "BTC",
      "address": "34BN5g2UixKBnLwQaQH4BrVXF7qBTesxUD",
      "value": 0.00250948,
      "usdValue": 296.669972756,
      "isContract": false
    },
    {
      "cexTag": "Kraken",
      "symbol": "BTC",
      "address": "3QtLwAViWCnWaaYcujW8Kiu1WvCoWDyjf7",
      "value": 0.00250493,
      "usdValue": 296.13207312099996,
      "isContract": false
    },
    {
      "cexTag": "Kraken",
      "symbol": "BTC",
      "address": "3MNwgiLvvU6aQ2zrYYTcsqoaxTbiP1QpRe",
      "value": 0.0024872,
      "usdValue": 294.03603784,
      "isContract": false
    },
    {
      "cexTag": "Kraken",
      "symbol": "BTC",
      "address": "3FkQHfcY7wBv5Z9GXZEHDkMXsPRWqrxshT",
      "value": 0.00246009,
      "usdValue": 290.831101773,
      "isContract": false
    },
    {
      "cexTag": "Kraken",
      "symbol": "BTC",
      "address": "3JuoS1MHctuccRqrpHEJG9dPdJAWJ1CzZN",
      "value": 0.00244791,
      "usdValue": 289.391185827,
      "isContract": false
    },
    {
      "cexTag": "Kraken",
      "symbol": "BTC",
      "address": "3J8WMGSxEPGtX1qbftLcJjGjkjMT5ExRS6",
      "value": 0.002424,
      "usdValue": 286.5645528,
      "isContract": false
    },
    {
      "cexTag": "Kraken",
      "symbol": "BTC",
      "address": "3PcesWNBt58pHb7DXUyZE98EVm2Pf56hkd",
      "value": 0.00241826,
      "usdValue": 285.885971722,
      "isContract": false
    },
    {
      "cexTag": "Kraken",
      "symbol": "BTC",
      "address": "32pYfFXu4R5VGK7CuL7eyBNcsxETYae2ym",
      "value": 0.00240701,
      "usdValue": 284.556000097,
      "isContract": false
    },
    {
      "cexTag": "Kraken",
      "symbol": "ETH",
      "address": "0x8d0bb74e37ab644964aca2f3fbe12b9147f9d841",
      "value": 329443.97681032395,
      "usdValue": 1494957466.8494241,
      "isContract": false
    },
    {
      "cexTag": "Kraken",
      "symbol": "ETH",
      "address": "0x267be1c1d684f78cb4f6a176c4911b741e4ffdc0",
      "value": 162707.23984663832,
      "usdValue": 738336167.1208723,
      "isContract": false
    },
    {
      "cexTag": "Kraken",
      "symbol": "ETH",
      "address": "0xa6715eafe5d215b82cb9e90a9d6c8970a7c90033",
      "value": 55737.11796164042,
      "usdValue": 252925008.6286911,
      "isContract": false
    },
    {
      "cexTag": "Kraken",
      "symbol": "ETH",
      "address": "0xe6f5b8d420a8427e1718aa53bda05fc741a76fb6",
      "value": 10000.00461162641,
      "usdValue": 45378220.92673055,
      "isContract": false
    },
    {
      "cexTag": "Kraken",
      "symbol": "ETH",
      "address": "0xcac5389c95b5141cf2b6a00f9ac5ea1657a66994",
      "value": 2178.598564853398,
      "usdValue": 9886088.139563045,
      "isContract": false
    },
    {
      "cexTag": "Kraken",
      "symbol": "ETH",
      "address": "0xe700d005150e122e3cb417172caa4a5440e2df2a",
      "value": 653.7969593616172,
      "usdValue": 2966812.9181303335,
      "isContract": false
    },
    {
      "cexTag": "Kraken",
      "symbol": "ETH",
      "address": "0x12fd1ac6c2237776ab04bdcb3dbadf6dfbf7f1b6",
      "value": 494.48819911199575,
      "usdValue": 2243898.439694396,
      "isContract": false
    },
    {
      "cexTag": "Kraken",
      "symbol": "ETH",
      "address": "0x30e84f627ebc336eee72cd720a837e6f75d865d5",
      "value": 483.3662106581672,
      "usdValue": 2193428.858048844,
      "isContract": false
    },
    {
      "cexTag": "Kraken",
      "symbol": "ETH",
      "address": "0xa054611c5b224a5f4ce93ac2a5f8d0ed17813402",
      "value": 480.5867044848437,
      "usdValue": 2180815.9593454134,
      "isContract": false
    },
    {
      "cexTag": "Kraken",
      "symbol": "ETH",
      "address": "0xdfb321988b6a7e0c7f427d3b237591212d8b1005",
      "value": 474.07613149602054,
      "usdValue": 2151272.151025272,
      "isContract": false
    },
    {
      "cexTag": "Kraken",
      "symbol": "ETH",
      "address": "0x7a2e4aa4f2f6ab66594fff84dcabac67fb9773c8",
      "value": 460.7653351251636,
      "usdValue": 2090870.1530376696,
      "isContract": false
    },
    {
      "cexTag": "Kraken",
      "symbol": "ETH",
      "address": "0x8a108e4761386c94b8d2f98a5ffe13e472cfe76a",
      "value": 460.0899684245932,
      "usdValue": 2087805.4605164875,
      "isContract": false
    },
    {
      "cexTag": "Kraken",
      "symbol": "ETH",
      "address": "0x5203aeaaee721195707b01e613b6c3259b3a5cf6",
      "value": 442.5267389914445,
      "usdValue": 2008106.6867301567,
      "isContract": false
    },
    {
      "cexTag": "Kraken",
      "symbol": "ETH",
      "address": "0x675938d86a6a4651b6dbba7529117fb0b557ccf2",
      "value": 425.4929567904389,
      "usdValue": 1930810.4491827893,
      "isContract": false
    },
    {
      "cexTag": "Kraken",
      "symbol": "ETH",
      "address": "0xe9f7ecae3a53d2a67105292894676b00d1fab785",
      "value": 363.48321868883176,
      "usdValue": 1649421.4194305544,
      "isContract": false
    },
    {
      "cexTag": "Kraken",
      "symbol": "ETH",
      "address": "0xe1498a9ef5c6aa51790a642f70c31238326b1724",
      "value": 298.5431438165577,
      "usdValue": 1354735.0488736518,
      "isContract": false
    },
    {
      "cexTag": "Kraken",
      "symbol": "ETH",
      "address": "0x66c57bf505a85a74609d2c83e94aabb26d691e1f",
      "value": 138.37644879710717,
      "usdValue": 627927.4168804889,
      "isContract": false
    },
    {
      "cexTag": "Kraken",
      "symbol": "ETH",
      "address": "0xc6bed363b30df7f35b601a5547fe56cd31ec63da",
      "value": 123.75930773171608,
      "usdValue": 561597.4618111359,
      "isContract": false
    },
    {
      "cexTag": "Kraken",
      "symbol": "ETH",
      "address": "0xe80e404cfc2ce9ffc0a30b368b0f963dfc708eb5",
      "value": 117.40777427900468,
      "usdValue": 532775.346278753,
      "isContract": false
    },
    {
      "cexTag": "Kraken",
      "symbol": "ETH",
      "address": "0xfcaf9c57c26566f96d23f585950bb1c66e138890",
      "value": 100.59971374020576,
      "usdValue": 456503.39300458046,
      "isContract": false
    },
    {
      "cexTag": "Kraken",
      "symbol": "ETH",
      "address": "0xae4a9e227d5093995594fa0bd99e250686ac5ddc",
      "value": 100.33318046340877,
      "usdValue": 455293.91297046555,
      "isContract": false
    },
    {
      "cexTag": "Kraken",
      "symbol": "ETH",
      "address": "0xec6a3cec61159701a017174d2c0236706f91c94f",
      "value": 98.734325407581,
      "usdValue": 448038.5965210292,
      "isContract": false
    },
    {
      "cexTag": "Kraken",
      "symbol": "ETH",
      "address": "0x310e035d176ccb589511ed16af7ae7bac4fc7f83",
      "value": 98.56069421265812,
      "usdValue": 447250.68941208423,
      "isContract": false
    },
    {
      "cexTag": "Kraken",
      "symbol": "ETH",
      "address": "0x108a745ce1faea55ebc09aa217b554a7a7e865b2",
      "value": 97.95028607776555,
      "usdValue": 444480.76716940606,
      "isContract": false
    },
    {
      "cexTag": "Kraken",
      "symbol": "ETH",
      "address": "0x3f04aad87cf879410a0f27c53c9d9049214a6ad6",
      "value": 97.93580724543618,
      "usdValue": 444415.0648344852,
      "isContract": false
    },
    {
      "cexTag": "Kraken",
      "symbol": "ETH",
      "address": "0xfd387b7ddea5880beeee5664d547cd2da614df8d",
      "value": 97.93168920278364,
      "usdValue": 444396.3778981757,
      "isContract": false
    },
    {
      "cexTag": "Kraken",
      "symbol": "ETH",
      "address": "0x8b973a304138eca1936d77ac07980840c5775258",
      "value": 97.823951508444,
      "usdValue": 443907.4836340473,
      "isContract": false
    },
    {
      "cexTag": "Kraken",
      "symbol": "ETH",
      "address": "0x6eebda76e452f2f95867d56b70f1224148bf6bfc",
      "value": 97.2495273705256,
      "usdValue": 441300.85029251844,
      "isContract": false
    },
    {
      "cexTag": "Kraken",
      "symbol": "ETH",
      "address": "0x6c4e92471e8a8d8068894570502000e41fdbbd08",
      "value": 97.23399556748744,
      "usdValue": 441230.36976605584,
      "isContract": false
    },
    {
      "cexTag": "Kraken",
      "symbol": "ETH",
      "address": "0x6a68d4acff1a1dacc80e4ae653543e0d2402803e",
      "value": 97.11234946168808,
      "usdValue": 440678.3616342374,
      "isContract": false
    },
    {
      "cexTag": "Kraken",
      "symbol": "ETH",
      "address": "0x86631784b0d170c6562f34ca3c7d84388b246d54",
      "value": 96.5117877486393,
      "usdValue": 437953.1206815304,
      "isContract": false
    },
    {
      "cexTag": "Kraken",
      "symbol": "ETH",
      "address": "0x99fa9468170a622c8abfde7b19bb84b64a203fbd",
      "value": 95.78539581359078,
      "usdValue": 434656.88483082847,
      "isContract": false
    },
    {
      "cexTag": "Kraken",
      "symbol": "ETH",
      "address": "0xb930776e755d470b023df39006e8eb13336f47b8",
      "value": 95.6635151178246,
      "usdValue": 434103.8121719668,
      "isContract": false
    },
    {
      "cexTag": "Kraken",
      "symbol": "ETH",
      "address": "0x808e5374106e820ae54662fcf8a5e3cca6afa13d",
      "value": 95.57362636754674,
      "usdValue": 433695.9132031809,
      "isContract": false
    },
    {
      "cexTag": "Kraken",
      "symbol": "ETH",
      "address": "0x501d09d60a7431fa524f80b55ef7572e037fac2c",
      "value": 95.2701255623511,
      "usdValue": 432318.68117934803,
      "isContract": false
    },
    {
      "cexTag": "Kraken",
      "symbol": "ETH",
      "address": "0xfedac45de308e24b8282193c512f029250943d8a",
      "value": 94.42136076453504,
      "usdValue": 428467.13930452237,
      "isContract": false
    },
    {
      "cexTag": "Kraken",
      "symbol": "ETH",
      "address": "0x0eefaf34f9ccf41366ab547330c8978be8fd3ff9",
      "value": 94.24472818190873,
      "usdValue": 427665.61243842903,
      "isContract": false
    },
    {
      "cexTag": "Kraken",
      "symbol": "ETH",
      "address": "0x00d3c53b1ec47932c25595ba2e53e9db20fc7364",
      "value": 93.91028782235422,
      "usdValue": 426147.9822860354,
      "isContract": false
    },
    {
      "cexTag": "Kraken",
      "symbol": "ETH",
      "address": "0xe2d6ae60244376c311cd4f54a8455ed18977134a",
      "value": 93.15058097606251,
      "usdValue": 422700.569364796,
      "isContract": false
    },
    {
      "cexTag": "Kraken",
      "symbol": "ETH",
      "address": "0x5eda7655e58bdcf149c1545b8fc710b796d79cf7",
      "value": 92.7182330385399,
      "usdValue": 420738.6522469471,
      "isContract": false
    },
    {
      "cexTag": "Kraken",
      "symbol": "ETH",
      "address": "0x69fd3ef67adcb9fd76396e2e4330629c9a8df59f",
      "value": 92.2516123957478,
      "usdValue": 418621.2117616722,
      "isContract": false
    },
    {
      "cexTag": "Kraken",
      "symbol": "ETH",
      "address": "0x0a332d03367366dd5fd3a554ef8f8b47ed36e591",
      "value": 91.72256020062424,
      "usdValue": 416220.4681295967,
      "isContract": false
    },
    {
      "cexTag": "Kraken",
      "symbol": "ETH",
      "address": "0x5360c1e24d2367ddbe9e2c6af0f93535e824ada8",
      "value": 91.3550011942946,
      "usdValue": 414552.5515194939,
      "isContract": false
    },
    {
      "cexTag": "Kraken",
      "symbol": "ETH",
      "address": "0x8ab54f9e6df35b26168847ea93dab9659ecf286d",
      "value": 90.33449796400052,
      "usdValue": 409921.6915510008,
      "isContract": false
    },
    {
      "cexTag": "Kraken",
      "symbol": "ETH",
      "address": "0x10eff6869391417bf83770e6245d298ed58ded02",
      "value": 89.91204639698972,
      "usdValue": 408004.68238118786,
      "isContract": false
    },
    {
      "cexTag": "Kraken",
      "symbol": "ETH",
      "address": "0xa25aa6dfbf6d9bbd7a6a9eb47b9f1e57a2bd92d7",
      "value": 85.86699489931674,
      "usdValue": 389648.96679401747,
      "isContract": false
    },
    {
      "cexTag": "Kraken",
      "symbol": "ETH",
      "address": "0x3d8a489052fd169349f95222e657088b00d24787",
      "value": 85.56015346141936,
      "usdValue": 388256.57558029797,
      "isContract": false
    },
    {
      "cexTag": "Kraken",
      "symbol": "ETH",
      "address": "0x16b34756653f88a89005e96c0622832d8fb6b0b5",
      "value": 84.72418550113892,
      "usdValue": 384463.1034507782,
      "isContract": false
    },
    {
      "cexTag": "Kraken",
      "symbol": "ETH",
      "address": "0xa0dfe02e17b6f82c10bc04fdfc0dec8e8e53b309",
      "value": 81.58919892286194,
      "usdValue": 370237.0986561413,
      "isContract": false
    },
    {
      "cexTag": "Kraken",
      "symbol": "ETH",
      "address": "0x2bb41971b9c23d612ebecc10a8037e0322de5c37",
      "value": 79.81788441860544,
      "usdValue": 362199.19227243616,
      "isContract": false
    },
    {
      "cexTag": "Kraken",
      "symbol": "ETH",
      "address": "0x7c628430e0702847cf4ec7211c80314e46db4c87",
      "value": 79.6876447367254,
      "usdValue": 361608.18803920725,
      "isContract": false
    },
    {
      "cexTag": "Kraken",
      "symbol": "ETH",
      "address": "0x491f5512751f5db45c5415049d423affaae70392",
      "value": 71.93456164043164,
      "usdValue": 326426.09250318346,
      "isContract": false
    },
    {
      "cexTag": "Kraken",
      "symbol": "ETH",
      "address": "0x52f5f2add61c835ff10550402a46621ebd1071d5",
      "value": 70.80711412464682,
      "usdValue": 321309.9386171048,
      "isContract": false
    },
    {
      "cexTag": "Kraken",
      "symbol": "ETH",
      "address": "0x012480c08d20a14cf3cb495e942a94dd926dcc8f",
      "value": 59.80000965672093,
      "usdValue": 271361.6798204614,
      "isContract": false
    },
    {
      "cexTag": "Kraken",
      "symbol": "ETH",
      "address": "0xcdc8488e63a403bfd580222ea0f3719477bfea9c",
      "value": 59.530140411756435,
      "usdValue": 270137.0617632766,
      "isContract": false
    },
    {
      "cexTag": "Kraken",
      "symbol": "ETH",
      "address": "0xaddb27092681351a19ceb737214cad46a30176e3",
      "value": 57.56307837798733,
      "usdValue": 261210.88832519847,
      "isContract": false
    },
    {
      "cexTag": "Kraken",
      "symbol": "ETH",
      "address": "0xe850b7c87f66371035e184c72d4b99e7b2ca4865",
      "value": 53.88245171923902,
      "usdValue": 244508.8670605972,
      "isContract": false
    },
    {
      "cexTag": "Kraken",
      "symbol": "ETH",
      "address": "0x1d0e8445694a22f34334ad1ade6271ecde76db63",
      "value": 48.5665698001647,
      "usdValue": 220386.35177058337,
      "isContract": false
    },
    {
      "cexTag": "Kraken",
      "symbol": "ETH",
      "address": "0xa861678bee80035114b47615142e9302139a8c32",
      "value": 46.874529086109966,
      "usdValue": 212708.1755775315,
      "isContract": false
    },
    {
      "cexTag": "Kraken",
      "symbol": "ETH",
      "address": "0x8e82c551f4f1bbc8802800d5ed8de03c0be845de",
      "value": 46.585449604329646,
      "usdValue": 211396.38492351913,
      "isContract": false
    },
    {
      "cexTag": "Kraken",
      "symbol": "ETH",
      "address": "0xb3be595ab898568567d08b3f179443a19e034d50",
      "value": 46.13939414658795,
      "usdValue": 209372.26554626971,
      "isContract": false
    },
    {
      "cexTag": "Kraken",
      "symbol": "ETH",
      "address": "0x26c1df84f7917c5d90f1d8d744b0caaf1ae3fa11",
      "value": 44.72147658770482,
      "usdValue": 202938.01088921868,
      "isContract": false
    },
    {
      "cexTag": "Kraken",
      "symbol": "ETH",
      "address": "0xd8f8a53945bcfbbc19da162aa405e662ef71c40d",
      "value": 44.44699171524991,
      "usdValue": 201692.44794529534,
      "isContract": false
    },
    {
      "cexTag": "Kraken",
      "symbol": "ETH",
      "address": "0x7217f8a697713f6f7de06cfcd80b76a2cba375f0",
      "value": 42.57405089728303,
      "usdValue": 193193.37964270887,
      "isContract": false
    },
    {
      "cexTag": "Kraken",
      "symbol": "ETH",
      "address": "0xfe2fff5c0b676a873d05e2066bc685375ea4b038",
      "value": 36.55374444518524,
      "usdValue": 165874.31261825046,
      "isContract": false
    },
    {
      "cexTag": "Kraken",
      "symbol": "ETH",
      "address": "0x89e51fa8ca5d66cd220baed62ed01e8951aa7c40",
      "value": 35.719867845424645,
      "usdValue": 162090.33070632486,
      "isContract": false
    },
    {
      "cexTag": "Kraken",
      "symbol": "ETH",
      "address": "0x8af3827a41c26c7f32c81e93bb66e837e0210d5c",
      "value": 30.950901043099492,
      "usdValue": 140449.61777139772,
      "isContract": false
    },
    {
      "cexTag": "Kraken",
      "symbol": "ETH",
      "address": "0x735fd3c55a8be1aeb3544c7e29eba3ea23500a1c",
      "value": 30.53171468039707,
      "usdValue": 138547.42551099943,
      "isContract": false
    },
    {
      "cexTag": "Kraken",
      "symbol": "ETH",
      "address": "0x6730c2e8535593e23543bc237d70ccfd845fe7bf",
      "value": 29.9999709975271,
      "usdValue": 136134.4683919984,
      "isContract": false
    },
    {
      "cexTag": "Kraken",
      "symbol": "ETH",
      "address": "0x26a78d5b6d7a7aceedd1e6ee3229b372a624d8b7",
      "value": 28.461719816426793,
      "usdValue": 129154.16141737782,
      "isContract": false
    },
    {
      "cexTag": "Kraken",
      "symbol": "ETH",
      "address": "0x62ac55b745f9b08f1a81dcbbe630277095cf4be1",
      "value": 26.97647310692127,
      "usdValue": 122414.37919404947,
      "isContract": false
    },
    {
      "cexTag": "Kraken",
      "symbol": "ETH",
      "address": "0x3ff7215004fea03c2c745e0476e3f412050e04d1",
      "value": 20.846143870582203,
      "usdValue": 94596.04857880533,
      "isContract": false
    },
    {
      "cexTag": "Kraken",
      "symbol": "ETH",
      "address": "0x7c49893f3d6a4c221ba4e68770b59105d702cdda",
      "value": 13.028352609898846,
      "usdValue": 59120.319040251175,
      "isContract": false
    },
    {
      "cexTag": "Kraken",
      "symbol": "ETH",
      "address": "0xc0fce7361f72227972562b3c87812e1dea1c9cac",
      "value": 8.911784178653528,
      "usdValue": 40440.072481577554,
      "isContract": false
    },
    {
      "cexTag": "Kraken",
      "symbol": "ETH",
      "address": "0x6675038e71627be276d6347ec330c0c5fdcace61",
      "value": 8.846228589642555,
      "usdValue": 40142.59301865178,
      "isContract": false
    },
    {
      "cexTag": "Kraken",
      "symbol": "ETH",
      "address": "0x14af4dc16c65fd0c43937d7c6fc8f443da29d0bb",
      "value": 8.530148055252582,
      "usdValue": 38708.27644808627,
      "isContract": false
    },
    {
      "cexTag": "Kraken",
      "symbol": "ETH",
      "address": "0x72beaf2b92a96aa4b7b12698e31c7e5dd062c3e4",
      "value": 8.348665926032115,
      "usdValue": 37884.74321246705,
      "isContract": false
    },
    {
      "cexTag": "Kraken",
      "symbol": "ETH",
      "address": "0xfa820671257a3bf42379c7c4deeaf2f05500a3e4",
      "value": 8.281817384838028,
      "usdValue": 37581.3965652657,
      "isContract": false
    },
    {
      "cexTag": "Kraken",
      "symbol": "ETH",
      "address": "0x1d0065d367da1919cd597d25f91a97b6039428c5",
      "value": 7.979064636824688,
      "usdValue": 36207.559090275805,
      "isContract": false
    },
    {
      "cexTag": "Kraken",
      "symbol": "ETH",
      "address": "0x479011b0cb148fd7cd0c3cca0c32f9c6777e577a",
      "value": 7.828425638033016,
      "usdValue": 35523.986428778975,
      "isContract": false
    },
    {
      "cexTag": "Kraken",
      "symbol": "ETH",
      "address": "0x34e8ed33d8c1953b33de603b014079c578e01716",
      "value": 7.065421415564236,
      "usdValue": 32061.6106079757,
      "isContract": false
    },
    {
      "cexTag": "Kraken",
      "symbol": "ETH",
      "address": "0x4541502fdd6a8f232ad53a1ccb8ccb98042bbef1",
      "value": 6.879477057519526,
      "usdValue": 31217.82858115325,
      "isContract": false
    },
    {
      "cexTag": "Kraken",
      "symbol": "ETH",
      "address": "0x736f94dc0c5616063f01e3f5b822d152f38feb96",
      "value": 6.632219858385866,
      "usdValue": 30095.819917780547,
      "isContract": false
    },
    {
      "cexTag": "Kraken",
      "symbol": "ETH",
      "address": "0x980340eaf8fd26b9814ed554d46db7236e030ef7",
      "value": 6.001068755467269,
      "usdValue": 27231.76981993448,
      "isContract": false
    },
    {
      "cexTag": "Kraken",
      "symbol": "ETH",
      "address": "0x205188a68430e94f80a512038329030c556b50ff",
      "value": 5.059995498660317,
      "usdValue": 22961.34877373076,
      "isContract": false
    },
    {
      "cexTag": "Kraken",
      "symbol": "ETH",
      "address": "0x4be139343989eb8ca3cb98b284accc2eaca5c16b",
      "value": 5.018274922482786,
      "usdValue": 22772.028308740835,
      "isContract": false
    },
    {
      "cexTag": "Kraken",
      "symbol": "ETH",
      "address": "0x10593a64b7b7bb0ea29b8c01f1619ca8ff294b2f",
      "value": 4.905624263318963,
      "usdValue": 22260.839894574052,
      "isContract": false
    },
    {
      "cexTag": "Kraken",
      "symbol": "ETH",
      "address": "0x55ef0496c4f7976418b268153206166f9e7ad3b3",
      "value": 4.845355,
      "usdValue": 21987.3488261,
      "isContract": false
    },
    {
      "cexTag": "Kraken",
      "symbol": "ETH",
      "address": "0xd0ad6ed2b2920a5744a064af3d585ee54f528b2f",
      "value": 4.799231631538067,
      "usdValue": 21778.04928222607,
      "isContract": false
    },
    {
      "cexTag": "Kraken",
      "symbol": "ETH",
      "address": "0x6d0cf1f651f5ae585d24dcaa188d44e389e93d26",
      "value": 4.589042750814566,
      "usdValue": 20824.249975501352,
      "isContract": false
    },
    {
      "cexTag": "Kraken",
      "symbol": "ETH",
      "address": "0x16b2b042f15564bb8585259f535907f375bdc415",
      "value": 4.103274965755802,
      "usdValue": 18619.923205105995,
      "isContract": false
    },
    {
      "cexTag": "Kraken",
      "symbol": "ETH",
      "address": "0xa215c2d7e0d6e3479ca730d318e1dfd22fea357b",
      "value": 4.052803624250683,
      "usdValue": 18390.893342197232,
      "isContract": false
    },
    {
      "cexTag": "Kraken",
      "symbol": "ETH",
      "address": "0xc55fedc10a51d572bdc2022915858cfd0707b386",
      "value": 2.553818459035086,
      "usdValue": 11588.768479778593,
      "isContract": false
    },
    {
      "cexTag": "Kraken",
      "symbol": "ETH",
      "address": "0xb3c744d74b932d920816019727f3a1caa452c405",
      "value": 2.503453836753568,
      "usdValue": 11360.222889497076,
      "isContract": false
    },
    {
      "cexTag": "Kraken",
      "symbol": "ETH",
      "address": "0x1667911f20c0ea9e5f6516cf8d9bd282d2b2fda7",
      "value": 1.9761623329777651,
      "usdValue": 8967.468957833162,
      "isContract": false
    },
    {
      "cexTag": "Kraken",
      "symbol": "ETH",
      "address": "0xc44752d44f478f8b3529338f92d62f95c0e97394",
      "value": 1.290518958801103,
      "usdValue": 5856.142741626821,
      "isContract": false
    },
    {
      "cexTag": "Kraken",
      "symbol": "ETH",
      "address": "0x79990a901281bee059bb3f4d7db477f7495e2049",
      "value": 1.2288260157592985,
      "usdValue": 5576.19127083286,
      "isContract": false
    },
    {
      "cexTag": "Kraken",
      "symbol": "ETH",
      "address": "0x564b106c765518ecf84cdc1054516b8fab3df021",
      "value": 1.1120689961053467,
      "usdValue": 5046.368931906764,
      "isContract": false
    },
    {
      "cexTag": "Kraken",
      "symbol": "ETH",
      "address": "0x1af1bc0df5e678f46634b22cbe627cac5f98d0fd",
      "value": 0.9741109790518888,
      "usdValue": 4420.340282961241,
      "isContract": false
    },
    {
      "cexTag": "Kraken",
      "symbol": "ETH",
      "address": "0x7d877ba6fefe066a685ca1b6d8f523f72f2dc483",
      "value": 0.93240582,
      "usdValue": 4231.0897781124,
      "isContract": false
    },
    {
      "cexTag": "Kraken",
      "symbol": "SUI",
      "address": "0x443cf42b0da43c230bff7a64e69ce25d24d65f49e7c9db6adecc0bd176dba79a",
      "value": 36412996.09076041,
      "usdValue": 138828188.89563316,
      "isContract": false
    },
    {
      "cexTag": "Kraken",
      "symbol": "SUI",
      "address": "0xddbea9ddee73080d4dd2212cc609bb9bd9fdb78f975a409dacf5f172e9c06e70",
      "value": 0.00747436,
      "usdValue": 0.028496744936,
      "isContract": false
    },
    {
      "cexTag": "Kraken",
      "symbol": "SUI",
      "address": "0xc8c1abbcaa51cea16745b352a904b902f50449ececb1f05133ac265b45bca957",
      "value": 0.00325312,
      "usdValue": 0.012402845312000001,
      "isContract": false
    },
    {
      "cexTag": "Kraken",
      "symbol": "SUI",
      "address": "0x1b12f9bdbfeca07e16e53f50f269c5126964196e9109eb5e9e6efb47ddec110f",
      "value": 0.00325312,
      "usdValue": 0.012402845312000001,
      "isContract": false
    },
    {
      "cexTag": "Kraken",
      "symbol": "SUI",
      "address": "0x622f2f335f096c589ffe1e0d80faba19e77ff3b46744e60fe00e5652e60f0462",
      "value": 0.00324412,
      "usdValue": 0.012368531912,
      "isContract": false
    },
    {
      "cexTag": "Kraken",
      "symbol": "SUI",
      "address": "0xcb97352e25caa8ac7ffc69cfddfad658f1a8e0849773e8706749fafa1e50d37d",
      "value": 0.00324412,
      "usdValue": 0.012368531912,
      "isContract": false
    },
    {
      "cexTag": "Kraken",
      "symbol": "SUI",
      "address": "0xb8062a2a46876fc0c6ae593447921005dffb950888e072fb28fec3b19223c630",
      "value": 0.00308712,
      "usdValue": 0.011769953712,
      "isContract": false
    },
    {
      "cexTag": "Kraken",
      "symbol": "SUI",
      "address": "0xe66fcff14e16b7b587b47830b49cf6371aa69266daf753ebaa4d2d88ff1fb02f",
      "value": 0.00307212,
      "usdValue": 0.011712764712,
      "isContract": false
    },
    {
      "cexTag": "Kraken",
      "symbol": "SUI",
      "address": "0x04ecda71b52fbbed03022c6f35808515c2e166180d838640ecca78943f4e015f",
      "value": 0.00307212,
      "usdValue": 0.011712764712,
      "isContract": false
    },
    {
      "cexTag": "Kraken",
      "symbol": "TON",
      "address": "0:5d9c2205661cd26552fe17de8a12caeecd459f0653c760287f5818a0f795a84a",
      "value": 2546771.993610291,
      "usdValue": 8886359.45160379,
      "isContract": false
    },
    {
      "cexTag": "Kraken",
      "symbol": "TON",
      "address": "0:74513075f3a688e636b6adbe02426e7395aff5a17351d744f4be30dc074f0f9b",
      "value": 1.28480006,
      "usdValue": 4.483006403889796,
      "isContract": false
    },
    {
      "cexTag": "Kraken",
      "symbol": "TON",
      "address": "0:ba11af1154569978bfa2e6cce695ae161b0fd2df98ff2d3915c39853f51e32a4",
      "value": 0.002330099,
      "usdValue": 0.00813033020771902,
      "isContract": false
    },
    {
      "cexTag": "Kraken",
      "symbol": "TON",
      "address": "0:d25a640e1adc47a27477607bf7aea78e9f2b4415757176cd7143fe83d099af66",
      "value": 0.002329272,
      "usdValue": 0.008127444586515035,
      "isContract": false
    },
    {
      "cexTag": "Kraken",
      "symbol": "TON",
      "address": "0:8fd8423bdd983dff7f1c7028065bcde2e9c61ad82daae46df79edee5e0fcc283",
      "value": 0.001487199,
      "usdValue": 0.005189229708518616,
      "isContract": false
    },
    {
      "cexTag": "Kraken",
      "symbol": "TON",
      "address": "0:5e3a7189ae23b961ab56966b1ed56b8227f2613229c7bd81688e5e5a626caa9f",
      "value": 0.000732799,
      "usdValue": 0.0025569290600469296,
      "isContract": false
    },
    {
      "cexTag": "Kraken",
      "symbol": "FTM",
      "address": "0xd820b51107ef00add42ebeae5fdbe4883fe010cc",
      "value": 11746.999763339236,
      "usdValue": 3917.6244210736354,
      "isContract": false
    },
    {
      "cexTag": "Kraken",
      "symbol": "FTM",
      "address": "0x03e88b3c811b74c105daa5fd63697845bb60f57f",
      "value": 6007,
      "usdValue": 2003.3345000000002,
      "isContract": false
    },
    {
      "cexTag": "Kraken",
      "symbol": "FTM",
      "address": "0xe9e3695c6cf546fc541a44f67fe018874f647592",
      "value": 3789.6218986480176,
      "usdValue": 1263.838903199114,
      "isContract": false
    },
    {
      "cexTag": "Kraken",
      "symbol": "FTM",
      "address": "0xb8d49cdf1edb84853152acf5e3c4f751531c499b",
      "value": 2167.543394624226,
      "usdValue": 722.8757221071794,
      "isContract": false
    },
    {
      "cexTag": "Kraken",
      "symbol": "FTM",
      "address": "0x057453114294abd5fc1dd83ae10cc127ab889d0a",
      "value": 1331.4715403795312,
      "usdValue": 444.0457587165737,
      "isContract": false
    },
    {
      "cexTag": "Kraken",
      "symbol": "FTM",
      "address": "0x110a8e5ba1edb8c09bc170ab6ec814397b1f289f",
      "value": 1304.4737242439514,
      "usdValue": 435.0419870353578,
      "isContract": false
    },
    {
      "cexTag": "Kraken",
      "symbol": "FTM",
      "address": "0x46ea7f43d7e7b1b9cf6e1350ce029c58105e7166",
      "value": 1299.9920923914713,
      "usdValue": 433.54736281255566,
      "isContract": false
    },
    {
      "cexTag": "Kraken",
      "symbol": "FTM",
      "address": "0x17849d6df9561054d89ead9a70a18f804cd02d31",
      "value": 890,
      "usdValue": 296.815,
      "isContract": false
    },
    {
      "cexTag": "Kraken",
      "symbol": "FTM",
      "address": "0xde922c1cec3b61783c9981f4a7a17eb58f089de7",
      "value": 871.8554074073227,
      "usdValue": 290.76377837034215,
      "isContract": false
    },
    {
      "cexTag": "Kraken",
      "symbol": "FTM",
      "address": "0x3b56a9431d0efe898b8dad014aba54df8d6f7ab7",
      "value": 653,
      "usdValue": 217.77550000000002,
      "isContract": false
    },
    {
      "cexTag": "Kraken",
      "symbol": "FTM",
      "address": "0x09db13ee6036fbc93081975d8f8c2e5f90678abd",
      "value": 605.6497936198325,
      "usdValue": 201.98420617221416,
      "isContract": false
    },
    {
      "cexTag": "Kraken",
      "symbol": "FTM",
      "address": "0x85972f2a4298e0c61ba49f7c0d2706033637cca9",
      "value": 476.55356462066334,
      "usdValue": 158.93061380099124,
      "isContract": false
    },
    {
      "cexTag": "Kraken",
      "symbol": "FTM",
      "address": "0x45e48333c88749ca002642d9564d8a7531575dd8",
      "value": 377.6555386949924,
      "usdValue": 125.94812215477997,
      "isContract": false
    },
    {
      "cexTag": "Kraken",
      "symbol": "FTM",
      "address": "0x94feea51bbd77b68e65b8c0b86bf85701cc5daa6",
      "value": 337.05878144,
      "usdValue": 112.40910361024001,
      "isContract": false
    },
    {
      "cexTag": "Kraken",
      "symbol": "FTM",
      "address": "0xb4d683432a9c281b1808083b33090fc85a947222",
      "value": 304.385,
      "usdValue": 101.5123975,
      "isContract": false
    },
    {
      "cexTag": "Kraken",
      "symbol": "FTM",
      "address": "0x0ef41ad9f864ae7250071051a8fe234d83b287c7",
      "value": 259.94490505631273,
      "usdValue": 86.6916258362803,
      "isContract": false
    },
    {
      "cexTag": "Kraken",
      "symbol": "FTM",
      "address": "0x33eefa4802110c3046f872dc7798bc07411e2bd6",
      "value": 240,
      "usdValue": 80.04,
      "isContract": false
    },
    {
      "cexTag": "Kraken",
      "symbol": "FTM",
      "address": "0xce62df9245e74908d6e9f487d71642e9cb8d434b",
      "value": 211.31730644873463,
      "usdValue": 70.47432170065301,
      "isContract": false
    },
    {
      "cexTag": "Kraken",
      "symbol": "FTM",
      "address": "0x85b2979743e1bfaee019998bdaa03f4633afd759",
      "value": 194.49992178,
      "usdValue": 64.86572391363,
      "isContract": false
    },
    {
      "cexTag": "Kraken",
      "symbol": "FTM",
      "address": "0xb33640ead63805603318f2a998d4ed60c8604a56",
      "value": 150,
      "usdValue": 50.025000000000006,
      "isContract": false
    },
    {
      "cexTag": "Kraken",
      "symbol": "FTM",
      "address": "0x369d423f7624f359911a89093be5f2e760bf4840",
      "value": 114.11392150470304,
      "usdValue": 38.05699282181847,
      "isContract": false
    },
    {
      "cexTag": "Kraken",
      "symbol": "FTM",
      "address": "0x475b328590a6040b54f4ee4329abfe55e02eb944",
      "value": 106.9,
      "usdValue": 35.65115,
      "isContract": false
    },
    {
      "cexTag": "Kraken",
      "symbol": "FTM",
      "address": "0xa83d3e5c1013e3d0d610f8f18fd60cbdd051cdbc",
      "value": 99.845179150132,
      "usdValue": 33.29836724656902,
      "isContract": false
    },
    {
      "cexTag": "Kraken",
      "symbol": "FTM",
      "address": "0x17f01e542f206453225823b1f7f0344979b2310d",
      "value": 99.42905987,
      "usdValue": 33.159591466645004,
      "isContract": false
    },
    {
      "cexTag": "Kraken",
      "symbol": "FTM",
      "address": "0x4ffa508479aa7cbef5bbd808caa70fa191ca166e",
      "value": 89.29724218056516,
      "usdValue": 29.780630267218484,
      "isContract": false
    },
    {
      "cexTag": "Kraken",
      "symbol": "FTM",
      "address": "0x4af05bac4b8a09243e9bf1be53c9ac71ecf75d4a",
      "value": 65,
      "usdValue": 21.677500000000002,
      "isContract": false
    },
    {
      "cexTag": "Kraken",
      "symbol": "FTM",
      "address": "0x365554af1693dc77d5e16641341a4315dde7ef51",
      "value": 64,
      "usdValue": 21.344,
      "isContract": false
    },
    {
      "cexTag": "Kraken",
      "symbol": "FTM",
      "address": "0x1c5aeccf7730efe62528cc61fe6a6e7982c82e28",
      "value": 57.517848738184355,
      "usdValue": 19.182202554184485,
      "isContract": false
    },
    {
      "cexTag": "Kraken",
      "symbol": "FTM",
      "address": "0x4ce4e4eee948208300c787d3e738537f4bfebba3",
      "value": 57,
      "usdValue": 19.009500000000003,
      "isContract": false
    },
    {
      "cexTag": "Kraken",
      "symbol": "FTM",
      "address": "0x766f01b660e2c000978ea0b8a73c7aabd2c270fc",
      "value": 50,
      "usdValue": 16.675,
      "isContract": false
    },
    {
      "cexTag": "Kraken",
      "symbol": "FTM",
      "address": "0x09a975e255b340e815d38886d6f25c92728a6b7f",
      "value": 50,
      "usdValue": 16.675,
      "isContract": false
    },
    {
      "cexTag": "Kraken",
      "symbol": "FTM",
      "address": "0x9730600b07c3c3bd18b27ec724a18b159b812225",
      "value": 39.36,
      "usdValue": 13.126560000000001,
      "isContract": false
    },
    {
      "cexTag": "Kraken",
      "symbol": "FTM",
      "address": "0x50b1076c2a5880c302fe07ec7a25fb5010c0e141",
      "value": 19.964918800008,
      "usdValue": 6.658300419802669,
      "isContract": false
    },
    {
      "cexTag": "Kraken",
      "symbol": "FTM",
      "address": "0xba74f60a784c0e49ab38e862a86d7a7bd0832ae8",
      "value": 15,
      "usdValue": 5.0025,
      "isContract": false
    },
    {
      "cexTag": "Kraken",
      "symbol": "FTM",
      "address": "0xef26c99348d821969a6c8354485095206dc9788a",
      "value": 13.659290888280792,
      "usdValue": 4.555373511241644,
      "isContract": false
    },
    {
      "cexTag": "Kraken",
      "symbol": "FTM",
      "address": "0x7cf856192da428d48d1af74f0173f5605afd616c",
      "value": 12,
      "usdValue": 4.002000000000001,
      "isContract": false
    },
    {
      "cexTag": "Kraken",
      "symbol": "FTM",
      "address": "0xef43a95928976f1968e8216502049ad91ded294b",
      "value": 11.962557615024943,
      "usdValue": 3.9895129646108187,
      "isContract": false
    },
    {
      "cexTag": "Kraken",
      "symbol": "FTM",
      "address": "0x9faa08a767b241458c9f2eb3fdaeccd95fac2408",
      "value": 10,
      "usdValue": 3.335,
      "isContract": false
    },
    {
      "cexTag": "Kraken",
      "symbol": "FTM",
      "address": "0x4c38ec678da5d4653dc1cfebbb0d099d89cd602b",
      "value": 10,
      "usdValue": 3.335,
      "isContract": false
    },
    {
      "cexTag": "Kraken",
      "symbol": "FTM",
      "address": "0x520be9b6241346fc5c6080e67cb8a60469d0e325",
      "value": 6.896761371778236,
      "usdValue": 2.300069917488042,
      "isContract": false
    },
    {
      "cexTag": "Kraken",
      "symbol": "FTM",
      "address": "0xda9c29af04c758884281e9924a93eea620f9a215",
      "value": 6.379585326953748,
      "usdValue": 2.127591706539075,
      "isContract": false
    },
    {
      "cexTag": "Kraken",
      "symbol": "FTM",
      "address": "0xba763716f4348b1e8600fe4611fe1f5ac59391f8",
      "value": 6.320284411394669,
      "usdValue": 2.1078148512001222,
      "isContract": false
    },
    {
      "cexTag": "Kraken",
      "symbol": "FTM",
      "address": "0xab7d5f53c2922feddd4b4dfcffb045a7132165e6",
      "value": 5,
      "usdValue": 1.6675,
      "isContract": false
    },
    {
      "cexTag": "Kraken",
      "symbol": "FTM",
      "address": "0xb6b7fff95418e7874ded99e66942cd11f1c1220b",
      "value": 5,
      "usdValue": 1.6675,
      "isContract": false
    },
    {
      "cexTag": "Kraken",
      "symbol": "FTM",
      "address": "0x727ebf6793e93bbe18bcdfa43cd0267ff948ba1a",
      "value": 5,
      "usdValue": 1.6675,
      "isContract": false
    },
    {
      "cexTag": "Kraken",
      "symbol": "FTM",
      "address": "0x0dde16e8c65073578e294e0ff1be2b95f494ed5b",
      "value": 3.265908852940028,
      "usdValue": 1.0891806024554993,
      "isContract": false
    },
    {
      "cexTag": "Kraken",
      "symbol": "FTM",
      "address": "0xa677fb46f114ce776ada996de0175a3d2dc65269",
      "value": 3.1537593704124873,
      "usdValue": 1.0517787500325646,
      "isContract": false
    },
    {
      "cexTag": "Kraken",
      "symbol": "FTM",
      "address": "0xd562a1ce50acfdc723613fa6c7b5f3184e9493d3",
      "value": 3,
      "usdValue": 1.0005000000000002,
      "isContract": false
    },
    {
      "cexTag": "Kraken",
      "symbol": "FTM",
      "address": "0xb007af421782a80d67457691ca7823502ba8e9c1",
      "value": 2.3,
      "usdValue": 0.76705,
      "isContract": false
    },
    {
      "cexTag": "Kraken",
      "symbol": "FTM",
      "address": "0xef8cdd4a65b31b8e8d7f6cc8b64e589b2010dde2",
      "value": 1,
      "usdValue": 0.3335,
      "isContract": false
    },
    {
      "cexTag": "Kraken",
      "symbol": "FTM",
      "address": "0xc6da5c58f9e8da40dbe4c72eb157adeef7755022",
      "value": 1,
      "usdValue": 0.3335,
      "isContract": false
    },
    {
      "cexTag": "Kraken",
      "symbol": "FTM",
      "address": "0x656f8f9f7e37b42ef77c67235de81586f4590681",
      "value": 1,
      "usdValue": 0.3335,
      "isContract": false
    },
    {
      "cexTag": "Kraken",
      "symbol": "FTM",
      "address": "0xffbe7fa87ee3aa5946b93567dd30ecbb8ab923f1",
      "value": 1,
      "usdValue": 0.3335,
      "isContract": false
    },
    {
      "cexTag": "Kraken",
      "symbol": "FTM",
      "address": "0xeff80f885a8bf524ccf495166f064d3cf40399ce",
      "value": 0.99,
      "usdValue": 0.33016500000000004,
      "isContract": false
    },
    {
      "cexTag": "Kraken",
      "symbol": "FTM",
      "address": "0x3897c8a79e9c15c2ff84aa2b1fd127202f42e873",
      "value": 0.5,
      "usdValue": 0.16675,
      "isContract": false
    },
    {
      "cexTag": "Kraken",
      "symbol": "FTM",
      "address": "0x94dbf04e273d87e6d9bed68c616f43bf86560c74",
      "value": 0.38626401457749626,
      "usdValue": 0.128819048861595,
      "isContract": false
    },
    {
      "cexTag": "Kraken",
      "symbol": "FTM",
      "address": "0xbfd1c342030f8b817e5b54d9714d108fd87e749d",
      "value": 0.1388882188573476,
      "usdValue": 0.04631922098892542,
      "isContract": false
    },
    {
      "cexTag": "Kraken",
      "symbol": "FTM",
      "address": "0x74b83c6d09d3417097b011e29f6d17ca53131e02",
      "value": 0.10637474180534505,
      "usdValue": 0.035475976392082574,
      "isContract": false
    },
    {
      "cexTag": "Kraken",
      "symbol": "FTM",
      "address": "0x33256a4bc07963f860cace338b6e1651d6e7064e",
      "value": 0.099540467446563,
      "usdValue": 0.03319674589342876,
      "isContract": false
    },
    {
      "cexTag": "Kraken",
      "symbol": "FTM",
      "address": "0x4bf2c267dbc2077b747b68582965c85e15736104",
      "value": 0.07344270438947066,
      "usdValue": 0.024493141913888468,
      "isContract": false
    },
    {
      "cexTag": "Kraken",
      "symbol": "FTM",
      "address": "0x2836cb828e53ff1a8b9b54b02f13edeeac37bc91",
      "value": 0.04401059653576039,
      "usdValue": 0.014677533944676092,
      "isContract": false
    },
    {
      "cexTag": "Kraken",
      "symbol": "FTM",
      "address": "0x8e4d9cd3ce699c13bfdd7501a49263f0b5196c8b",
      "value": 0.041760929029323,
      "usdValue": 0.01392726983127922,
      "isContract": false
    },
    {
      "cexTag": "Kraken",
      "symbol": "FTM",
      "address": "0x029566bec394cb71475b5be11508f8e55b8f7f15",
      "value": 0.02,
      "usdValue": 0.006670000000000001,
      "isContract": false
    },
    {
      "cexTag": "Kraken",
      "symbol": "FTM",
      "address": "0xa98b449a8a2af10a02b97810a7389f0e1cbe9f97",
      "value": 0.013497185324999996,
      "usdValue": 0.0045013113058874985,
      "isContract": false
    },
    {
      "cexTag": "Kraken",
      "symbol": "FTM",
      "address": "0xbb65cc65f467bab723d15e5a134f0813e945b931",
      "value": 0.002918822156964,
      "usdValue": 0.0009734271893474941,
      "isContract": false
    },
    {
      "cexTag": "Kraken",
      "symbol": "FTM",
      "address": "0x69fefa844dc2dac420ded563088fba20c069f170",
      "value": 0.002417168108565,
      "usdValue": 0.0008061255642064274,
      "isContract": false
    },
    {
      "cexTag": "Kraken",
      "symbol": "FTM",
      "address": "0xda9dfa130df4de4673b89022ee50ff26f6ea73cf",
      "value": 0.0024000000001,
      "usdValue": 0.0008004000000333501,
      "isContract": false
    },
    {
      "cexTag": "Kraken",
      "symbol": "FTM",
      "address": "0x13c7b5a2ace31a67e23936acff66bd7e6f42edef",
      "value": 0.002041457698854,
      "usdValue": 0.000680826142567809,
      "isContract": false
    },
    {
      "cexTag": "Kraken",
      "symbol": "FTM",
      "address": "0x68cd24c38e064bac6d23c285613311f967d84d57",
      "value": 0.001737886920966,
      "usdValue": 0.000579585288142161,
      "isContract": false
    },
    {
      "cexTag": "Kraken",
      "symbol": "FTM",
      "address": "0xd7b1c793d806d373f3c82bf1e406cc971f7faeac",
      "value": 0.001444212338436,
      "usdValue": 0.000481644814868406,
      "isContract": false
    },
    {
      "cexTag": "Kraken",
      "symbol": "FTM",
      "address": "0xadc137c565463ae5d44b9a5ef90949f2323abebb",
      "value": 0.000964588555497,
      "usdValue": 0.0003216902832582495,
      "isContract": false
    },
    {
      "cexTag": "Kraken",
      "symbol": "FTM",
      "address": "0x4f15a0e3953837c2d50de08ba7e2681d68eee4e1",
      "value": 0.000641604056382,
      "usdValue": 0.00021397495280339702,
      "isContract": false
    },
    {
      "cexTag": "Kraken",
      "symbol": "FTM",
      "address": "0xbec0cd4a23d24795e9d0f86da6a64b9f69cb7bb8",
      "value": 0.000632872295887114,
      "usdValue": 0.00021106291067835253,
      "isContract": false
    },
    {
      "cexTag": "Kraken",
      "symbol": "FTM",
      "address": "0xb292c6c9cd01d9d6f662c4de86f840e0f3736e68",
      "value": 0.000612799778317809,
      "usdValue": 0.00020436872606898932,
      "isContract": false
    },
    {
      "cexTag": "Kraken",
      "symbol": "FTM",
      "address": "0x43682f585758feca26cce1e027e841eedeb8354c",
      "value": 0.000599925789801,
      "usdValue": 0.0002000752508986335,
      "isContract": false
    },
    {
      "cexTag": "Kraken",
      "symbol": "FTM",
      "address": "0x43969f8212d1027e53525f5a425f2f6a0b2c9589",
      "value": 0.000596380116686949,
      "usdValue": 0.00019889276891509752,
      "isContract": false
    },
    {
      "cexTag": "Kraken",
      "symbol": "FTM",
      "address": "0x75a0b10439b74d02b21ca6f1f9a50239ded93f2b",
      "value": 0.000582501788421,
      "usdValue": 0.0001942643464384035,
      "isContract": false
    },
    {
      "cexTag": "Kraken",
      "symbol": "FTM",
      "address": "0x2ecf6c5e68fb6e68d9c449380107455682a42935",
      "value": 0.00052999899613754,
      "usdValue": 0.0001767546652118696,
      "isContract": false
    },
    {
      "cexTag": "Kraken",
      "symbol": "FTM",
      "address": "0x2a31146774e5aadc595db6cf522d05286e522bc2",
      "value": 0.00051288371925,
      "usdValue": 0.000171046720369875,
      "isContract": false
    },
    {
      "cexTag": "Kraken",
      "symbol": "FTM",
      "address": "0xe73038293d183edf04077ee324b5de21f1fb76e6",
      "value": 0.000511858515798,
      "usdValue": 0.00017070481501863302,
      "isContract": false
    },
    {
      "cexTag": "Kraken",
      "symbol": "FTM",
      "address": "0xf7d798387e9ff51b94e0ae41198e6e3c8219dbae",
      "value": 0.000376687403901596,
      "usdValue": 0.00012562524920118226,
      "isContract": false
    },
    {
      "cexTag": "Kraken",
      "symbol": "FTM",
      "address": "0x09191cfaec222fef7d657942cdd56c3505ecf74e",
      "value": 0.000347866229124175,
      "usdValue": 0.00011601338741291237,
      "isContract": false
    },
    {
      "cexTag": "Kraken",
      "symbol": "FTM",
      "address": "0xec3ed21036fcbc770c2e8a893ab78eed637f7eff",
      "value": 0.000246801952336,
      "usdValue": 0.000082308451104056,
      "isContract": false
    },
    {
      "cexTag": "Kraken",
      "symbol": "FTM",
      "address": "0xb580bf9caba9ac224d088d4813ea0f9291d7af90",
      "value": 0.00021107747934,
      "usdValue": 0.00007039433935989,
      "isContract": false
    },
    {
      "cexTag": "Kraken",
      "symbol": "FTM",
      "address": "0x68a810fefda9e5c7772a53269a650f58f298f959",
      "value": 0.000209989934852768,
      "usdValue": 0.00007003164327339814,
      "isContract": false
    },
    {
      "cexTag": "Kraken",
      "symbol": "FTM",
      "address": "0x3056a26f6e3e3cfa576e5cb10b2eb82a728fb33d",
      "value": 0.000186998118164106,
      "usdValue": 0.00006236387240772936,
      "isContract": false
    },
    {
      "cexTag": "Kraken",
      "symbol": "FTM",
      "address": "0xeda95d17b7f70349cf6e302fb0b974d97261cd3f",
      "value": 0.000139996594076737,
      "usdValue": 0.00004668886412459179,
      "isContract": false
    },
    {
      "cexTag": "Kraken",
      "symbol": "FTM",
      "address": "0x6dde98b93a2ba071e8195498998149018988b2f0",
      "value": 0.000072519840687,
      "usdValue": 0.0000241853668691145,
      "isContract": false
    },
    {
      "cexTag": "Kraken",
      "symbol": "FTM",
      "address": "0x0f5b571bc986a87a5a0f33420cffa6c1978dc27c",
      "value": 0.000063702577113,
      "usdValue": 0.000021244809467185503,
      "isContract": false
    },
    {
      "cexTag": "Kraken",
      "symbol": "FTM",
      "address": "0xd9a3d2675e7cbfd80bc69acbb4c860d821e27891",
      "value": 0.000048040570074,
      "usdValue": 0.000016021530119679,
      "isContract": false
    },
    {
      "cexTag": "Kraken",
      "symbol": "FTM",
      "address": "0x3589b72b3bdeb73d1f850d3da8d13dd7b2ae4aca",
      "value": 0.000040124521122,
      "usdValue": 0.000013381527794187002,
      "isContract": false
    },
    {
      "cexTag": "Kraken",
      "symbol": "FTM",
      "address": "0x54ffeb5d262eb33edbc26137909039d30edd01ef",
      "value": 0.000032832907296,
      "usdValue": 0.000010949774583216001,
      "isContract": false
    },
    {
      "cexTag": "Kraken",
      "symbol": "FTM",
      "address": "0xc9ab7f8c45cfb4d1eebb961028f4fe9b01965bf8",
      "value": 0.00002629261425,
      "usdValue": 0.000008768586852375,
      "isContract": false
    },
    {
      "cexTag": "Kraken",
      "symbol": "FTM",
      "address": "0x3ff9a275cf2ec1aa7c8c149b3701e7465657eeca",
      "value": 0.000023526213228,
      "usdValue": 0.000007845992111538,
      "isContract": false
    },
    {
      "cexTag": "Kraken",
      "symbol": "FTM",
      "address": "0x3f2ee192a906731faeb4a5e90a4770fee4c06ac0",
      "value": 0.00001749825,
      "usdValue": 0.000005835666375,
      "isContract": false
    },
    {
      "cexTag": "Kraken",
      "symbol": "FTM",
      "address": "0xd2edf41d36370a649334c4427e999e6f6b258609",
      "value": 0.000016482227706,
      "usdValue": 0.000005496822939951,
      "isContract": false
    },
    {
      "cexTag": "Kraken",
      "symbol": "FTM",
      "address": "0xc8749db7ed3cf32767794c193cef7c393fe308d4",
      "value": 0.000016202706786,
      "usdValue": 0.000005403602713131001,
      "isContract": false
    },
    {
      "cexTag": "Kraken",
      "symbol": "FTM",
      "address": "0x9dc21804ef48ffd40b943b9c25f3c784e5d87de0",
      "value": 0.000015314837097,
      "usdValue": 0.0000051074981718495,
      "isContract": false
    },
    {
      "cexTag": "Kraken",
      "symbol": "FTM",
      "address": "0xd1e00c9228dd62c63747a51b407e9a59c2f90877",
      "value": 0.000014605360413,
      "usdValue": 0.000004870887697735501,
      "isContract": false
    },
    {
      "cexTag": "Kraken",
      "symbol": "FTM",
      "address": "0x160e1ba4cf47bb9f56ef113a07f9a5cf04859ec8",
      "value": 0.000008978303397,
      "usdValue": 0.0000029942641828995004,
      "isContract": false
    },
    {
      "cexTag": "Kraken",
      "symbol": "ETC",
      "address": "0xb68884048cdd9f3d67a94c9586068c024d8679ca",
      "value": 516569.4834766472,
      "usdValue": 11658973.242067927,
      "isContract": false
    },
    {
      "cexTag": "Kraken",
      "symbol": "ETC",
      "address": "0xe874f0e099d5305a869d62a38782641502af996b",
      "value": 411608.8819912689,
      "usdValue": 9290012.466542939,
      "isContract": false
    },
    {
      "cexTag": "Kraken",
      "symbol": "ETC",
      "address": "0x029db16a433151171f6c3830e39870b0258f1bea",
      "value": 999.995128,
      "usdValue": 22569.890038960002,
      "isContract": false
    },
    {
      "cexTag": "Kraken",
      "symbol": "ETC",
      "address": "0xe9c27582b960236442f704555c07a42804cf85bd",
      "value": 201.01839864,
      "usdValue": 4536.9852573048,
      "isContract": false
    },
    {
      "cexTag": "Kraken",
      "symbol": "ETC",
      "address": "0x36828912030f1e4846a3fea477df69bec331fb31",
      "value": 172.49958,
      "usdValue": 3893.3155206,
      "isContract": false
    },
    {
      "cexTag": "Kraken",
      "symbol": "ETC",
      "address": "0xd5f8022e93169ae147688c4cdf7b9dd9959aeb47",
      "value": 91.51675,
      "usdValue": 2065.5330475,
      "isContract": false
    },
    {
      "cexTag": "Kraken",
      "symbol": "ETC",
      "address": "0x99275f88197af07488474ecd8225176da725e29b",
      "value": 80.0081987,
      "usdValue": 1805.7850446589998,
      "isContract": false
    },
    {
      "cexTag": "Kraken",
      "symbol": "ETC",
      "address": "0x4595ed93ec695ba2987e8ef41ba58ae290b57588",
      "value": 58.96135189,
      "usdValue": 1330.7577121573001,
      "isContract": false
    },
    {
      "cexTag": "Kraken",
      "symbol": "ETC",
      "address": "0x54f1bac2417cf4ad0df61f6613bcd0d7aa03a1ba",
      "value": 28.864652482929763,
      "usdValue": 651.4752065397248,
      "isContract": false
    },
    {
      "cexTag": "Kraken",
      "symbol": "ETC",
      "address": "0xf025d7f4ea42e0ee9b8b042f8037959ab245cdd8",
      "value": 23.02698224,
      "usdValue": 519.7189891568,
      "isContract": false
    },
    {
      "cexTag": "Kraken",
      "symbol": "ETC",
      "address": "0x344f66376e41883ed5a6688095b6881b466dacc4",
      "value": 20.999979,
      "usdValue": 473.96952603,
      "isContract": false
    },
    {
      "cexTag": "Kraken",
      "symbol": "ETC",
      "address": "0x52fa0a9b7d7f3424e310d5cd3ae0682816dfd2de",
      "value": 17.47085544,
      "usdValue": 394.3172072808,
      "isContract": false
    },
    {
      "cexTag": "Kraken",
      "symbol": "ETC",
      "address": "0xc60f725d1e7dc70f6a3cc4023f87a5ed1f0d7738",
      "value": 17.4156164,
      "usdValue": 393.07046214800005,
      "isContract": false
    },
    {
      "cexTag": "Kraken",
      "symbol": "ETC",
      "address": "0xfb0969fdae61dc9f676304c06f5c821927ec09c3",
      "value": 15.87387713,
      "usdValue": 358.2734068241,
      "isContract": false
    },
    {
      "cexTag": "Kraken",
      "symbol": "ETC",
      "address": "0x00cd16b9c00919cf14af2f1eda584f63fe5539bb",
      "value": 15.21,
      "usdValue": 343.28970000000004,
      "isContract": false
    },
    {
      "cexTag": "Kraken",
      "symbol": "ETC",
      "address": "0x9a3cd60b912bbd9a5b0cc384840ef9f143abac3f",
      "value": 15.03048261,
      "usdValue": 339.2379925077,
      "isContract": false
    },
    {
      "cexTag": "Kraken",
      "symbol": "ETC",
      "address": "0x99541781c3747906ca69fe2e1fd13264038cc219",
      "value": 14.97520773349205,
      "usdValue": 337.9904385449156,
      "isContract": false
    },
    {
      "cexTag": "Kraken",
      "symbol": "ETC",
      "address": "0x84cbfafe456a2e3ebf9e2600aec2db7402d9b259",
      "value": 14,
      "usdValue": 315.98,
      "isContract": false
    },
    {
      "cexTag": "Kraken",
      "symbol": "ETC",
      "address": "0x240a9504938e6c1364ead60a9677bad40b52ba9e",
      "value": 11.25159159499905,
      "usdValue": 253.94842229912857,
      "isContract": false
    },
    {
      "cexTag": "Kraken",
      "symbol": "ETC",
      "address": "0x7532f6d7479ea242f54b634869c58ccb825263e9",
      "value": 10.02482,
      "usdValue": 226.2601874,
      "isContract": false
    },
    {
      "cexTag": "Kraken",
      "symbol": "ETC",
      "address": "0x7fddf919b9cb0860375f1d1c7776cdb7589e4776",
      "value": 9.82480676,
      "usdValue": 221.7458885732,
      "isContract": false
    },
    {
      "cexTag": "Kraken",
      "symbol": "ETC",
      "address": "0x2df001c3086b5177308dfb6031ed63010033d083",
      "value": 9.52866745530627,
      "usdValue": 215.0620244662625,
      "isContract": false
    },
    {
      "cexTag": "Kraken",
      "symbol": "ETC",
      "address": "0xae4280829a00e875cc811781e6f3daf2b2acde66",
      "value": 8.61201026,
      "usdValue": 194.3730715682,
      "isContract": false
    },
    {
      "cexTag": "Kraken",
      "symbol": "ETC",
      "address": "0x96e9acbf579e220cb835b82495d34c72a77a6c32",
      "value": 8.391654,
      "usdValue": 189.39963078000002,
      "isContract": false
    },
    {
      "cexTag": "Kraken",
      "symbol": "ETC",
      "address": "0xa9a0c42027612498751d12d1ad6320f1523ced98",
      "value": 8.085287842981451,
      "usdValue": 182.48494661609135,
      "isContract": false
    },
    {
      "cexTag": "Kraken",
      "symbol": "ETC",
      "address": "0x2413af7c2a0246730945c02d25a95aac579a08c2",
      "value": 7.16077059,
      "usdValue": 161.61859221630002,
      "isContract": false
    },
    {
      "cexTag": "Kraken",
      "symbol": "ETC",
      "address": "0xe40b16a97adfdce163fb3a6744135f59d2b8246a",
      "value": 6.486931364,
      "usdValue": 146.41004088548002,
      "isContract": false
    },
    {
      "cexTag": "Kraken",
      "symbol": "ETC",
      "address": "0x6daffdee5f00caa0ec6713766becfe8eb3f0efbe",
      "value": 4.973,
      "usdValue": 112.24061,
      "isContract": false
    },
    {
      "cexTag": "Kraken",
      "symbol": "ETC",
      "address": "0x1aea5f81cc21dc3f9438bc535599ca8711658470",
      "value": 4.916659,
      "usdValue": 110.96899363,
      "isContract": false
    },
    {
      "cexTag": "Kraken",
      "symbol": "ETC",
      "address": "0xbdbcdcc88d21fa03df61d9e6ff2de9c3442b2d3c",
      "value": 4.46824761,
      "usdValue": 100.84834855769999,
      "isContract": false
    },
    {
      "cexTag": "Kraken",
      "symbol": "ETC",
      "address": "0x8d38890625cfb8c1d12ef41d47bda07f7c81e4ce",
      "value": 4.06426259,
      "usdValue": 91.7304066563,
      "isContract": false
    },
    {
      "cexTag": "Kraken",
      "symbol": "ETC",
      "address": "0xdf0c5cd7bcc9d4130e6d8ececc3857827fe13942",
      "value": 3.98007392,
      "usdValue": 89.8302683744,
      "isContract": false
    },
    {
      "cexTag": "Kraken",
      "symbol": "ETC",
      "address": "0x3ef1653125bd4b8731c3740fcee93b26c01d6c0d",
      "value": 3.842496456,
      "usdValue": 86.72514501192,
      "isContract": false
    },
    {
      "cexTag": "Kraken",
      "symbol": "ETC",
      "address": "0x902eab55b13823738174152d1f40f7e5a37f16f6",
      "value": 3.802124916690495,
      "usdValue": 85.81395936970448,
      "isContract": false
    },
    {
      "cexTag": "Kraken",
      "symbol": "ETC",
      "address": "0x0e677fe6678f11b9eae61fccb6dc69bc4cd68641",
      "value": 3.34021266,
      "usdValue": 75.3885997362,
      "isContract": false
    },
    {
      "cexTag": "Kraken",
      "symbol": "ETC",
      "address": "0x3f324c3d3e5f989460af270c45c0c7911b0664d8",
      "value": 3.2589953427842437,
      "usdValue": 73.55552488664038,
      "isContract": false
    },
    {
      "cexTag": "Kraken",
      "symbol": "ETC",
      "address": "0x122be6d71a3c3b31af395765834d29088f92adf9",
      "value": 3.2101308309474597,
      "usdValue": 72.45265285448417,
      "isContract": false
    },
    {
      "cexTag": "Kraken",
      "symbol": "ETC",
      "address": "0xff52377e0def8f7ddbe53f4037b09fe3b2419e9f",
      "value": 3.1588600433,
      "usdValue": 71.295471177281,
      "isContract": false
    },
    {
      "cexTag": "Kraken",
      "symbol": "ETC",
      "address": "0xf316b5988d32910a64aa7535bb4e4bacabbd5b38",
      "value": 3.1024745508584446,
      "usdValue": 70.02285061287509,
      "isContract": false
    },
    {
      "cexTag": "Kraken",
      "symbol": "ETC",
      "address": "0x05e6688b88e6477c70c8acd26535c4bc514fac7f",
      "value": 2.87947423,
      "usdValue": 64.9897333711,
      "isContract": false
    },
    {
      "cexTag": "Kraken",
      "symbol": "ETC",
      "address": "0x9191a2afdcabbefa3b4d95248377c31b05702090",
      "value": 2.7910978813531724,
      "usdValue": 62.995079182141104,
      "isContract": false
    },
    {
      "cexTag": "Kraken",
      "symbol": "ETC",
      "address": "0xf5a057371464cab6171f8f373545b4d7f6d7995f",
      "value": 1.999559,
      "usdValue": 45.13004663,
      "isContract": false
    },
    {
      "cexTag": "Kraken",
      "symbol": "ETC",
      "address": "0x05ef2d29ee854ae984de2fcd15b465d7606af94b",
      "value": 1.964,
      "usdValue": 44.32748,
      "isContract": false
    },
    {
      "cexTag": "Kraken",
      "symbol": "ETC",
      "address": "0xc0713c0d655bed93c05599de686c0154f55e0d77",
      "value": 1.87589193,
      "usdValue": 42.338880860100005,
      "isContract": false
    },
    {
      "cexTag": "Kraken",
      "symbol": "ETC",
      "address": "0x79251889750f8c3f9bba5f811e3a115d40a3536f",
      "value": 1.46006359,
      "usdValue": 32.9536352263,
      "isContract": false
    },
    {
      "cexTag": "Kraken",
      "symbol": "ETC",
      "address": "0x8576d6bf2445b36e56487bd2aed25bd19526c778",
      "value": 1.434528906,
      "usdValue": 32.37731740842,
      "isContract": false
    },
    {
      "cexTag": "Kraken",
      "symbol": "ETC",
      "address": "0x31914edf72bace0ce268b7c9fa1abb0bc6176160",
      "value": 1.42,
      "usdValue": 32.0494,
      "isContract": false
    },
    {
      "cexTag": "Kraken",
      "symbol": "ETC",
      "address": "0x95abe3913fab755db41c2e0bafe57ffc6857f380",
      "value": 1.3568167,
      "usdValue": 30.623352919,
      "isContract": false
    },
    {
      "cexTag": "Kraken",
      "symbol": "ETC",
      "address": "0xfbf12899486d0f7ef3b76d90fb842a90dcc66ef3",
      "value": 1.255408,
      "usdValue": 28.33455856,
      "isContract": false
    },
    {
      "cexTag": "Kraken",
      "symbol": "ETC",
      "address": "0x112c3bdc9b5be61bfae952d9ee0c608c958fb8c5",
      "value": 1.11796418,
      "usdValue": 25.2324515426,
      "isContract": false
    },
    {
      "cexTag": "Kraken",
      "symbol": "ETC",
      "address": "0xb4d75f94e8f3eb603da5df0ed016bbef19ba31bd",
      "value": 1.1143077746548942,
      "usdValue": 25.14992647396096,
      "isContract": false
    },
    {
      "cexTag": "Kraken",
      "symbol": "ETC",
      "address": "0x9f034c3b6d7961792e74613e13eb03d968e0e514",
      "value": 1.0894072347220773,
      "usdValue": 24.587921287677286,
      "isContract": false
    },
    {
      "cexTag": "Kraken",
      "symbol": "ETC",
      "address": "0xc398370db448d2cb23d731022b7a66a318eaf48c",
      "value": 1,
      "usdValue": 22.57,
      "isContract": false
    },
    {
      "cexTag": "Kraken",
      "symbol": "ETC",
      "address": "0x0376e89effa619ae919461eb236032e8eaeb33b8",
      "value": 0.999139,
      "usdValue": 22.55056723,
      "isContract": false
    },
    {
      "cexTag": "Kraken",
      "symbol": "ETC",
      "address": "0xdc0cef7f076abea1413405c06af55f51483fba9d",
      "value": 0.99267,
      "usdValue": 22.4045619,
      "isContract": false
    },
    {
      "cexTag": "Kraken",
      "symbol": "ETC",
      "address": "0xb70fd8abcd8a6711e61b848dfb66e20556381bb3",
      "value": 0.92405796,
      "usdValue": 20.8559881572,
      "isContract": false
    },
    {
      "cexTag": "Kraken",
      "symbol": "ETC",
      "address": "0x46c21f0c0ca39f591e95c98c9768d7215e46fdd9",
      "value": 0.919721,
      "usdValue": 20.75810297,
      "isContract": false
    },
    {
      "cexTag": "Kraken",
      "symbol": "ETC",
      "address": "0x6435d62fe483db2d0a2cb1d5d8324d0b48eeae48",
      "value": 0.91877986,
      "usdValue": 20.736861440200002,
      "isContract": false
    },
    {
      "cexTag": "Kraken",
      "symbol": "ETC",
      "address": "0x4be1d33c2673a4373e6d43107be671b8f7ff80b9",
      "value": 0.8386740091645692,
      "usdValue": 18.92887238684433,
      "isContract": false
    },
    {
      "cexTag": "Kraken",
      "symbol": "ETC",
      "address": "0x60a7e7f783fc2962813bbc746fb939def3853620",
      "value": 0.66921232,
      "usdValue": 15.1041220624,
      "isContract": false
    },
    {
      "cexTag": "Kraken",
      "symbol": "ETC",
      "address": "0xbe8d60c9248c63a62cf63c629a511174979ff024",
      "value": 0.654219735,
      "usdValue": 14.76573941895,
      "isContract": false
    },
    {
      "cexTag": "Kraken",
      "symbol": "ETC",
      "address": "0x57d1b8e025543d63d46df502ac2cb37b84ebd1be",
      "value": 0.639917326,
      "usdValue": 14.44293404782,
      "isContract": false
    },
    {
      "cexTag": "Kraken",
      "symbol": "ETC",
      "address": "0x9d53c347c82fe5cbc6bcdfcd32600d3ec16b3431",
      "value": 0.53655693,
      "usdValue": 12.110089910100001,
      "isContract": false
    },
    {
      "cexTag": "Kraken",
      "symbol": "ETC",
      "address": "0x3b0de468fa79a8a6abab7d0f7f067bdbfa9f95bb",
      "value": 0.52861736,
      "usdValue": 11.930893815200001,
      "isContract": false
    },
    {
      "cexTag": "Kraken",
      "symbol": "ETC",
      "address": "0xe1ac0192d0e2f25bd170be2681d7a2903695b103",
      "value": 0.42787,
      "usdValue": 9.657025899999999,
      "isContract": false
    },
    {
      "cexTag": "Kraken",
      "symbol": "ETC",
      "address": "0x03f098412498d12c8fdf5a778bb0359fb066d235",
      "value": 0.27563033422317385,
      "usdValue": 6.220976643417034,
      "isContract": false
    },
    {
      "cexTag": "Kraken",
      "symbol": "ETC",
      "address": "0x3509c6cdbbc6a9dc8f22e50fb24773f1125862b5",
      "value": 0.27435187,
      "usdValue": 6.1921217059,
      "isContract": false
    },
    {
      "cexTag": "Kraken",
      "symbol": "ETC",
      "address": "0x0e39ce3d6c7a14096c4d8845c43daafee1ae65ae",
      "value": 0.2705323361027233,
      "usdValue": 6.1059148258384655,
      "isContract": false
    },
    {
      "cexTag": "Kraken",
      "symbol": "ETC",
      "address": "0x6aeb1d3962d30d018c76f80c3194a4d7cd07aa96",
      "value": 0.210872308,
      "usdValue": 4.759387991560001,
      "isContract": false
    },
    {
      "cexTag": "Kraken",
      "symbol": "ETC",
      "address": "0xab105b469ed7e2c5e55eee2a84c3c8d89c772021",
      "value": 0.1988069689538239,
      "usdValue": 4.487073289287806,
      "isContract": false
    },
    {
      "cexTag": "Kraken",
      "symbol": "ETC",
      "address": "0xba2a36d15770fb18359508c8633deb297cabcb83",
      "value": 0.19751773049722043,
      "usdValue": 4.457975177322266,
      "isContract": false
    },
    {
      "cexTag": "Kraken",
      "symbol": "ETC",
      "address": "0x0cfb3869b9fd2ba4d744cf116cdf4194573bc60e",
      "value": 0.1964717337358267,
      "usdValue": 4.434367030417608,
      "isContract": false
    },
    {
      "cexTag": "Kraken",
      "symbol": "ETC",
      "address": "0xd971aaa92648db32d5975e172ff3b7936f43892f",
      "value": 0.19,
      "usdValue": 4.2883000000000004,
      "isContract": false
    },
    {
      "cexTag": "Kraken",
      "symbol": "ETC",
      "address": "0x253ec8802af3d537cfdbe989f5c600636e1fa166",
      "value": 0.19,
      "usdValue": 4.2883000000000004,
      "isContract": false
    },
    {
      "cexTag": "Kraken",
      "symbol": "ETC",
      "address": "0x09c0311777d4a56a23cf11418bda1339c76b7a42",
      "value": 0.18235108532151367,
      "usdValue": 4.115663995706564,
      "isContract": false
    },
    {
      "cexTag": "Kraken",
      "symbol": "ETC",
      "address": "0x60b728905aab9a216527638e189ad0bbe3d522a9",
      "value": 0.1806993648411397,
      "usdValue": 4.078384664464523,
      "isContract": false
    },
    {
      "cexTag": "Kraken",
      "symbol": "ETC",
      "address": "0xa4b838aec5a796369dbd269e9b1683fd4f7dd3d0",
      "value": 0.17888022992031116,
      "usdValue": 4.037326789301423,
      "isContract": false
    },
    {
      "cexTag": "Kraken",
      "symbol": "ETC",
      "address": "0xd63d477875ed078ec5204c89d3385a2a8ed4ad22",
      "value": 0.17833309211966497,
      "usdValue": 4.024977889140838,
      "isContract": false
    },
    {
      "cexTag": "Kraken",
      "symbol": "ETC",
      "address": "0xf4924816f3d09a2049f5f28c1a48ea4ba694032f",
      "value": 0.17727674,
      "usdValue": 4.0011360218,
      "isContract": false
    },
    {
      "cexTag": "Kraken",
      "symbol": "ETC",
      "address": "0xcea44a20c3b476d767837cb81a2a1097f6e40c61",
      "value": 0.17390854505925205,
      "usdValue": 3.9251158619873188,
      "isContract": false
    },
    {
      "cexTag": "Kraken",
      "symbol": "ETC",
      "address": "0x1811f86b37edf172340532ca8c5e209b0b0f5d72",
      "value": 0.17366970488879804,
      "usdValue": 3.919725239340172,
      "isContract": false
    },
    {
      "cexTag": "Kraken",
      "symbol": "ETC",
      "address": "0x5baf9b9a37dcec5055b4261cf0f75be659aa1a63",
      "value": 0.17175323,
      "usdValue": 3.8764704011,
      "isContract": false
    },
    {
      "cexTag": "Kraken",
      "symbol": "ETC",
      "address": "0x2bf4717e65c03bb739aa7677a63476bd5fdb4973",
      "value": 0.17105724433204458,
      "usdValue": 3.860762004574246,
      "isContract": false
    },
    {
      "cexTag": "Kraken",
      "symbol": "ETC",
      "address": "0xd207034b483b462dee1e36f1b11c12b845ea6fce",
      "value": 0.16888387,
      "usdValue": 3.8117089459,
      "isContract": false
    },
    {
      "cexTag": "Kraken",
      "symbol": "ETC",
      "address": "0x13c8b5286d0e678eacf1459ba736ad491c9943c7",
      "value": 0.16866648741462512,
      "usdValue": 3.8068026209480887,
      "isContract": false
    },
    {
      "cexTag": "Kraken",
      "symbol": "ETC",
      "address": "0x7cda24ed44554c598ad5c442110cad9687caf385",
      "value": 0.1683901484037471,
      "usdValue": 3.8005656494725724,
      "isContract": false
    },
    {
      "cexTag": "Kraken",
      "symbol": "ETC",
      "address": "0xc8536872c68e8b0496752ef3b36f41245d93ed53",
      "value": 0.16819764,
      "usdValue": 3.7962207348000003,
      "isContract": false
    },
    {
      "cexTag": "Kraken",
      "symbol": "ETC",
      "address": "0x611451a34e6815311411457e8cd85cc1634262fe",
      "value": 0.16770547870858693,
      "usdValue": 3.785112654452807,
      "isContract": false
    },
    {
      "cexTag": "Kraken",
      "symbol": "ETC",
      "address": "0x0f6eaa881b21e9c70614c13ec19258f02f84f131",
      "value": 0.16762165,
      "usdValue": 3.7832206405,
      "isContract": false
    },
    {
      "cexTag": "Kraken",
      "symbol": "ETC",
      "address": "0x7e8109c5f5f7fa244593ea1f1eb760b68a0aea79",
      "value": 0.1638201253452204,
      "usdValue": 3.6974202290416245,
      "isContract": false
    },
    {
      "cexTag": "Kraken",
      "symbol": "ETC",
      "address": "0x4a5f66165078be53c0da29330360dd5cf7e055ed",
      "value": 0.16376462,
      "usdValue": 3.6961674734,
      "isContract": false
    },
    {
      "cexTag": "Kraken",
      "symbol": "ETC",
      "address": "0x7e048aaa7b769da4ef3558f419659f364bb24e3f",
      "value": 0.16081077896332943,
      "usdValue": 3.6294992812023454,
      "isContract": false
    },
    {
      "cexTag": "Kraken",
      "symbol": "ETC",
      "address": "0x919c0fa273643c087a587941832d2142dc59bcc2",
      "value": 0.15973326,
      "usdValue": 3.6051796782,
      "isContract": false
    },
    {
      "cexTag": "Kraken",
      "symbol": "ETC",
      "address": "0x0fabc4c5c47411fa995ab3b0512ffaeb573df373",
      "value": 0.1578787,
      "usdValue": 3.5633222590000004,
      "isContract": false
    },
    {
      "cexTag": "Kraken",
      "symbol": "ETC",
      "address": "0x35fe2527ce6f32dec47bd2e032a6516f4aa439a5",
      "value": 0.1569508366589852,
      "usdValue": 3.5423803833932963,
      "isContract": false
    },
    {
      "cexTag": "Kraken",
      "symbol": "ETC",
      "address": "0xce258ce8ea42d729e169021d518271d09e52584e",
      "value": 0.1565274280578551,
      "usdValue": 3.5328240512657896,
      "isContract": false
    },
    {
      "cexTag": "Kraken",
      "symbol": "ETC",
      "address": "0x6721dfc589b63323effe2cc42d62e7225512c94f",
      "value": 0.1549991393034696,
      "usdValue": 3.4983305740793087,
      "isContract": false
    },
    {
      "cexTag": "Kraken",
      "symbol": "ETC",
      "address": "0xc6403952c21a7fc157b1bd3f15e3d36fe32b2a24",
      "value": 0.15373913,
      "usdValue": 3.4698921641,
      "isContract": false
    },
    {
      "cexTag": "Kraken",
      "symbol": "ETC",
      "address": "0x295ee3918ed317482b8c1bd474b59137559d713f",
      "value": 0.15341932,
      "usdValue": 3.4626740524,
      "isContract": false
    },
    {
      "cexTag": "Kraken",
      "symbol": "ETC",
      "address": "0x30fee212acfc54274528104fe615ac225b71a1b6",
      "value": 0.15308469170242842,
      "usdValue": 3.4551214917238093,
      "isContract": false
    },
    {
      "cexTag": "Kraken",
      "symbol": "DOGE",
      "address": "DMedirZbQNMfFwdSWuhWUEAqDVJ3xw1bXL",
      "value": 0.001,
      "usdValue": 0.00023294,
      "isContract": false
    },
    {
      "cexTag": "Kraken",
      "symbol": "BCH",
      "address": "pp8z0yymqg4ckkv592ssr45p3ft3stdezgend6mlsk",
      "value": 0.40975,
      "usdValue": 241.383725,
      "isContract": false
    },
    {
      "cexTag": "Kraken",
      "symbol": "BCH",
      "address": "pqfnyxj4u9r32h64fzvhrd0s7xpcuhv8puj3tk40hs",
      "value": 0.40975,
      "usdValue": 241.383725,
      "isContract": false
    },
    {
      "cexTag": "Kraken",
      "symbol": "BCH",
      "address": "pz9jl0c6n353m76pwzwyst7x59pgqawrfs35g8k330",
      "value": 0.40975,
      "usdValue": 241.383725,
      "isContract": false
    },
    {
      "cexTag": "Kraken",
      "symbol": "BCH",
      "address": "pq2k99ujezhkmhxp3yja592nd8em95v4qukzh7ja0a",
      "value": 0.015,
      "usdValue": 8.8365,
      "isContract": false
    },
    {
      "cexTag": "Kraken",
      "symbol": "DASH",
      "address": "Xh4hCWEPBPm5N7Kq99e3KvdgQar7oyXiJd",
      "value": 27327.2667964,
      "usdValue": 639066.7905397353,
      "isContract": false
    }
  ]
}