{
  "timestamp": "2025-08-17T13:37:22.422Z",
  "totalCEX": 11,
  "cexList": [
    {
      "cexTag": "Binance",
      "seoCexTag": "binance",
      "cexLogo": "https://static.oklink.com/cdn/explorer/logo/cex/binance.png",
      "symbolList": [
        {
          "symbol": "ETH",
          "value": 5397904.892583388,
          "usdValue": 24494726412.613144,
          "rate": -0.0008177581136185857
        },
        {
          "symbol": "BTC",
          "value": 649142.1747542896,
          "usdValue": 76741393156.79974,
          "rate": 0.0004984420970408484
        },
        {
          "symbol": "USDT",
          "value": 39824146311.7576,
          "usdValue": 39840925544.09609,
          "rate": -0.0014508393374505187
        },
        {
          "symbol": "USDC",
          "value": 9280234185.014687,
          "usdValue": 9278378125.401913,
          "rate": -0.0023329387244535316
        }
      ],
      "totalValue": 193698220833.99863,
      "totalRate": 0.010349966888635242,
      "totalInflow": -127500691.66246414,
      "mainStream": 150355423238.9109,
      "mainStreamRate": 0.005852434,
      "blockChainList": [
        {
          "chainIndex": "0",
          "blockChain": "BTC",
          "logo": "https://static.oklink.com/cdn/explorer/admin/1686558172927.png",
          "lightLogo": "https://static.oklink.com/cdn/assets/imgs/2312/FF3843272D00C1E7.png"
        },
        {
          "chainIndex": "1",
          "blockChain": "ETH",
          "logo": "https://static.oklink.com/cdn/web3/currency/token/1706800365851.png/type=png_350_0",
          "lightLogo": "https://static.oklink.com/cdn/assets/imgs/2312/BEC6A727AB2BFAB0.png"
        },
        {
          "chainIndex": "2",
          "blockChain": "LTC",
          "logo": "https://static.oklink.com/cdn/explorer/oklinkmanage/picture/ltc_logo.png",
          "lightLogo": "https://static.oklink.com/cdn/assets/imgs/2312/A85D30C877AC3B16.png"
        },
        {
          "chainIndex": "3",
          "blockChain": "DOGE",
          "logo": "https://static.oklink.com/cdn/explorer/admin/1696651121774.png/type=png_350_0",
          "lightLogo": "https://static.oklink.com/cdn/assets/imgs/2312/A51191E954E8CDB0.png"
        },
        {
          "chainIndex": "5",
          "blockChain": "DASH",
          "logo": "https://static.oklink.com/cdn/explorer/oklinkmanage/picture/dash_logo.png",
          "lightLogo": "https://static.oklink.com/cdn/assets/imgs/2312/617C512B1BFB94E3.png"
        },
        {
          "chainIndex": "10",
          "blockChain": "OPTIMISM",
          "logo": "https://static.oklink.com/cdn/explorer/admin/1686557806497.png",
          "lightLogo": "https://static.oklink.com/cdn/assets/imgs/2312/FEE088C8C0C85D41.png"
        },
        {
          "chainIndex": "56",
          "blockChain": "BSC",
          "logo": "https://static.coinall.ltd/cdn/web3/currency/token/1742545358366.png/type=default_350_0",
          "lightLogo": "https://static.oklink.com/cdn/assets/imgs/2312/C415878C9255068A.png"
        },
        {
          "chainIndex": "61",
          "blockChain": "ETC",
          "logo": "https://static.oklink.com/cdn/explorer/admin/1686558153814.png",
          "lightLogo": "https://static.oklink.com/cdn/assets/imgs/2312/6A72CFE7ED04A323.png"
        },
        {
          "chainIndex": "66",
          "blockChain": "OKEXCHAIN",
          "logo": "https://static.oklink.com/cdn/explorer/admin/1686558023497.png",
          "lightLogo": "https://static.oklink.com/cdn/assets/imgs/248/9C557DC56E54B38B.png"
        },
        {
          "chainIndex": "118",
          "blockChain": "COSMOS",
          "logo": "https://static.oklink.com/cdn/explorer/admin/1687836948833.png",
          "lightLogo": "https://static.oklink.com/cdn/assets/imgs/2312/3C3C8CFB6272F3F0.png"
        },
        {
          "chainIndex": "130",
          "blockChain": "UNI",
          "logo": "https://static.coinall.ltd/cdn/web3/currency/token/1739948756142.png/type=default_350_0",
          "lightLogo": "https://static.coinall.ltd/cdn/web3/oklinkadmin/picture/b70c0371-541f-4a91-8718-f823a0d7f22c.png"
        },
        {
          "chainIndex": "137",
          "blockChain": "POLYGON",
          "logo": "https://static.oklink.com/cdn/web3/currency/token/1697556067799.png/type=png_350_0",
          "lightLogo": "https://static.oklink.com/cdn/assets/imgs/2312/DE31DC421B88956E.png"
        },
        {
          "chainIndex": "144",
          "blockChain": "RIPPLE",
          "logo": "https://static.oklink.com/cdn/explorer/currency/token/xrp-xrp-null.png",
          "lightLogo": "https://static.oklink.com/cdn/assets/imgs/256/5C30885514F56CA7.jpeg"
        },
        {
          "chainIndex": "145",
          "blockChain": "BCH",
          "logo": "https://static.oklink.com/cdn/explorer/oklinkmanage/picture/bch_logo.png",
          "lightLogo": "https://static.oklink.com/cdn/assets/imgs/2312/458634273CBF4081.png"
        },
        {
          "chainIndex": "195",
          "blockChain": "TRON",
          "logo": "https://static.oklink.com/cdn/explorer/admin/1686557723420.png",
          "lightLogo": "https://static.oklink.com/cdn/assets/imgs/2312/BB50612641974EC8.png"
        },
        {
          "chainIndex": "196",
          "blockChain": "X1",
          "logo": "https://static.oklink.com/cdn/web3/currency/token/1711680841142.png/type=png_350_0",
          "lightLogo": "https://static.oklink.com/cdn/assets/imgs/248/DD53323FFE842449.png"
        },
        {
          "chainIndex": "250",
          "blockChain": "FTM",
          "logo": "https://static.oklink.com/cdn/explorer/admin/1686558053632.png",
          "lightLogo": "https://static.oklink.com/cdn/assets/imgs/2312/D32DA4DEFB3AE885.png"
        },
        {
          "chainIndex": "324",
          "blockChain": "ZKSYNC",
          "logo": "https://static.oklink.com/cdn/explorer/admin/1686558413916.png",
          "lightLogo": "https://static.oklink.com/cdn/assets/imgs/2312/FA6C98D597C2904F.png"
        },
        {
          "chainIndex": "501",
          "blockChain": "SOLANA",
          "logo": "https://static.coinall.ltd/cdn/web3/currency/token/1715241932682.png/type=png_350_0",
          "lightLogo": "https://static.oklink.com/cdn/assets/imgs/2312/4CB5F5AE4EFA977F.png"
        },
        {
          "chainIndex": "607",
          "blockChain": "TON",
          "logo": "https://static.oklink.com/cdn/explorer/currency/token/ton-ton-null.png",
          "lightLogo": "https://static.oklink.com/cdn/assets/imgs/253/7E701E24F03351F5.png"
        },
        {
          "chainIndex": "637",
          "blockChain": "APT",
          "logo": "https://static.oklink.com/cdn/explorer/oklinkmanage/picture/apt_logo.png",
          "lightLogo": "https://static.oklink.com/cdn/assets/imgs/2312/422AA0B18303B28D.png"
        },
        {
          "chainIndex": "784",
          "blockChain": "SUI",
          "logo": "https://static.coinall.ltd/cdn/web3/currency/token/1742539825819.png/type=default_350_0",
          "lightLogo": "https://static.oklink.com/cdn/assets/imgs/2312/BA776B7B6DB7757E.png"
        },
        {
          "chainIndex": "2020",
          "blockChain": "RONIN",
          "logo": "https://static.oklink.com/cdn/explorer/admin/1689678241466.png",
          "lightLogo": "https://static.oklink.com/cdn/assets/imgs/2312/28CE3AB56BAAD113.png"
        },
        {
          "chainIndex": "8453",
          "blockChain": "BASE",
          "logo": "https://static.coinall.ltd/cdn/web3/currency/token/1736766709807.png/type=default_350_0",
          "lightLogo": "https://static.oklink.com/cdn/assets/imgs/2312/E8725CEE33D29668.png"
        },
        {
          "chainIndex": "9004",
          "blockChain": "STARKNET",
          "logo": "https://static.oklink.com/cdn/explorer/admin/1692864443638.jpeg",
          "lightLogo": "https://static.oklink.com/cdn/assets/imgs/2312/72CB729F05E52423.png"
        },
        {
          "chainIndex": "42161",
          "blockChain": "ARBITRUM",
          "logo": "https://static.oklink.com/cdn/explorer/admin/1686557510911.png",
          "lightLogo": "https://static.oklink.com/cdn/assets/imgs/2312/ED446CC74F2B3AFF.png"
        },
        {
          "chainIndex": "43114",
          "blockChain": "AVAXC",
          "logo": "https://static.oklink.com/cdn/explorer/admin/1686558223199.png",
          "lightLogo": "https://static.oklink.com/cdn/assets/imgs/2312/708CF2DEB0D08361.png"
        },
        {
          "chainIndex": "59144",
          "blockChain": "LINEA",
          "logo": "https://static.oklink.com/cdn/explorer/admin/1689947710844.jpeg",
          "lightLogo": "https://static.oklink.com/cdn/assets/imgs/2312/F91DD1A03FFFE65C.png"
        },
        {
          "chainIndex": "200901",
          "blockChain": "BITLAYER",
          "logo": "https://static.coinall.ltd/cdn/web3/currency/token/1715345047885.png/type=png_350_0",
          "lightLogo": "https://static.oklink.com/cdn/assets/imgs/253/DD3D1A690E0E941C.png"
        },
        {
          "chainIndex": "534352",
          "blockChain": "SCROLL",
          "logo": "https://static.oklink.com/cdn/explorer/admin/1697027635993.png/type=png_350_0",
          "lightLogo": "https://static.oklink.com/cdn/assets/imgs/2312/5FEBBFE08EB72E81.png"
        }
      ]
    },
    {
      "cexTag": "OKX",
      "seoCexTag": "okx",
      "cexLogo": "https://static.oklink.com/cdn/explorer/logo/cex/okx.png",
      "symbolList": [
        {
          "symbol": "USDC",
          "value": 1059480646.2809975,
          "usdValue": 1059268750.1218537,
          "rate": -0.012269271161474382
        },
        {
          "symbol": "ETH",
          "value": 1745402.2421264707,
          "usdValue": 7920323769.936217,
          "rate": -0.0022491913033537633
        },
        {
          "symbol": "USDT",
          "value": 9969580602.177727,
          "usdValue": 9975956962.14901,
          "rate": 0.0009767920744279146
        },
        {
          "symbol": "BTC",
          "value": 115449.57898722943,
          "usdValue": 13648414592.997208,
          "rate": 0.0004222654112399445
        }
      ],
      "totalValue": 37094934496.83837,
      "totalRate": 0.010778884613222326,
      "totalInflow": -35102692.016740106,
      "mainStream": 32603964075.20429,
      "mainStreamRate": 0.0077267493,
      "blockChainList": [
        {
          "chainIndex": "0",
          "blockChain": "BTC",
          "logo": "https://static.oklink.com/cdn/explorer/admin/1686558172927.png",
          "lightLogo": "https://static.oklink.com/cdn/assets/imgs/2312/FF3843272D00C1E7.png"
        },
        {
          "chainIndex": "1",
          "blockChain": "ETH",
          "logo": "https://static.oklink.com/cdn/web3/currency/token/1706800365851.png/type=png_350_0",
          "lightLogo": "https://static.oklink.com/cdn/assets/imgs/2312/BEC6A727AB2BFAB0.png"
        },
        {
          "chainIndex": "2",
          "blockChain": "LTC",
          "logo": "https://static.oklink.com/cdn/explorer/oklinkmanage/picture/ltc_logo.png",
          "lightLogo": "https://static.oklink.com/cdn/assets/imgs/2312/A85D30C877AC3B16.png"
        },
        {
          "chainIndex": "3",
          "blockChain": "DOGE",
          "logo": "https://static.oklink.com/cdn/explorer/admin/1696651121774.png/type=png_350_0",
          "lightLogo": "https://static.oklink.com/cdn/assets/imgs/2312/A51191E954E8CDB0.png"
        },
        {
          "chainIndex": "5",
          "blockChain": "DASH",
          "logo": "https://static.oklink.com/cdn/explorer/oklinkmanage/picture/dash_logo.png",
          "lightLogo": "https://static.oklink.com/cdn/assets/imgs/2312/617C512B1BFB94E3.png"
        },
        {
          "chainIndex": "10",
          "blockChain": "OPTIMISM",
          "logo": "https://static.oklink.com/cdn/explorer/admin/1686557806497.png",
          "lightLogo": "https://static.oklink.com/cdn/assets/imgs/2312/FEE088C8C0C85D41.png"
        },
        {
          "chainIndex": "56",
          "blockChain": "BSC",
          "logo": "https://static.coinall.ltd/cdn/web3/currency/token/1742545358366.png/type=default_350_0",
          "lightLogo": "https://static.oklink.com/cdn/assets/imgs/2312/C415878C9255068A.png"
        },
        {
          "chainIndex": "61",
          "blockChain": "ETC",
          "logo": "https://static.oklink.com/cdn/explorer/admin/1686558153814.png",
          "lightLogo": "https://static.oklink.com/cdn/assets/imgs/2312/6A72CFE7ED04A323.png"
        },
        {
          "chainIndex": "66",
          "blockChain": "OKEXCHAIN",
          "logo": "https://static.oklink.com/cdn/explorer/admin/1686558023497.png",
          "lightLogo": "https://static.oklink.com/cdn/assets/imgs/248/9C557DC56E54B38B.png"
        },
        {
          "chainIndex": "118",
          "blockChain": "COSMOS",
          "logo": "https://static.oklink.com/cdn/explorer/admin/1687836948833.png",
          "lightLogo": "https://static.oklink.com/cdn/assets/imgs/2312/3C3C8CFB6272F3F0.png"
        },
        {
          "chainIndex": "130",
          "blockChain": "UNI",
          "logo": "https://static.coinall.ltd/cdn/web3/currency/token/1739948756142.png/type=default_350_0",
          "lightLogo": "https://static.coinall.ltd/cdn/web3/oklinkadmin/picture/b70c0371-541f-4a91-8718-f823a0d7f22c.png"
        },
        {
          "chainIndex": "137",
          "blockChain": "POLYGON",
          "logo": "https://static.oklink.com/cdn/web3/currency/token/1697556067799.png/type=png_350_0",
          "lightLogo": "https://static.oklink.com/cdn/assets/imgs/2312/DE31DC421B88956E.png"
        },
        {
          "chainIndex": "144",
          "blockChain": "RIPPLE",
          "logo": "https://static.oklink.com/cdn/explorer/currency/token/xrp-xrp-null.png",
          "lightLogo": "https://static.oklink.com/cdn/assets/imgs/256/5C30885514F56CA7.jpeg"
        },
        {
          "chainIndex": "145",
          "blockChain": "BCH",
          "logo": "https://static.oklink.com/cdn/explorer/oklinkmanage/picture/bch_logo.png",
          "lightLogo": "https://static.oklink.com/cdn/assets/imgs/2312/458634273CBF4081.png"
        },
        {
          "chainIndex": "195",
          "blockChain": "TRON",
          "logo": "https://static.oklink.com/cdn/explorer/admin/1686557723420.png",
          "lightLogo": "https://static.oklink.com/cdn/assets/imgs/2312/BB50612641974EC8.png"
        },
        {
          "chainIndex": "196",
          "blockChain": "X1",
          "logo": "https://static.oklink.com/cdn/web3/currency/token/1711680841142.png/type=png_350_0",
          "lightLogo": "https://static.oklink.com/cdn/assets/imgs/248/DD53323FFE842449.png"
        },
        {
          "chainIndex": "250",
          "blockChain": "FTM",
          "logo": "https://static.oklink.com/cdn/explorer/admin/1686558053632.png",
          "lightLogo": "https://static.oklink.com/cdn/assets/imgs/2312/D32DA4DEFB3AE885.png"
        },
        {
          "chainIndex": "324",
          "blockChain": "ZKSYNC",
          "logo": "https://static.oklink.com/cdn/explorer/admin/1686558413916.png",
          "lightLogo": "https://static.oklink.com/cdn/assets/imgs/2312/FA6C98D597C2904F.png"
        },
        {
          "chainIndex": "501",
          "blockChain": "SOLANA",
          "logo": "https://static.coinall.ltd/cdn/web3/currency/token/1715241932682.png/type=png_350_0",
          "lightLogo": "https://static.oklink.com/cdn/assets/imgs/2312/4CB5F5AE4EFA977F.png"
        },
        {
          "chainIndex": "607",
          "blockChain": "TON",
          "logo": "https://static.oklink.com/cdn/explorer/currency/token/ton-ton-null.png",
          "lightLogo": "https://static.oklink.com/cdn/assets/imgs/253/7E701E24F03351F5.png"
        },
        {
          "chainIndex": "637",
          "blockChain": "APT",
          "logo": "https://static.oklink.com/cdn/explorer/oklinkmanage/picture/apt_logo.png",
          "lightLogo": "https://static.oklink.com/cdn/assets/imgs/2312/422AA0B18303B28D.png"
        },
        {
          "chainIndex": "784",
          "blockChain": "SUI",
          "logo": "https://static.coinall.ltd/cdn/web3/currency/token/1742539825819.png/type=default_350_0",
          "lightLogo": "https://static.oklink.com/cdn/assets/imgs/2312/BA776B7B6DB7757E.png"
        },
        {
          "chainIndex": "2020",
          "blockChain": "RONIN",
          "logo": "https://static.oklink.com/cdn/explorer/admin/1689678241466.png",
          "lightLogo": "https://static.oklink.com/cdn/assets/imgs/2312/28CE3AB56BAAD113.png"
        },
        {
          "chainIndex": "8453",
          "blockChain": "BASE",
          "logo": "https://static.coinall.ltd/cdn/web3/currency/token/1736766709807.png/type=default_350_0",
          "lightLogo": "https://static.oklink.com/cdn/assets/imgs/2312/E8725CEE33D29668.png"
        },
        {
          "chainIndex": "9004",
          "blockChain": "STARKNET",
          "logo": "https://static.oklink.com/cdn/explorer/admin/1692864443638.jpeg",
          "lightLogo": "https://static.oklink.com/cdn/assets/imgs/2312/72CB729F05E52423.png"
        },
        {
          "chainIndex": "42161",
          "blockChain": "ARBITRUM",
          "logo": "https://static.oklink.com/cdn/explorer/admin/1686557510911.png",
          "lightLogo": "https://static.oklink.com/cdn/assets/imgs/2312/ED446CC74F2B3AFF.png"
        },
        {
          "chainIndex": "43114",
          "blockChain": "AVAXC",
          "logo": "https://static.oklink.com/cdn/explorer/admin/1686558223199.png",
          "lightLogo": "https://static.oklink.com/cdn/assets/imgs/2312/708CF2DEB0D08361.png"
        },
        {
          "chainIndex": "59144",
          "blockChain": "LINEA",
          "logo": "https://static.oklink.com/cdn/explorer/admin/1689947710844.jpeg",
          "lightLogo": "https://static.oklink.com/cdn/assets/imgs/2312/F91DD1A03FFFE65C.png"
        },
        {
          "chainIndex": "200901",
          "blockChain": "BITLAYER",
          "logo": "https://static.coinall.ltd/cdn/web3/currency/token/1715345047885.png/type=png_350_0",
          "lightLogo": "https://static.oklink.com/cdn/assets/imgs/253/DD3D1A690E0E941C.png"
        },
        {
          "chainIndex": "534352",
          "blockChain": "SCROLL",
          "logo": "https://static.oklink.com/cdn/explorer/admin/1697027635993.png/type=png_350_0",
          "lightLogo": "https://static.oklink.com/cdn/assets/imgs/2312/5FEBBFE08EB72E81.png"
        },
        {
          "chainIndex": "70000040",
          "blockChain": "BEACON",
          "logo": "https://static.oklink.com/cdn/explorer/admin/1695787224152.png/type=png_350_0",
          "lightLogo": "https://static.oklink.com/cdn/assets/imgs/2312/7C67A8F0BA627958.png"
        }
      ]
    },
    {
      "cexTag": "Kraken",
      "seoCexTag": "kraken",
      "cexLogo": "https://static.oklink.com/cdn/assets/imgs/256/87ED7EE547DA8673.png",
      "symbolList": [
        {
          "symbol": "USDC",
          "value": 660477084.3351866,
          "usdValue": 660344988.9159293,
          "rate": 0.001199342283456419
        },
        {
          "symbol": "USDT",
          "value": 399397656.48749155,
          "usdValue": 399583668.82404864,
          "rate": -0.03083828498743298
        },
        {
          "symbol": "ETH",
          "value": 1226286.0087904283,
          "usdValue": 5564665261.264242,
          "rate": 0.016889784588434795
        },
        {
          "symbol": "BTC",
          "value": 152363.61020316006,
          "usdValue": 18012380289.134518,
          "rate": 0.008479280283234567
        }
      ],
      "totalValue": 25621163167.279568,
      "totalRate": 0.020730900540310494,
      "totalInflow": 263056015.90567657,
      "mainStream": 24636974208.138737,
      "mainStreamRate": 0.0202141343,
      "blockChainList": [
        {
          "chainIndex": "0",
          "blockChain": "BTC",
          "logo": "https://static.oklink.com/cdn/explorer/admin/1686558172927.png",
          "lightLogo": "https://static.oklink.com/cdn/assets/imgs/2312/FF3843272D00C1E7.png"
        },
        {
          "chainIndex": "1",
          "blockChain": "ETH",
          "logo": "https://static.oklink.com/cdn/web3/currency/token/1706800365851.png/type=png_350_0",
          "lightLogo": "https://static.oklink.com/cdn/assets/imgs/2312/BEC6A727AB2BFAB0.png"
        },
        {
          "chainIndex": "3",
          "blockChain": "DOGE",
          "logo": "https://static.oklink.com/cdn/explorer/admin/1696651121774.png/type=png_350_0",
          "lightLogo": "https://static.oklink.com/cdn/assets/imgs/2312/A51191E954E8CDB0.png"
        },
        {
          "chainIndex": "5",
          "blockChain": "DASH",
          "logo": "https://static.oklink.com/cdn/explorer/oklinkmanage/picture/dash_logo.png",
          "lightLogo": "https://static.oklink.com/cdn/assets/imgs/2312/617C512B1BFB94E3.png"
        },
        {
          "chainIndex": "10",
          "blockChain": "OPTIMISM",
          "logo": "https://static.oklink.com/cdn/explorer/admin/1686557806497.png",
          "lightLogo": "https://static.oklink.com/cdn/assets/imgs/2312/FEE088C8C0C85D41.png"
        },
        {
          "chainIndex": "56",
          "blockChain": "BSC",
          "logo": "https://static.coinall.ltd/cdn/web3/currency/token/1742545358366.png/type=default_350_0",
          "lightLogo": "https://static.oklink.com/cdn/assets/imgs/2312/C415878C9255068A.png"
        },
        {
          "chainIndex": "61",
          "blockChain": "ETC",
          "logo": "https://static.oklink.com/cdn/explorer/admin/1686558153814.png",
          "lightLogo": "https://static.oklink.com/cdn/assets/imgs/2312/6A72CFE7ED04A323.png"
        },
        {
          "chainIndex": "66",
          "blockChain": "OKEXCHAIN",
          "logo": "https://static.oklink.com/cdn/explorer/admin/1686558023497.png",
          "lightLogo": "https://static.oklink.com/cdn/assets/imgs/248/9C557DC56E54B38B.png"
        },
        {
          "chainIndex": "118",
          "blockChain": "COSMOS",
          "logo": "https://static.oklink.com/cdn/explorer/admin/1687836948833.png",
          "lightLogo": "https://static.oklink.com/cdn/assets/imgs/2312/3C3C8CFB6272F3F0.png"
        },
        {
          "chainIndex": "130",
          "blockChain": "UNI",
          "logo": "https://static.coinall.ltd/cdn/web3/currency/token/1739948756142.png/type=default_350_0",
          "lightLogo": "https://static.coinall.ltd/cdn/web3/oklinkadmin/picture/b70c0371-541f-4a91-8718-f823a0d7f22c.png"
        },
        {
          "chainIndex": "137",
          "blockChain": "POLYGON",
          "logo": "https://static.oklink.com/cdn/web3/currency/token/1697556067799.png/type=png_350_0",
          "lightLogo": "https://static.oklink.com/cdn/assets/imgs/2312/DE31DC421B88956E.png"
        },
        {
          "chainIndex": "144",
          "blockChain": "RIPPLE",
          "logo": "https://static.oklink.com/cdn/explorer/currency/token/xrp-xrp-null.png",
          "lightLogo": "https://static.oklink.com/cdn/assets/imgs/256/5C30885514F56CA7.jpeg"
        },
        {
          "chainIndex": "145",
          "blockChain": "BCH",
          "logo": "https://static.oklink.com/cdn/explorer/oklinkmanage/picture/bch_logo.png",
          "lightLogo": "https://static.oklink.com/cdn/assets/imgs/2312/458634273CBF4081.png"
        },
        {
          "chainIndex": "195",
          "blockChain": "TRON",
          "logo": "https://static.oklink.com/cdn/explorer/admin/1686557723420.png",
          "lightLogo": "https://static.oklink.com/cdn/assets/imgs/2312/BB50612641974EC8.png"
        },
        {
          "chainIndex": "196",
          "blockChain": "X1",
          "logo": "https://static.oklink.com/cdn/web3/currency/token/1711680841142.png/type=png_350_0",
          "lightLogo": "https://static.oklink.com/cdn/assets/imgs/248/DD53323FFE842449.png"
        },
        {
          "chainIndex": "250",
          "blockChain": "FTM",
          "logo": "https://static.oklink.com/cdn/explorer/admin/1686558053632.png",
          "lightLogo": "https://static.oklink.com/cdn/assets/imgs/2312/D32DA4DEFB3AE885.png"
        },
        {
          "chainIndex": "324",
          "blockChain": "ZKSYNC",
          "logo": "https://static.oklink.com/cdn/explorer/admin/1686558413916.png",
          "lightLogo": "https://static.oklink.com/cdn/assets/imgs/2312/FA6C98D597C2904F.png"
        },
        {
          "chainIndex": "501",
          "blockChain": "SOLANA",
          "logo": "https://static.coinall.ltd/cdn/web3/currency/token/1715241932682.png/type=png_350_0",
          "lightLogo": "https://static.oklink.com/cdn/assets/imgs/2312/4CB5F5AE4EFA977F.png"
        },
        {
          "chainIndex": "607",
          "blockChain": "TON",
          "logo": "https://static.oklink.com/cdn/explorer/currency/token/ton-ton-null.png",
          "lightLogo": "https://static.oklink.com/cdn/assets/imgs/253/7E701E24F03351F5.png"
        },
        {
          "chainIndex": "637",
          "blockChain": "APT",
          "logo": "https://static.oklink.com/cdn/explorer/oklinkmanage/picture/apt_logo.png",
          "lightLogo": "https://static.oklink.com/cdn/assets/imgs/2312/422AA0B18303B28D.png"
        },
        {
          "chainIndex": "784",
          "blockChain": "SUI",
          "logo": "https://static.coinall.ltd/cdn/web3/currency/token/1742539825819.png/type=default_350_0",
          "lightLogo": "https://static.oklink.com/cdn/assets/imgs/2312/BA776B7B6DB7757E.png"
        },
        {
          "chainIndex": "2020",
          "blockChain": "RONIN",
          "logo": "https://static.oklink.com/cdn/explorer/admin/1689678241466.png",
          "lightLogo": "https://static.oklink.com/cdn/assets/imgs/2312/28CE3AB56BAAD113.png"
        },
        {
          "chainIndex": "8453",
          "blockChain": "BASE",
          "logo": "https://static.coinall.ltd/cdn/web3/currency/token/1736766709807.png/type=default_350_0",
          "lightLogo": "https://static.oklink.com/cdn/assets/imgs/2312/E8725CEE33D29668.png"
        },
        {
          "chainIndex": "9004",
          "blockChain": "STARKNET",
          "logo": "https://static.oklink.com/cdn/explorer/admin/1692864443638.jpeg",
          "lightLogo": "https://static.oklink.com/cdn/assets/imgs/2312/72CB729F05E52423.png"
        },
        {
          "chainIndex": "42161",
          "blockChain": "ARBITRUM",
          "logo": "https://static.oklink.com/cdn/explorer/admin/1686557510911.png",
          "lightLogo": "https://static.oklink.com/cdn/assets/imgs/2312/ED446CC74F2B3AFF.png"
        },
        {
          "chainIndex": "43114",
          "blockChain": "AVAXC",
          "logo": "https://static.oklink.com/cdn/explorer/admin/1686558223199.png",
          "lightLogo": "https://static.oklink.com/cdn/assets/imgs/2312/708CF2DEB0D08361.png"
        },
        {
          "chainIndex": "59144",
          "blockChain": "LINEA",
          "logo": "https://static.oklink.com/cdn/explorer/admin/1689947710844.jpeg",
          "lightLogo": "https://static.oklink.com/cdn/assets/imgs/2312/F91DD1A03FFFE65C.png"
        },
        {
          "chainIndex": "200901",
          "blockChain": "BITLAYER",
          "logo": "https://static.coinall.ltd/cdn/web3/currency/token/1715345047885.png/type=png_350_0",
          "lightLogo": "https://static.oklink.com/cdn/assets/imgs/253/DD3D1A690E0E941C.png"
        },
        {
          "chainIndex": "534352",
          "blockChain": "SCROLL",
          "logo": "https://static.oklink.com/cdn/explorer/admin/1697027635993.png/type=png_350_0",
          "lightLogo": "https://static.oklink.com/cdn/assets/imgs/2312/5FEBBFE08EB72E81.png"
        },
        {
          "chainIndex": "70000040",
          "blockChain": "BEACON",
          "logo": "https://static.oklink.com/cdn/explorer/admin/1695787224152.png/type=png_350_0",
          "lightLogo": "https://static.oklink.com/cdn/assets/imgs/2312/7C67A8F0BA627958.png"
        }
      ]
    },
    {
      "cexTag": "Bitfinex",
      "seoCexTag": "bitfinex",
      "cexLogo": "https://static.oklink.com/cdn/explorer/logo/cex/bitfinex.png",
      "symbolList": [
        {
          "symbol": "USDC",
          "value": 33358135.58905961,
          "usdValue": 33351463.96047896,
          "rate": 0.005813999543895374
        },
        {
          "symbol": "USDT",
          "value": 439311181.9178658,
          "usdValue": 439491515.0505781,
          "rate": 0.07168076113354463
        },
        {
          "symbol": "BTC",
          "value": 162522.44605991,
          "usdValue": 19213354816.468742,
          "rate": -0.00010815983492474953
        },
        {
          "symbol": "ETH",
          "value": 348135.0048817751,
          "usdValue": 1579773994.452744,
          "rate": -0.0003663106444981641
        }
      ],
      "totalValue": 21815352608.899902,
      "totalRate": 0.007384712305596572,
      "totalInflow": 12065691.818518674,
      "mainStream": 21265971789.932545,
      "mainStreamRate": 0.0065933505,
      "blockChainList": [
        {
          "chainIndex": "0",
          "blockChain": "BTC",
          "logo": "https://static.oklink.com/cdn/explorer/admin/1686558172927.png",
          "lightLogo": "https://static.oklink.com/cdn/assets/imgs/2312/FF3843272D00C1E7.png"
        },
        {
          "chainIndex": "1",
          "blockChain": "ETH",
          "logo": "https://static.oklink.com/cdn/web3/currency/token/1706800365851.png/type=png_350_0",
          "lightLogo": "https://static.oklink.com/cdn/assets/imgs/2312/BEC6A727AB2BFAB0.png"
        },
        {
          "chainIndex": "2",
          "blockChain": "LTC",
          "logo": "https://static.oklink.com/cdn/explorer/oklinkmanage/picture/ltc_logo.png",
          "lightLogo": "https://static.oklink.com/cdn/assets/imgs/2312/A85D30C877AC3B16.png"
        },
        {
          "chainIndex": "5",
          "blockChain": "DASH",
          "logo": "https://static.oklink.com/cdn/explorer/oklinkmanage/picture/dash_logo.png",
          "lightLogo": "https://static.oklink.com/cdn/assets/imgs/2312/617C512B1BFB94E3.png"
        },
        {
          "chainIndex": "10",
          "blockChain": "OPTIMISM",
          "logo": "https://static.oklink.com/cdn/explorer/admin/1686557806497.png",
          "lightLogo": "https://static.oklink.com/cdn/assets/imgs/2312/FEE088C8C0C85D41.png"
        },
        {
          "chainIndex": "56",
          "blockChain": "BSC",
          "logo": "https://static.coinall.ltd/cdn/web3/currency/token/1742545358366.png/type=default_350_0",
          "lightLogo": "https://static.oklink.com/cdn/assets/imgs/2312/C415878C9255068A.png"
        },
        {
          "chainIndex": "61",
          "blockChain": "ETC",
          "logo": "https://static.oklink.com/cdn/explorer/admin/1686558153814.png",
          "lightLogo": "https://static.oklink.com/cdn/assets/imgs/2312/6A72CFE7ED04A323.png"
        },
        {
          "chainIndex": "66",
          "blockChain": "OKEXCHAIN",
          "logo": "https://static.oklink.com/cdn/explorer/admin/1686558023497.png",
          "lightLogo": "https://static.oklink.com/cdn/assets/imgs/248/9C557DC56E54B38B.png"
        },
        {
          "chainIndex": "118",
          "blockChain": "COSMOS",
          "logo": "https://static.oklink.com/cdn/explorer/admin/1687836948833.png",
          "lightLogo": "https://static.oklink.com/cdn/assets/imgs/2312/3C3C8CFB6272F3F0.png"
        },
        {
          "chainIndex": "137",
          "blockChain": "POLYGON",
          "logo": "https://static.oklink.com/cdn/web3/currency/token/1697556067799.png/type=png_350_0",
          "lightLogo": "https://static.oklink.com/cdn/assets/imgs/2312/DE31DC421B88956E.png"
        },
        {
          "chainIndex": "144",
          "blockChain": "RIPPLE",
          "logo": "https://static.oklink.com/cdn/explorer/currency/token/xrp-xrp-null.png",
          "lightLogo": "https://static.oklink.com/cdn/assets/imgs/256/5C30885514F56CA7.jpeg"
        },
        {
          "chainIndex": "145",
          "blockChain": "BCH",
          "logo": "https://static.oklink.com/cdn/explorer/oklinkmanage/picture/bch_logo.png",
          "lightLogo": "https://static.oklink.com/cdn/assets/imgs/2312/458634273CBF4081.png"
        },
        {
          "chainIndex": "195",
          "blockChain": "TRON",
          "logo": "https://static.oklink.com/cdn/explorer/admin/1686557723420.png",
          "lightLogo": "https://static.oklink.com/cdn/assets/imgs/2312/BB50612641974EC8.png"
        },
        {
          "chainIndex": "196",
          "blockChain": "X1",
          "logo": "https://static.oklink.com/cdn/web3/currency/token/1711680841142.png/type=png_350_0",
          "lightLogo": "https://static.oklink.com/cdn/assets/imgs/248/DD53323FFE842449.png"
        },
        {
          "chainIndex": "250",
          "blockChain": "FTM",
          "logo": "https://static.oklink.com/cdn/explorer/admin/1686558053632.png",
          "lightLogo": "https://static.oklink.com/cdn/assets/imgs/2312/D32DA4DEFB3AE885.png"
        },
        {
          "chainIndex": "324",
          "blockChain": "ZKSYNC",
          "logo": "https://static.oklink.com/cdn/explorer/admin/1686558413916.png",
          "lightLogo": "https://static.oklink.com/cdn/assets/imgs/2312/FA6C98D597C2904F.png"
        },
        {
          "chainIndex": "501",
          "blockChain": "SOLANA",
          "logo": "https://static.coinall.ltd/cdn/web3/currency/token/1715241932682.png/type=png_350_0",
          "lightLogo": "https://static.oklink.com/cdn/assets/imgs/2312/4CB5F5AE4EFA977F.png"
        },
        {
          "chainIndex": "607",
          "blockChain": "TON",
          "logo": "https://static.oklink.com/cdn/explorer/currency/token/ton-ton-null.png",
          "lightLogo": "https://static.oklink.com/cdn/assets/imgs/253/7E701E24F03351F5.png"
        },
        {
          "chainIndex": "637",
          "blockChain": "APT",
          "logo": "https://static.oklink.com/cdn/explorer/oklinkmanage/picture/apt_logo.png",
          "lightLogo": "https://static.oklink.com/cdn/assets/imgs/2312/422AA0B18303B28D.png"
        },
        {
          "chainIndex": "784",
          "blockChain": "SUI",
          "logo": "https://static.coinall.ltd/cdn/web3/currency/token/1742539825819.png/type=default_350_0",
          "lightLogo": "https://static.oklink.com/cdn/assets/imgs/2312/BA776B7B6DB7757E.png"
        },
        {
          "chainIndex": "2020",
          "blockChain": "RONIN",
          "logo": "https://static.oklink.com/cdn/explorer/admin/1689678241466.png",
          "lightLogo": "https://static.oklink.com/cdn/assets/imgs/2312/28CE3AB56BAAD113.png"
        },
        {
          "chainIndex": "8453",
          "blockChain": "BASE",
          "logo": "https://static.coinall.ltd/cdn/web3/currency/token/1736766709807.png/type=default_350_0",
          "lightLogo": "https://static.oklink.com/cdn/assets/imgs/2312/E8725CEE33D29668.png"
        },
        {
          "chainIndex": "42161",
          "blockChain": "ARBITRUM",
          "logo": "https://static.oklink.com/cdn/explorer/admin/1686557510911.png",
          "lightLogo": "https://static.oklink.com/cdn/assets/imgs/2312/ED446CC74F2B3AFF.png"
        },
        {
          "chainIndex": "43114",
          "blockChain": "AVAXC",
          "logo": "https://static.oklink.com/cdn/explorer/admin/1686558223199.png",
          "lightLogo": "https://static.oklink.com/cdn/assets/imgs/2312/708CF2DEB0D08361.png"
        },
        {
          "chainIndex": "59144",
          "blockChain": "LINEA",
          "logo": "https://static.oklink.com/cdn/explorer/admin/1689947710844.jpeg",
          "lightLogo": "https://static.oklink.com/cdn/assets/imgs/2312/F91DD1A03FFFE65C.png"
        },
        {
          "chainIndex": "200901",
          "blockChain": "BITLAYER",
          "logo": "https://static.coinall.ltd/cdn/web3/currency/token/1715345047885.png/type=png_350_0",
          "lightLogo": "https://static.oklink.com/cdn/assets/imgs/253/DD3D1A690E0E941C.png"
        },
        {
          "chainIndex": "534352",
          "blockChain": "SCROLL",
          "logo": "https://static.oklink.com/cdn/explorer/admin/1697027635993.png/type=png_350_0",
          "lightLogo": "https://static.oklink.com/cdn/assets/imgs/2312/5FEBBFE08EB72E81.png"
        }
      ]
    },
    {
      "cexTag": "Bybit",
      "seoCexTag": "bybit",
      "cexLogo": "https://static.oklink.com/cdn/explorer/logo/cex/bybit.png",
      "symbolList": [
        {
          "symbol": "BTC",
          "value": 60885.15333676034,
          "usdValue": 7197824561.925743,
          "rate": 0.00015389904769769867
        },
        {
          "symbol": "USDC",
          "value": 466303772.6100968,
          "usdValue": 466210511.7279079,
          "rate": -0.040709528926532505
        },
        {
          "symbol": "USDT",
          "value": 4340514526.143952,
          "usdValue": 4342316084.859877,
          "rate": 0.00043446023557920736
        },
        {
          "symbol": "ETH",
          "value": 564204.926470733,
          "usdValue": 2560288690.5339327,
          "rate": -0.016659422081921373
        }
      ],
      "totalValue": 19758583341.611362,
      "totalRate": 0.00612609600983994,
      "totalInflow": -61248131.69876754,
      "mainStream": 14566639849.04746,
      "mainStreamRate": 0.0035353459,
      "blockChainList": [
        {
          "chainIndex": "0",
          "blockChain": "BTC",
          "logo": "https://static.oklink.com/cdn/explorer/admin/1686558172927.png",
          "lightLogo": "https://static.oklink.com/cdn/assets/imgs/2312/FF3843272D00C1E7.png"
        },
        {
          "chainIndex": "1",
          "blockChain": "ETH",
          "logo": "https://static.oklink.com/cdn/web3/currency/token/1706800365851.png/type=png_350_0",
          "lightLogo": "https://static.oklink.com/cdn/assets/imgs/2312/BEC6A727AB2BFAB0.png"
        },
        {
          "chainIndex": "2",
          "blockChain": "LTC",
          "logo": "https://static.oklink.com/cdn/explorer/oklinkmanage/picture/ltc_logo.png",
          "lightLogo": "https://static.oklink.com/cdn/assets/imgs/2312/A85D30C877AC3B16.png"
        },
        {
          "chainIndex": "3",
          "blockChain": "DOGE",
          "logo": "https://static.oklink.com/cdn/explorer/admin/1696651121774.png/type=png_350_0",
          "lightLogo": "https://static.oklink.com/cdn/assets/imgs/2312/A51191E954E8CDB0.png"
        },
        {
          "chainIndex": "10",
          "blockChain": "OPTIMISM",
          "logo": "https://static.oklink.com/cdn/explorer/admin/1686557806497.png",
          "lightLogo": "https://static.oklink.com/cdn/assets/imgs/2312/FEE088C8C0C85D41.png"
        },
        {
          "chainIndex": "56",
          "blockChain": "BSC",
          "logo": "https://static.coinall.ltd/cdn/web3/currency/token/1742545358366.png/type=default_350_0",
          "lightLogo": "https://static.oklink.com/cdn/assets/imgs/2312/C415878C9255068A.png"
        },
        {
          "chainIndex": "61",
          "blockChain": "ETC",
          "logo": "https://static.oklink.com/cdn/explorer/admin/1686558153814.png",
          "lightLogo": "https://static.oklink.com/cdn/assets/imgs/2312/6A72CFE7ED04A323.png"
        },
        {
          "chainIndex": "66",
          "blockChain": "OKEXCHAIN",
          "logo": "https://static.oklink.com/cdn/explorer/admin/1686558023497.png",
          "lightLogo": "https://static.oklink.com/cdn/assets/imgs/248/9C557DC56E54B38B.png"
        },
        {
          "chainIndex": "118",
          "blockChain": "COSMOS",
          "logo": "https://static.oklink.com/cdn/explorer/admin/1687836948833.png",
          "lightLogo": "https://static.oklink.com/cdn/assets/imgs/2312/3C3C8CFB6272F3F0.png"
        },
        {
          "chainIndex": "130",
          "blockChain": "UNI",
          "logo": "https://static.coinall.ltd/cdn/web3/currency/token/1739948756142.png/type=default_350_0",
          "lightLogo": "https://static.coinall.ltd/cdn/web3/oklinkadmin/picture/b70c0371-541f-4a91-8718-f823a0d7f22c.png"
        },
        {
          "chainIndex": "137",
          "blockChain": "POLYGON",
          "logo": "https://static.oklink.com/cdn/web3/currency/token/1697556067799.png/type=png_350_0",
          "lightLogo": "https://static.oklink.com/cdn/assets/imgs/2312/DE31DC421B88956E.png"
        },
        {
          "chainIndex": "144",
          "blockChain": "RIPPLE",
          "logo": "https://static.oklink.com/cdn/explorer/currency/token/xrp-xrp-null.png",
          "lightLogo": "https://static.oklink.com/cdn/assets/imgs/256/5C30885514F56CA7.jpeg"
        },
        {
          "chainIndex": "145",
          "blockChain": "BCH",
          "logo": "https://static.oklink.com/cdn/explorer/oklinkmanage/picture/bch_logo.png",
          "lightLogo": "https://static.oklink.com/cdn/assets/imgs/2312/458634273CBF4081.png"
        },
        {
          "chainIndex": "195",
          "blockChain": "TRON",
          "logo": "https://static.oklink.com/cdn/explorer/admin/1686557723420.png",
          "lightLogo": "https://static.oklink.com/cdn/assets/imgs/2312/BB50612641974EC8.png"
        },
        {
          "chainIndex": "196",
          "blockChain": "X1",
          "logo": "https://static.oklink.com/cdn/web3/currency/token/1711680841142.png/type=png_350_0",
          "lightLogo": "https://static.oklink.com/cdn/assets/imgs/248/DD53323FFE842449.png"
        },
        {
          "chainIndex": "250",
          "blockChain": "FTM",
          "logo": "https://static.oklink.com/cdn/explorer/admin/1686558053632.png",
          "lightLogo": "https://static.oklink.com/cdn/assets/imgs/2312/D32DA4DEFB3AE885.png"
        },
        {
          "chainIndex": "324",
          "blockChain": "ZKSYNC",
          "logo": "https://static.oklink.com/cdn/explorer/admin/1686558413916.png",
          "lightLogo": "https://static.oklink.com/cdn/assets/imgs/2312/FA6C98D597C2904F.png"
        },
        {
          "chainIndex": "501",
          "blockChain": "SOLANA",
          "logo": "https://static.coinall.ltd/cdn/web3/currency/token/1715241932682.png/type=png_350_0",
          "lightLogo": "https://static.oklink.com/cdn/assets/imgs/2312/4CB5F5AE4EFA977F.png"
        },
        {
          "chainIndex": "607",
          "blockChain": "TON",
          "logo": "https://static.oklink.com/cdn/explorer/currency/token/ton-ton-null.png",
          "lightLogo": "https://static.oklink.com/cdn/assets/imgs/253/7E701E24F03351F5.png"
        },
        {
          "chainIndex": "637",
          "blockChain": "APT",
          "logo": "https://static.oklink.com/cdn/explorer/oklinkmanage/picture/apt_logo.png",
          "lightLogo": "https://static.oklink.com/cdn/assets/imgs/2312/422AA0B18303B28D.png"
        },
        {
          "chainIndex": "784",
          "blockChain": "SUI",
          "logo": "https://static.coinall.ltd/cdn/web3/currency/token/1742539825819.png/type=default_350_0",
          "lightLogo": "https://static.oklink.com/cdn/assets/imgs/2312/BA776B7B6DB7757E.png"
        },
        {
          "chainIndex": "2020",
          "blockChain": "RONIN",
          "logo": "https://static.oklink.com/cdn/explorer/admin/1689678241466.png",
          "lightLogo": "https://static.oklink.com/cdn/assets/imgs/2312/28CE3AB56BAAD113.png"
        },
        {
          "chainIndex": "8453",
          "blockChain": "BASE",
          "logo": "https://static.coinall.ltd/cdn/web3/currency/token/1736766709807.png/type=default_350_0",
          "lightLogo": "https://static.oklink.com/cdn/assets/imgs/2312/E8725CEE33D29668.png"
        },
        {
          "chainIndex": "9004",
          "blockChain": "STARKNET",
          "logo": "https://static.oklink.com/cdn/explorer/admin/1692864443638.jpeg",
          "lightLogo": "https://static.oklink.com/cdn/assets/imgs/2312/72CB729F05E52423.png"
        },
        {
          "chainIndex": "42161",
          "blockChain": "ARBITRUM",
          "logo": "https://static.oklink.com/cdn/explorer/admin/1686557510911.png",
          "lightLogo": "https://static.oklink.com/cdn/assets/imgs/2312/ED446CC74F2B3AFF.png"
        },
        {
          "chainIndex": "43114",
          "blockChain": "AVAXC",
          "logo": "https://static.oklink.com/cdn/explorer/admin/1686558223199.png",
          "lightLogo": "https://static.oklink.com/cdn/assets/imgs/2312/708CF2DEB0D08361.png"
        },
        {
          "chainIndex": "59144",
          "blockChain": "LINEA",
          "logo": "https://static.oklink.com/cdn/explorer/admin/1689947710844.jpeg",
          "lightLogo": "https://static.oklink.com/cdn/assets/imgs/2312/F91DD1A03FFFE65C.png"
        },
        {
          "chainIndex": "200901",
          "blockChain": "BITLAYER",
          "logo": "https://static.coinall.ltd/cdn/web3/currency/token/1715345047885.png/type=png_350_0",
          "lightLogo": "https://static.oklink.com/cdn/assets/imgs/253/DD3D1A690E0E941C.png"
        },
        {
          "chainIndex": "534352",
          "blockChain": "SCROLL",
          "logo": "https://static.oklink.com/cdn/explorer/admin/1697027635993.png/type=png_350_0",
          "lightLogo": "https://static.oklink.com/cdn/assets/imgs/2312/5FEBBFE08EB72E81.png"
        }
      ]
    },
    {
      "cexTag": "Crypto.com",
      "seoCexTag": "crypto-com",
      "cexLogo": "https://static.oklink.com/cdn/explorer/logo/cex/crypto.com.png",
      "symbolList": [
        {
          "symbol": "ETH",
          "value": 255031.83584438488,
          "usdValue": 1157294893.84019,
          "rate": -0.005753523438663007
        },
        {
          "symbol": "USDT",
          "value": 208156161.0599872,
          "usdValue": 208246292.99916407,
          "rate": 0.001765000898062263
        },
        {
          "symbol": "USDC",
          "value": 402200037.62466073,
          "usdValue": 402119597.5017538,
          "rate": 0.04561947347667019
        },
        {
          "symbol": "BTC",
          "value": 24986.429473400007,
          "usdValue": 2953888196.416505,
          "rate": -0.0033815964487465193
        }
      ],
      "totalValue": 6149803322.426405,
      "totalRate": 0.015171139362966114,
      "totalInflow": 7596123.575303072,
      "mainStream": 4721548980.757613,
      "mainStreamRate": 0.0100742321,
      "blockChainList": [
        {
          "chainIndex": "0",
          "blockChain": "BTC",
          "logo": "https://static.oklink.com/cdn/explorer/admin/1686558172927.png",
          "lightLogo": "https://static.oklink.com/cdn/assets/imgs/2312/FF3843272D00C1E7.png"
        },
        {
          "chainIndex": "1",
          "blockChain": "ETH",
          "logo": "https://static.oklink.com/cdn/web3/currency/token/1706800365851.png/type=png_350_0",
          "lightLogo": "https://static.oklink.com/cdn/assets/imgs/2312/BEC6A727AB2BFAB0.png"
        },
        {
          "chainIndex": "2",
          "blockChain": "LTC",
          "logo": "https://static.oklink.com/cdn/explorer/oklinkmanage/picture/ltc_logo.png",
          "lightLogo": "https://static.oklink.com/cdn/assets/imgs/2312/A85D30C877AC3B16.png"
        },
        {
          "chainIndex": "3",
          "blockChain": "DOGE",
          "logo": "https://static.oklink.com/cdn/explorer/admin/1696651121774.png/type=png_350_0",
          "lightLogo": "https://static.oklink.com/cdn/assets/imgs/2312/A51191E954E8CDB0.png"
        },
        {
          "chainIndex": "10",
          "blockChain": "OPTIMISM",
          "logo": "https://static.oklink.com/cdn/explorer/admin/1686557806497.png",
          "lightLogo": "https://static.oklink.com/cdn/assets/imgs/2312/FEE088C8C0C85D41.png"
        },
        {
          "chainIndex": "56",
          "blockChain": "BSC",
          "logo": "https://static.coinall.ltd/cdn/web3/currency/token/1742545358366.png/type=default_350_0",
          "lightLogo": "https://static.oklink.com/cdn/assets/imgs/2312/C415878C9255068A.png"
        },
        {
          "chainIndex": "61",
          "blockChain": "ETC",
          "logo": "https://static.oklink.com/cdn/explorer/admin/1686558153814.png",
          "lightLogo": "https://static.oklink.com/cdn/assets/imgs/2312/6A72CFE7ED04A323.png"
        },
        {
          "chainIndex": "66",
          "blockChain": "OKEXCHAIN",
          "logo": "https://static.oklink.com/cdn/explorer/admin/1686558023497.png",
          "lightLogo": "https://static.oklink.com/cdn/assets/imgs/248/9C557DC56E54B38B.png"
        },
        {
          "chainIndex": "118",
          "blockChain": "COSMOS",
          "logo": "https://static.oklink.com/cdn/explorer/admin/1687836948833.png",
          "lightLogo": "https://static.oklink.com/cdn/assets/imgs/2312/3C3C8CFB6272F3F0.png"
        },
        {
          "chainIndex": "130",
          "blockChain": "UNI",
          "logo": "https://static.coinall.ltd/cdn/web3/currency/token/1739948756142.png/type=default_350_0",
          "lightLogo": "https://static.coinall.ltd/cdn/web3/oklinkadmin/picture/b70c0371-541f-4a91-8718-f823a0d7f22c.png"
        },
        {
          "chainIndex": "137",
          "blockChain": "POLYGON",
          "logo": "https://static.oklink.com/cdn/web3/currency/token/1697556067799.png/type=png_350_0",
          "lightLogo": "https://static.oklink.com/cdn/assets/imgs/2312/DE31DC421B88956E.png"
        },
        {
          "chainIndex": "144",
          "blockChain": "RIPPLE",
          "logo": "https://static.oklink.com/cdn/explorer/currency/token/xrp-xrp-null.png",
          "lightLogo": "https://static.oklink.com/cdn/assets/imgs/256/5C30885514F56CA7.jpeg"
        },
        {
          "chainIndex": "145",
          "blockChain": "BCH",
          "logo": "https://static.oklink.com/cdn/explorer/oklinkmanage/picture/bch_logo.png",
          "lightLogo": "https://static.oklink.com/cdn/assets/imgs/2312/458634273CBF4081.png"
        },
        {
          "chainIndex": "196",
          "blockChain": "X1",
          "logo": "https://static.oklink.com/cdn/web3/currency/token/1711680841142.png/type=png_350_0",
          "lightLogo": "https://static.oklink.com/cdn/assets/imgs/248/DD53323FFE842449.png"
        },
        {
          "chainIndex": "250",
          "blockChain": "FTM",
          "logo": "https://static.oklink.com/cdn/explorer/admin/1686558053632.png",
          "lightLogo": "https://static.oklink.com/cdn/assets/imgs/2312/D32DA4DEFB3AE885.png"
        },
        {
          "chainIndex": "324",
          "blockChain": "ZKSYNC",
          "logo": "https://static.oklink.com/cdn/explorer/admin/1686558413916.png",
          "lightLogo": "https://static.oklink.com/cdn/assets/imgs/2312/FA6C98D597C2904F.png"
        },
        {
          "chainIndex": "501",
          "blockChain": "SOLANA",
          "logo": "https://static.coinall.ltd/cdn/web3/currency/token/1715241932682.png/type=png_350_0",
          "lightLogo": "https://static.oklink.com/cdn/assets/imgs/2312/4CB5F5AE4EFA977F.png"
        },
        {
          "chainIndex": "607",
          "blockChain": "TON",
          "logo": "https://static.oklink.com/cdn/explorer/currency/token/ton-ton-null.png",
          "lightLogo": "https://static.oklink.com/cdn/assets/imgs/253/7E701E24F03351F5.png"
        },
        {
          "chainIndex": "637",
          "blockChain": "APT",
          "logo": "https://static.oklink.com/cdn/explorer/oklinkmanage/picture/apt_logo.png",
          "lightLogo": "https://static.oklink.com/cdn/assets/imgs/2312/422AA0B18303B28D.png"
        },
        {
          "chainIndex": "784",
          "blockChain": "SUI",
          "logo": "https://static.coinall.ltd/cdn/web3/currency/token/1742539825819.png/type=default_350_0",
          "lightLogo": "https://static.oklink.com/cdn/assets/imgs/2312/BA776B7B6DB7757E.png"
        },
        {
          "chainIndex": "2020",
          "blockChain": "RONIN",
          "logo": "https://static.oklink.com/cdn/explorer/admin/1689678241466.png",
          "lightLogo": "https://static.oklink.com/cdn/assets/imgs/2312/28CE3AB56BAAD113.png"
        },
        {
          "chainIndex": "8453",
          "blockChain": "BASE",
          "logo": "https://static.coinall.ltd/cdn/web3/currency/token/1736766709807.png/type=default_350_0",
          "lightLogo": "https://static.oklink.com/cdn/assets/imgs/2312/E8725CEE33D29668.png"
        },
        {
          "chainIndex": "9004",
          "blockChain": "STARKNET",
          "logo": "https://static.oklink.com/cdn/explorer/admin/1692864443638.jpeg",
          "lightLogo": "https://static.oklink.com/cdn/assets/imgs/2312/72CB729F05E52423.png"
        },
        {
          "chainIndex": "42161",
          "blockChain": "ARBITRUM",
          "logo": "https://static.oklink.com/cdn/explorer/admin/1686557510911.png",
          "lightLogo": "https://static.oklink.com/cdn/assets/imgs/2312/ED446CC74F2B3AFF.png"
        },
        {
          "chainIndex": "43114",
          "blockChain": "AVAXC",
          "logo": "https://static.oklink.com/cdn/explorer/admin/1686558223199.png",
          "lightLogo": "https://static.oklink.com/cdn/assets/imgs/2312/708CF2DEB0D08361.png"
        },
        {
          "chainIndex": "59144",
          "blockChain": "LINEA",
          "logo": "https://static.oklink.com/cdn/explorer/admin/1689947710844.jpeg",
          "lightLogo": "https://static.oklink.com/cdn/assets/imgs/2312/F91DD1A03FFFE65C.png"
        },
        {
          "chainIndex": "534352",
          "blockChain": "SCROLL",
          "logo": "https://static.oklink.com/cdn/explorer/admin/1697027635993.png/type=png_350_0",
          "lightLogo": "https://static.oklink.com/cdn/assets/imgs/2312/5FEBBFE08EB72E81.png"
        },
        {
          "chainIndex": "70000040",
          "blockChain": "BEACON",
          "logo": "https://static.oklink.com/cdn/explorer/admin/1695787224152.png/type=png_350_0",
          "lightLogo": "https://static.oklink.com/cdn/assets/imgs/2312/7C67A8F0BA627958.png"
        }
      ]
    },
    {
      "cexTag": "Bitget",
      "seoCexTag": "bitget",
      "cexLogo": "https://static.oklink.com/cdn/assets/imgs/2312/2B61D75C2B0859C4.jpeg",
      "symbolList": [
        {
          "symbol": "USDT",
          "value": 1422488158.7770708,
          "usdValue": 1423076102.218845,
          "rate": -0.013719946174311645
        },
        {
          "symbol": "BTC",
          "value": 14542.77908568,
          "usdValue": 1719242980.6753638,
          "rate": 0.0021194350137382577
        },
        {
          "symbol": "ETH",
          "value": 290872.4177632493,
          "usdValue": 1319932900.1547632,
          "rate": 0.0031038357548899775
        },
        {
          "symbol": "USDC",
          "value": 148702928.92894217,
          "usdValue": 148673188.3247044,
          "rate": -0.014855378071523716
        }
      ],
      "totalValue": 5126628679.012647,
      "totalRate": 0.01107019888328006,
      "totalInflow": -11411913.539181719,
      "mainStream": 4610925171.373676,
      "mainStreamRate": 0.0064873638,
      "blockChainList": [
        {
          "chainIndex": "0",
          "blockChain": "BTC",
          "logo": "https://static.oklink.com/cdn/explorer/admin/1686558172927.png",
          "lightLogo": "https://static.oklink.com/cdn/assets/imgs/2312/FF3843272D00C1E7.png"
        },
        {
          "chainIndex": "1",
          "blockChain": "ETH",
          "logo": "https://static.oklink.com/cdn/web3/currency/token/1706800365851.png/type=png_350_0",
          "lightLogo": "https://static.oklink.com/cdn/assets/imgs/2312/BEC6A727AB2BFAB0.png"
        },
        {
          "chainIndex": "2",
          "blockChain": "LTC",
          "logo": "https://static.oklink.com/cdn/explorer/oklinkmanage/picture/ltc_logo.png",
          "lightLogo": "https://static.oklink.com/cdn/assets/imgs/2312/A85D30C877AC3B16.png"
        },
        {
          "chainIndex": "3",
          "blockChain": "DOGE",
          "logo": "https://static.oklink.com/cdn/explorer/admin/1696651121774.png/type=png_350_0",
          "lightLogo": "https://static.oklink.com/cdn/assets/imgs/2312/A51191E954E8CDB0.png"
        },
        {
          "chainIndex": "10",
          "blockChain": "OPTIMISM",
          "logo": "https://static.oklink.com/cdn/explorer/admin/1686557806497.png",
          "lightLogo": "https://static.oklink.com/cdn/assets/imgs/2312/FEE088C8C0C85D41.png"
        },
        {
          "chainIndex": "56",
          "blockChain": "BSC",
          "logo": "https://static.coinall.ltd/cdn/web3/currency/token/1742545358366.png/type=default_350_0",
          "lightLogo": "https://static.oklink.com/cdn/assets/imgs/2312/C415878C9255068A.png"
        },
        {
          "chainIndex": "61",
          "blockChain": "ETC",
          "logo": "https://static.oklink.com/cdn/explorer/admin/1686558153814.png",
          "lightLogo": "https://static.oklink.com/cdn/assets/imgs/2312/6A72CFE7ED04A323.png"
        },
        {
          "chainIndex": "66",
          "blockChain": "OKEXCHAIN",
          "logo": "https://static.oklink.com/cdn/explorer/admin/1686558023497.png",
          "lightLogo": "https://static.oklink.com/cdn/assets/imgs/248/9C557DC56E54B38B.png"
        },
        {
          "chainIndex": "118",
          "blockChain": "COSMOS",
          "logo": "https://static.oklink.com/cdn/explorer/admin/1687836948833.png",
          "lightLogo": "https://static.oklink.com/cdn/assets/imgs/2312/3C3C8CFB6272F3F0.png"
        },
        {
          "chainIndex": "130",
          "blockChain": "UNI",
          "logo": "https://static.coinall.ltd/cdn/web3/currency/token/1739948756142.png/type=default_350_0",
          "lightLogo": "https://static.coinall.ltd/cdn/web3/oklinkadmin/picture/b70c0371-541f-4a91-8718-f823a0d7f22c.png"
        },
        {
          "chainIndex": "137",
          "blockChain": "POLYGON",
          "logo": "https://static.oklink.com/cdn/web3/currency/token/1697556067799.png/type=png_350_0",
          "lightLogo": "https://static.oklink.com/cdn/assets/imgs/2312/DE31DC421B88956E.png"
        },
        {
          "chainIndex": "144",
          "blockChain": "RIPPLE",
          "logo": "https://static.oklink.com/cdn/explorer/currency/token/xrp-xrp-null.png",
          "lightLogo": "https://static.oklink.com/cdn/assets/imgs/256/5C30885514F56CA7.jpeg"
        },
        {
          "chainIndex": "145",
          "blockChain": "BCH",
          "logo": "https://static.oklink.com/cdn/explorer/oklinkmanage/picture/bch_logo.png",
          "lightLogo": "https://static.oklink.com/cdn/assets/imgs/2312/458634273CBF4081.png"
        },
        {
          "chainIndex": "195",
          "blockChain": "TRON",
          "logo": "https://static.oklink.com/cdn/explorer/admin/1686557723420.png",
          "lightLogo": "https://static.oklink.com/cdn/assets/imgs/2312/BB50612641974EC8.png"
        },
        {
          "chainIndex": "196",
          "blockChain": "X1",
          "logo": "https://static.oklink.com/cdn/web3/currency/token/1711680841142.png/type=png_350_0",
          "lightLogo": "https://static.oklink.com/cdn/assets/imgs/248/DD53323FFE842449.png"
        },
        {
          "chainIndex": "250",
          "blockChain": "FTM",
          "logo": "https://static.oklink.com/cdn/explorer/admin/1686558053632.png",
          "lightLogo": "https://static.oklink.com/cdn/assets/imgs/2312/D32DA4DEFB3AE885.png"
        },
        {
          "chainIndex": "324",
          "blockChain": "ZKSYNC",
          "logo": "https://static.oklink.com/cdn/explorer/admin/1686558413916.png",
          "lightLogo": "https://static.oklink.com/cdn/assets/imgs/2312/FA6C98D597C2904F.png"
        },
        {
          "chainIndex": "501",
          "blockChain": "SOLANA",
          "logo": "https://static.coinall.ltd/cdn/web3/currency/token/1715241932682.png/type=png_350_0",
          "lightLogo": "https://static.oklink.com/cdn/assets/imgs/2312/4CB5F5AE4EFA977F.png"
        },
        {
          "chainIndex": "607",
          "blockChain": "TON",
          "logo": "https://static.oklink.com/cdn/explorer/currency/token/ton-ton-null.png",
          "lightLogo": "https://static.oklink.com/cdn/assets/imgs/253/7E701E24F03351F5.png"
        },
        {
          "chainIndex": "637",
          "blockChain": "APT",
          "logo": "https://static.oklink.com/cdn/explorer/oklinkmanage/picture/apt_logo.png",
          "lightLogo": "https://static.oklink.com/cdn/assets/imgs/2312/422AA0B18303B28D.png"
        },
        {
          "chainIndex": "784",
          "blockChain": "SUI",
          "logo": "https://static.coinall.ltd/cdn/web3/currency/token/1742539825819.png/type=default_350_0",
          "lightLogo": "https://static.oklink.com/cdn/assets/imgs/2312/BA776B7B6DB7757E.png"
        },
        {
          "chainIndex": "2020",
          "blockChain": "RONIN",
          "logo": "https://static.oklink.com/cdn/explorer/admin/1689678241466.png",
          "lightLogo": "https://static.oklink.com/cdn/assets/imgs/2312/28CE3AB56BAAD113.png"
        },
        {
          "chainIndex": "8453",
          "blockChain": "BASE",
          "logo": "https://static.coinall.ltd/cdn/web3/currency/token/1736766709807.png/type=default_350_0",
          "lightLogo": "https://static.oklink.com/cdn/assets/imgs/2312/E8725CEE33D29668.png"
        },
        {
          "chainIndex": "9004",
          "blockChain": "STARKNET",
          "logo": "https://static.oklink.com/cdn/explorer/admin/1692864443638.jpeg",
          "lightLogo": "https://static.oklink.com/cdn/assets/imgs/2312/72CB729F05E52423.png"
        },
        {
          "chainIndex": "42161",
          "blockChain": "ARBITRUM",
          "logo": "https://static.oklink.com/cdn/explorer/admin/1686557510911.png",
          "lightLogo": "https://static.oklink.com/cdn/assets/imgs/2312/ED446CC74F2B3AFF.png"
        },
        {
          "chainIndex": "43114",
          "blockChain": "AVAXC",
          "logo": "https://static.oklink.com/cdn/explorer/admin/1686558223199.png",
          "lightLogo": "https://static.oklink.com/cdn/assets/imgs/2312/708CF2DEB0D08361.png"
        },
        {
          "chainIndex": "59144",
          "blockChain": "LINEA",
          "logo": "https://static.oklink.com/cdn/explorer/admin/1689947710844.jpeg",
          "lightLogo": "https://static.oklink.com/cdn/assets/imgs/2312/F91DD1A03FFFE65C.png"
        },
        {
          "chainIndex": "200901",
          "blockChain": "BITLAYER",
          "logo": "https://static.coinall.ltd/cdn/web3/currency/token/1715345047885.png/type=png_350_0",
          "lightLogo": "https://static.oklink.com/cdn/assets/imgs/253/DD3D1A690E0E941C.png"
        },
        {
          "chainIndex": "534352",
          "blockChain": "SCROLL",
          "logo": "https://static.oklink.com/cdn/explorer/admin/1697027635993.png/type=png_350_0",
          "lightLogo": "https://static.oklink.com/cdn/assets/imgs/2312/5FEBBFE08EB72E81.png"
        },
        {
          "chainIndex": "70000040",
          "blockChain": "BEACON",
          "logo": "https://static.oklink.com/cdn/explorer/admin/1695787224152.png/type=png_350_0",
          "lightLogo": "https://static.oklink.com/cdn/assets/imgs/2312/7C67A8F0BA627958.png"
        }
      ]
    },
    {
      "cexTag": "Deribit",
      "seoCexTag": "deribit",
      "cexLogo": "https://static.oklink.com/cdn/explorer/logo/cex/derbit.png",
      "symbolList": [
        {
          "symbol": "USDC",
          "value": 15271238.803764999,
          "usdValue": 15268184.556004247,
          "rate": -0.16520756519419413
        },
        {
          "symbol": "USDT",
          "value": 35577796.22739241,
          "usdValue": 35592383.123845644,
          "rate": -0.031265075055745106
        },
        {
          "symbol": "BTC",
          "value": 34131.114979610014,
          "usdValue": 4034970173.555001,
          "rate": -0.00041548204752242995
        },
        {
          "symbol": "ETH",
          "value": 201362.89551628384,
          "usdValue": 913748574.5319283,
          "rate": -0.0010772271895167866
        }
      ],
      "totalValue": 5030247736.850281,
      "totalRate": 0.007744889506967102,
      "totalInflow": -5467724.727313434,
      "mainStream": 4999579315.766779,
      "mainStreamRate": 0.007020016,
      "blockChainList": [
        {
          "chainIndex": "0",
          "blockChain": "BTC",
          "logo": "https://static.oklink.com/cdn/explorer/admin/1686558172927.png",
          "lightLogo": "https://static.oklink.com/cdn/assets/imgs/2312/FF3843272D00C1E7.png"
        },
        {
          "chainIndex": "1",
          "blockChain": "ETH",
          "logo": "https://static.oklink.com/cdn/web3/currency/token/1706800365851.png/type=png_350_0",
          "lightLogo": "https://static.oklink.com/cdn/assets/imgs/2312/BEC6A727AB2BFAB0.png"
        },
        {
          "chainIndex": "10",
          "blockChain": "OPTIMISM",
          "logo": "https://static.oklink.com/cdn/explorer/admin/1686557806497.png",
          "lightLogo": "https://static.oklink.com/cdn/assets/imgs/2312/FEE088C8C0C85D41.png"
        },
        {
          "chainIndex": "56",
          "blockChain": "BSC",
          "logo": "https://static.coinall.ltd/cdn/web3/currency/token/1742545358366.png/type=default_350_0",
          "lightLogo": "https://static.oklink.com/cdn/assets/imgs/2312/C415878C9255068A.png"
        },
        {
          "chainIndex": "61",
          "blockChain": "ETC",
          "logo": "https://static.oklink.com/cdn/explorer/admin/1686558153814.png",
          "lightLogo": "https://static.oklink.com/cdn/assets/imgs/2312/6A72CFE7ED04A323.png"
        },
        {
          "chainIndex": "137",
          "blockChain": "POLYGON",
          "logo": "https://static.oklink.com/cdn/web3/currency/token/1697556067799.png/type=png_350_0",
          "lightLogo": "https://static.oklink.com/cdn/assets/imgs/2312/DE31DC421B88956E.png"
        },
        {
          "chainIndex": "144",
          "blockChain": "RIPPLE",
          "logo": "https://static.oklink.com/cdn/explorer/currency/token/xrp-xrp-null.png",
          "lightLogo": "https://static.oklink.com/cdn/assets/imgs/256/5C30885514F56CA7.jpeg"
        },
        {
          "chainIndex": "324",
          "blockChain": "ZKSYNC",
          "logo": "https://static.oklink.com/cdn/explorer/admin/1686558413916.png",
          "lightLogo": "https://static.oklink.com/cdn/assets/imgs/2312/FA6C98D597C2904F.png"
        },
        {
          "chainIndex": "501",
          "blockChain": "SOLANA",
          "logo": "https://static.coinall.ltd/cdn/web3/currency/token/1715241932682.png/type=png_350_0",
          "lightLogo": "https://static.oklink.com/cdn/assets/imgs/2312/4CB5F5AE4EFA977F.png"
        },
        {
          "chainIndex": "8453",
          "blockChain": "BASE",
          "logo": "https://static.coinall.ltd/cdn/web3/currency/token/1736766709807.png/type=default_350_0",
          "lightLogo": "https://static.oklink.com/cdn/assets/imgs/2312/E8725CEE33D29668.png"
        },
        {
          "chainIndex": "42161",
          "blockChain": "ARBITRUM",
          "logo": "https://static.oklink.com/cdn/explorer/admin/1686557510911.png",
          "lightLogo": "https://static.oklink.com/cdn/assets/imgs/2312/ED446CC74F2B3AFF.png"
        },
        {
          "chainIndex": "43114",
          "blockChain": "AVAXC",
          "logo": "https://static.oklink.com/cdn/explorer/admin/1686558223199.png",
          "lightLogo": "https://static.oklink.com/cdn/assets/imgs/2312/708CF2DEB0D08361.png"
        },
        {
          "chainIndex": "59144",
          "blockChain": "LINEA",
          "logo": "https://static.oklink.com/cdn/explorer/admin/1689947710844.jpeg",
          "lightLogo": "https://static.oklink.com/cdn/assets/imgs/2312/F91DD1A03FFFE65C.png"
        }
      ]
    },
    {
      "cexTag": "Gate.io",
      "seoCexTag": "gate-io",
      "cexLogo": "https://static.oklink.com/cdn/assets/imgs/2312/16AF7E62E86B9F95.png",
      "symbolList": [
        {
          "symbol": "ETH",
          "value": 232784.22867226624,
          "usdValue": 1056342737.2258239,
          "rate": -0.029505702140985024
        },
        {
          "symbol": "USDT",
          "value": 765998434.6348834,
          "usdValue": 766320808.8469281,
          "rate": 0.05012890248205087
        },
        {
          "symbol": "BTC",
          "value": 15470.844410179869,
          "usdValue": 1828958584.9181435,
          "rate": -0.005512074251454531
        },
        {
          "symbol": "USDC",
          "value": 60560628.74156842,
          "usdValue": 60548516.60856593,
          "rate": 0.007851640122996472
        }
      ],
      "totalValue": 4495173815.350083,
      "totalRate": 0.008555297455181713,
      "totalInflow": -14559660.59416337,
      "mainStream": 3712170647.5994616,
      "mainStreamRate": 0.0089867829,
      "blockChainList": [
        {
          "chainIndex": "0",
          "blockChain": "BTC",
          "logo": "https://static.oklink.com/cdn/explorer/admin/1686558172927.png",
          "lightLogo": "https://static.oklink.com/cdn/assets/imgs/2312/FF3843272D00C1E7.png"
        },
        {
          "chainIndex": "1",
          "blockChain": "ETH",
          "logo": "https://static.oklink.com/cdn/web3/currency/token/1706800365851.png/type=png_350_0",
          "lightLogo": "https://static.oklink.com/cdn/assets/imgs/2312/BEC6A727AB2BFAB0.png"
        },
        {
          "chainIndex": "2",
          "blockChain": "LTC",
          "logo": "https://static.oklink.com/cdn/explorer/oklinkmanage/picture/ltc_logo.png",
          "lightLogo": "https://static.oklink.com/cdn/assets/imgs/2312/A85D30C877AC3B16.png"
        },
        {
          "chainIndex": "3",
          "blockChain": "DOGE",
          "logo": "https://static.oklink.com/cdn/explorer/admin/1696651121774.png/type=png_350_0",
          "lightLogo": "https://static.oklink.com/cdn/assets/imgs/2312/A51191E954E8CDB0.png"
        },
        {
          "chainIndex": "5",
          "blockChain": "DASH",
          "logo": "https://static.oklink.com/cdn/explorer/oklinkmanage/picture/dash_logo.png",
          "lightLogo": "https://static.oklink.com/cdn/assets/imgs/2312/617C512B1BFB94E3.png"
        },
        {
          "chainIndex": "10",
          "blockChain": "OPTIMISM",
          "logo": "https://static.oklink.com/cdn/explorer/admin/1686557806497.png",
          "lightLogo": "https://static.oklink.com/cdn/assets/imgs/2312/FEE088C8C0C85D41.png"
        },
        {
          "chainIndex": "56",
          "blockChain": "BSC",
          "logo": "https://static.coinall.ltd/cdn/web3/currency/token/1742545358366.png/type=default_350_0",
          "lightLogo": "https://static.oklink.com/cdn/assets/imgs/2312/C415878C9255068A.png"
        },
        {
          "chainIndex": "61",
          "blockChain": "ETC",
          "logo": "https://static.oklink.com/cdn/explorer/admin/1686558153814.png",
          "lightLogo": "https://static.oklink.com/cdn/assets/imgs/2312/6A72CFE7ED04A323.png"
        },
        {
          "chainIndex": "66",
          "blockChain": "OKEXCHAIN",
          "logo": "https://static.oklink.com/cdn/explorer/admin/1686558023497.png",
          "lightLogo": "https://static.oklink.com/cdn/assets/imgs/248/9C557DC56E54B38B.png"
        },
        {
          "chainIndex": "118",
          "blockChain": "COSMOS",
          "logo": "https://static.oklink.com/cdn/explorer/admin/1687836948833.png",
          "lightLogo": "https://static.oklink.com/cdn/assets/imgs/2312/3C3C8CFB6272F3F0.png"
        },
        {
          "chainIndex": "130",
          "blockChain": "UNI",
          "logo": "https://static.coinall.ltd/cdn/web3/currency/token/1739948756142.png/type=default_350_0",
          "lightLogo": "https://static.coinall.ltd/cdn/web3/oklinkadmin/picture/b70c0371-541f-4a91-8718-f823a0d7f22c.png"
        },
        {
          "chainIndex": "137",
          "blockChain": "POLYGON",
          "logo": "https://static.oklink.com/cdn/web3/currency/token/1697556067799.png/type=png_350_0",
          "lightLogo": "https://static.oklink.com/cdn/assets/imgs/2312/DE31DC421B88956E.png"
        },
        {
          "chainIndex": "144",
          "blockChain": "RIPPLE",
          "logo": "https://static.oklink.com/cdn/explorer/currency/token/xrp-xrp-null.png",
          "lightLogo": "https://static.oklink.com/cdn/assets/imgs/256/5C30885514F56CA7.jpeg"
        },
        {
          "chainIndex": "145",
          "blockChain": "BCH",
          "logo": "https://static.oklink.com/cdn/explorer/oklinkmanage/picture/bch_logo.png",
          "lightLogo": "https://static.oklink.com/cdn/assets/imgs/2312/458634273CBF4081.png"
        },
        {
          "chainIndex": "195",
          "blockChain": "TRON",
          "logo": "https://static.oklink.com/cdn/explorer/admin/1686557723420.png",
          "lightLogo": "https://static.oklink.com/cdn/assets/imgs/2312/BB50612641974EC8.png"
        },
        {
          "chainIndex": "196",
          "blockChain": "X1",
          "logo": "https://static.oklink.com/cdn/web3/currency/token/1711680841142.png/type=png_350_0",
          "lightLogo": "https://static.oklink.com/cdn/assets/imgs/248/DD53323FFE842449.png"
        },
        {
          "chainIndex": "250",
          "blockChain": "FTM",
          "logo": "https://static.oklink.com/cdn/explorer/admin/1686558053632.png",
          "lightLogo": "https://static.oklink.com/cdn/assets/imgs/2312/D32DA4DEFB3AE885.png"
        },
        {
          "chainIndex": "324",
          "blockChain": "ZKSYNC",
          "logo": "https://static.oklink.com/cdn/explorer/admin/1686558413916.png",
          "lightLogo": "https://static.oklink.com/cdn/assets/imgs/2312/FA6C98D597C2904F.png"
        },
        {
          "chainIndex": "501",
          "blockChain": "SOLANA",
          "logo": "https://static.coinall.ltd/cdn/web3/currency/token/1715241932682.png/type=png_350_0",
          "lightLogo": "https://static.oklink.com/cdn/assets/imgs/2312/4CB5F5AE4EFA977F.png"
        },
        {
          "chainIndex": "607",
          "blockChain": "TON",
          "logo": "https://static.oklink.com/cdn/explorer/currency/token/ton-ton-null.png",
          "lightLogo": "https://static.oklink.com/cdn/assets/imgs/253/7E701E24F03351F5.png"
        },
        {
          "chainIndex": "637",
          "blockChain": "APT",
          "logo": "https://static.oklink.com/cdn/explorer/oklinkmanage/picture/apt_logo.png",
          "lightLogo": "https://static.oklink.com/cdn/assets/imgs/2312/422AA0B18303B28D.png"
        },
        {
          "chainIndex": "784",
          "blockChain": "SUI",
          "logo": "https://static.coinall.ltd/cdn/web3/currency/token/1742539825819.png/type=default_350_0",
          "lightLogo": "https://static.oklink.com/cdn/assets/imgs/2312/BA776B7B6DB7757E.png"
        },
        {
          "chainIndex": "2020",
          "blockChain": "RONIN",
          "logo": "https://static.oklink.com/cdn/explorer/admin/1689678241466.png",
          "lightLogo": "https://static.oklink.com/cdn/assets/imgs/2312/28CE3AB56BAAD113.png"
        },
        {
          "chainIndex": "8453",
          "blockChain": "BASE",
          "logo": "https://static.coinall.ltd/cdn/web3/currency/token/1736766709807.png/type=default_350_0",
          "lightLogo": "https://static.oklink.com/cdn/assets/imgs/2312/E8725CEE33D29668.png"
        },
        {
          "chainIndex": "9004",
          "blockChain": "STARKNET",
          "logo": "https://static.oklink.com/cdn/explorer/admin/1692864443638.jpeg",
          "lightLogo": "https://static.oklink.com/cdn/assets/imgs/2312/72CB729F05E52423.png"
        },
        {
          "chainIndex": "42161",
          "blockChain": "ARBITRUM",
          "logo": "https://static.oklink.com/cdn/explorer/admin/1686557510911.png",
          "lightLogo": "https://static.oklink.com/cdn/assets/imgs/2312/ED446CC74F2B3AFF.png"
        },
        {
          "chainIndex": "43114",
          "blockChain": "AVAXC",
          "logo": "https://static.oklink.com/cdn/explorer/admin/1686558223199.png",
          "lightLogo": "https://static.oklink.com/cdn/assets/imgs/2312/708CF2DEB0D08361.png"
        },
        {
          "chainIndex": "59144",
          "blockChain": "LINEA",
          "logo": "https://static.oklink.com/cdn/explorer/admin/1689947710844.jpeg",
          "lightLogo": "https://static.oklink.com/cdn/assets/imgs/2312/F91DD1A03FFFE65C.png"
        },
        {
          "chainIndex": "200901",
          "blockChain": "BITLAYER",
          "logo": "https://static.coinall.ltd/cdn/web3/currency/token/1715345047885.png/type=png_350_0",
          "lightLogo": "https://static.oklink.com/cdn/assets/imgs/253/DD3D1A690E0E941C.png"
        },
        {
          "chainIndex": "534352",
          "blockChain": "SCROLL",
          "logo": "https://static.oklink.com/cdn/explorer/admin/1697027635993.png/type=png_350_0",
          "lightLogo": "https://static.oklink.com/cdn/assets/imgs/2312/5FEBBFE08EB72E81.png"
        }
      ]
    },
    {
      "cexTag": "HTX",
      "seoCexTag": "htx",
      "cexLogo": "https://static.oklink.com/cdn/explorer/logo/cex/huobi.png",
      "symbolList": [
        {
          "symbol": "BTC",
          "value": 9483.829667239494,
          "usdValue": 1121175498.1121862,
          "rate": -0.00010457276584547226
        },
        {
          "symbol": "ETH",
          "value": 8910.489214267274,
          "usdValue": 40434288.57363792,
          "rate": 0.11793627529628486
        },
        {
          "symbol": "USDT",
          "value": 982749164.2718415,
          "usdValue": 983190476.2335111,
          "rate": -0.17735709233196875
        },
        {
          "symbol": "USDC",
          "value": 11335567.746807704,
          "usdValue": 11333300.630225234,
          "rate": -0.08307607095253029
        }
      ],
      "totalValue": 2473687575.9397497,
      "totalRate": -0.07316257314413918,
      "totalInflow": -201048539.47334653,
      "mainStream": 2156133563.5495605,
      "mainStreamRate": -0.0862399058,
      "blockChainList": [
        {
          "chainIndex": "0",
          "blockChain": "BTC",
          "logo": "https://static.oklink.com/cdn/explorer/admin/1686558172927.png",
          "lightLogo": "https://static.oklink.com/cdn/assets/imgs/2312/FF3843272D00C1E7.png"
        },
        {
          "chainIndex": "1",
          "blockChain": "ETH",
          "logo": "https://static.oklink.com/cdn/web3/currency/token/1706800365851.png/type=png_350_0",
          "lightLogo": "https://static.oklink.com/cdn/assets/imgs/2312/BEC6A727AB2BFAB0.png"
        },
        {
          "chainIndex": "2",
          "blockChain": "LTC",
          "logo": "https://static.oklink.com/cdn/explorer/oklinkmanage/picture/ltc_logo.png",
          "lightLogo": "https://static.oklink.com/cdn/assets/imgs/2312/A85D30C877AC3B16.png"
        },
        {
          "chainIndex": "3",
          "blockChain": "DOGE",
          "logo": "https://static.oklink.com/cdn/explorer/admin/1696651121774.png/type=png_350_0",
          "lightLogo": "https://static.oklink.com/cdn/assets/imgs/2312/A51191E954E8CDB0.png"
        },
        {
          "chainIndex": "5",
          "blockChain": "DASH",
          "logo": "https://static.oklink.com/cdn/explorer/oklinkmanage/picture/dash_logo.png",
          "lightLogo": "https://static.oklink.com/cdn/assets/imgs/2312/617C512B1BFB94E3.png"
        },
        {
          "chainIndex": "10",
          "blockChain": "OPTIMISM",
          "logo": "https://static.oklink.com/cdn/explorer/admin/1686557806497.png",
          "lightLogo": "https://static.oklink.com/cdn/assets/imgs/2312/FEE088C8C0C85D41.png"
        },
        {
          "chainIndex": "56",
          "blockChain": "BSC",
          "logo": "https://static.coinall.ltd/cdn/web3/currency/token/1742545358366.png/type=default_350_0",
          "lightLogo": "https://static.oklink.com/cdn/assets/imgs/2312/C415878C9255068A.png"
        },
        {
          "chainIndex": "61",
          "blockChain": "ETC",
          "logo": "https://static.oklink.com/cdn/explorer/admin/1686558153814.png",
          "lightLogo": "https://static.oklink.com/cdn/assets/imgs/2312/6A72CFE7ED04A323.png"
        },
        {
          "chainIndex": "66",
          "blockChain": "OKEXCHAIN",
          "logo": "https://static.oklink.com/cdn/explorer/admin/1686558023497.png",
          "lightLogo": "https://static.oklink.com/cdn/assets/imgs/248/9C557DC56E54B38B.png"
        },
        {
          "chainIndex": "118",
          "blockChain": "COSMOS",
          "logo": "https://static.oklink.com/cdn/explorer/admin/1687836948833.png",
          "lightLogo": "https://static.oklink.com/cdn/assets/imgs/2312/3C3C8CFB6272F3F0.png"
        },
        {
          "chainIndex": "130",
          "blockChain": "UNI",
          "logo": "https://static.coinall.ltd/cdn/web3/currency/token/1739948756142.png/type=default_350_0",
          "lightLogo": "https://static.coinall.ltd/cdn/web3/oklinkadmin/picture/b70c0371-541f-4a91-8718-f823a0d7f22c.png"
        },
        {
          "chainIndex": "137",
          "blockChain": "POLYGON",
          "logo": "https://static.oklink.com/cdn/web3/currency/token/1697556067799.png/type=png_350_0",
          "lightLogo": "https://static.oklink.com/cdn/assets/imgs/2312/DE31DC421B88956E.png"
        },
        {
          "chainIndex": "144",
          "blockChain": "RIPPLE",
          "logo": "https://static.oklink.com/cdn/explorer/currency/token/xrp-xrp-null.png",
          "lightLogo": "https://static.oklink.com/cdn/assets/imgs/256/5C30885514F56CA7.jpeg"
        },
        {
          "chainIndex": "145",
          "blockChain": "BCH",
          "logo": "https://static.oklink.com/cdn/explorer/oklinkmanage/picture/bch_logo.png",
          "lightLogo": "https://static.oklink.com/cdn/assets/imgs/2312/458634273CBF4081.png"
        },
        {
          "chainIndex": "195",
          "blockChain": "TRON",
          "logo": "https://static.oklink.com/cdn/explorer/admin/1686557723420.png",
          "lightLogo": "https://static.oklink.com/cdn/assets/imgs/2312/BB50612641974EC8.png"
        },
        {
          "chainIndex": "196",
          "blockChain": "X1",
          "logo": "https://static.oklink.com/cdn/web3/currency/token/1711680841142.png/type=png_350_0",
          "lightLogo": "https://static.oklink.com/cdn/assets/imgs/248/DD53323FFE842449.png"
        },
        {
          "chainIndex": "250",
          "blockChain": "FTM",
          "logo": "https://static.oklink.com/cdn/explorer/admin/1686558053632.png",
          "lightLogo": "https://static.oklink.com/cdn/assets/imgs/2312/D32DA4DEFB3AE885.png"
        },
        {
          "chainIndex": "324",
          "blockChain": "ZKSYNC",
          "logo": "https://static.oklink.com/cdn/explorer/admin/1686558413916.png",
          "lightLogo": "https://static.oklink.com/cdn/assets/imgs/2312/FA6C98D597C2904F.png"
        },
        {
          "chainIndex": "501",
          "blockChain": "SOLANA",
          "logo": "https://static.coinall.ltd/cdn/web3/currency/token/1715241932682.png/type=png_350_0",
          "lightLogo": "https://static.oklink.com/cdn/assets/imgs/2312/4CB5F5AE4EFA977F.png"
        },
        {
          "chainIndex": "607",
          "blockChain": "TON",
          "logo": "https://static.oklink.com/cdn/explorer/currency/token/ton-ton-null.png",
          "lightLogo": "https://static.oklink.com/cdn/assets/imgs/253/7E701E24F03351F5.png"
        },
        {
          "chainIndex": "637",
          "blockChain": "APT",
          "logo": "https://static.oklink.com/cdn/explorer/oklinkmanage/picture/apt_logo.png",
          "lightLogo": "https://static.oklink.com/cdn/assets/imgs/2312/422AA0B18303B28D.png"
        },
        {
          "chainIndex": "784",
          "blockChain": "SUI",
          "logo": "https://static.coinall.ltd/cdn/web3/currency/token/1742539825819.png/type=default_350_0",
          "lightLogo": "https://static.oklink.com/cdn/assets/imgs/2312/BA776B7B6DB7757E.png"
        },
        {
          "chainIndex": "2020",
          "blockChain": "RONIN",
          "logo": "https://static.oklink.com/cdn/explorer/admin/1689678241466.png",
          "lightLogo": "https://static.oklink.com/cdn/assets/imgs/2312/28CE3AB56BAAD113.png"
        },
        {
          "chainIndex": "8453",
          "blockChain": "BASE",
          "logo": "https://static.coinall.ltd/cdn/web3/currency/token/1736766709807.png/type=default_350_0",
          "lightLogo": "https://static.oklink.com/cdn/assets/imgs/2312/E8725CEE33D29668.png"
        },
        {
          "chainIndex": "9004",
          "blockChain": "STARKNET",
          "logo": "https://static.oklink.com/cdn/explorer/admin/1692864443638.jpeg",
          "lightLogo": "https://static.oklink.com/cdn/assets/imgs/2312/72CB729F05E52423.png"
        },
        {
          "chainIndex": "42161",
          "blockChain": "ARBITRUM",
          "logo": "https://static.oklink.com/cdn/explorer/admin/1686557510911.png",
          "lightLogo": "https://static.oklink.com/cdn/assets/imgs/2312/ED446CC74F2B3AFF.png"
        },
        {
          "chainIndex": "43114",
          "blockChain": "AVAXC",
          "logo": "https://static.oklink.com/cdn/explorer/admin/1686558223199.png",
          "lightLogo": "https://static.oklink.com/cdn/assets/imgs/2312/708CF2DEB0D08361.png"
        },
        {
          "chainIndex": "59144",
          "blockChain": "LINEA",
          "logo": "https://static.oklink.com/cdn/explorer/admin/1689947710844.jpeg",
          "lightLogo": "https://static.oklink.com/cdn/assets/imgs/2312/F91DD1A03FFFE65C.png"
        },
        {
          "chainIndex": "534352",
          "blockChain": "SCROLL",
          "logo": "https://static.oklink.com/cdn/explorer/admin/1697027635993.png/type=png_350_0",
          "lightLogo": "https://static.oklink.com/cdn/assets/imgs/2312/5FEBBFE08EB72E81.png"
        }
      ]
    },
    {
      "cexTag": "KuCoin",
      "seoCexTag": "kucoin",
      "cexLogo": "https://static.oklink.com/cdn/explorer/logo/cex/kucoin.png",
      "symbolList": [
        {
          "symbol": "USDC",
          "value": 57476048.46105287,
          "usdValue": 57464553.23625711,
          "rate": 0.016472337209272155
        },
        {
          "symbol": "ETH",
          "value": 107470.22167796729,
          "usdValue": 487680541.70851415,
          "rate": 0.009284955267591556
        },
        {
          "symbol": "USDT",
          "value": 962475151.3105559,
          "usdValue": 962872060.4594153,
          "rate": 0.003486052460821771
        },
        {
          "symbol": "BTC",
          "value": 1002.8613262500004,
          "usdValue": 118557965.13087709,
          "rate": 0.019112044599653856
        }
      ],
      "totalValue": 1853532446.9700043,
      "totalRate": 0.019546706465909836,
      "totalInflow": 25197396.360904016,
      "mainStream": 1626575120.5350637,
      "mainStreamRate": 0.0217199639,
      "blockChainList": [
        {
          "chainIndex": "0",
          "blockChain": "BTC",
          "logo": "https://static.oklink.com/cdn/explorer/admin/1686558172927.png",
          "lightLogo": "https://static.oklink.com/cdn/assets/imgs/2312/FF3843272D00C1E7.png"
        },
        {
          "chainIndex": "1",
          "blockChain": "ETH",
          "logo": "https://static.oklink.com/cdn/web3/currency/token/1706800365851.png/type=png_350_0",
          "lightLogo": "https://static.oklink.com/cdn/assets/imgs/2312/BEC6A727AB2BFAB0.png"
        },
        {
          "chainIndex": "2",
          "blockChain": "LTC",
          "logo": "https://static.oklink.com/cdn/explorer/oklinkmanage/picture/ltc_logo.png",
          "lightLogo": "https://static.oklink.com/cdn/assets/imgs/2312/A85D30C877AC3B16.png"
        },
        {
          "chainIndex": "3",
          "blockChain": "DOGE",
          "logo": "https://static.oklink.com/cdn/explorer/admin/1696651121774.png/type=png_350_0",
          "lightLogo": "https://static.oklink.com/cdn/assets/imgs/2312/A51191E954E8CDB0.png"
        },
        {
          "chainIndex": "5",
          "blockChain": "DASH",
          "logo": "https://static.oklink.com/cdn/explorer/oklinkmanage/picture/dash_logo.png",
          "lightLogo": "https://static.oklink.com/cdn/assets/imgs/2312/617C512B1BFB94E3.png"
        },
        {
          "chainIndex": "10",
          "blockChain": "OPTIMISM",
          "logo": "https://static.oklink.com/cdn/explorer/admin/1686557806497.png",
          "lightLogo": "https://static.oklink.com/cdn/assets/imgs/2312/FEE088C8C0C85D41.png"
        },
        {
          "chainIndex": "56",
          "blockChain": "BSC",
          "logo": "https://static.coinall.ltd/cdn/web3/currency/token/1742545358366.png/type=default_350_0",
          "lightLogo": "https://static.oklink.com/cdn/assets/imgs/2312/C415878C9255068A.png"
        },
        {
          "chainIndex": "61",
          "blockChain": "ETC",
          "logo": "https://static.oklink.com/cdn/explorer/admin/1686558153814.png",
          "lightLogo": "https://static.oklink.com/cdn/assets/imgs/2312/6A72CFE7ED04A323.png"
        },
        {
          "chainIndex": "66",
          "blockChain": "OKEXCHAIN",
          "logo": "https://static.oklink.com/cdn/explorer/admin/1686558023497.png",
          "lightLogo": "https://static.oklink.com/cdn/assets/imgs/248/9C557DC56E54B38B.png"
        },
        {
          "chainIndex": "118",
          "blockChain": "COSMOS",
          "logo": "https://static.oklink.com/cdn/explorer/admin/1687836948833.png",
          "lightLogo": "https://static.oklink.com/cdn/assets/imgs/2312/3C3C8CFB6272F3F0.png"
        },
        {
          "chainIndex": "130",
          "blockChain": "UNI",
          "logo": "https://static.coinall.ltd/cdn/web3/currency/token/1739948756142.png/type=default_350_0",
          "lightLogo": "https://static.coinall.ltd/cdn/web3/oklinkadmin/picture/b70c0371-541f-4a91-8718-f823a0d7f22c.png"
        },
        {
          "chainIndex": "137",
          "blockChain": "POLYGON",
          "logo": "https://static.oklink.com/cdn/web3/currency/token/1697556067799.png/type=png_350_0",
          "lightLogo": "https://static.oklink.com/cdn/assets/imgs/2312/DE31DC421B88956E.png"
        },
        {
          "chainIndex": "144",
          "blockChain": "RIPPLE",
          "logo": "https://static.oklink.com/cdn/explorer/currency/token/xrp-xrp-null.png",
          "lightLogo": "https://static.oklink.com/cdn/assets/imgs/256/5C30885514F56CA7.jpeg"
        },
        {
          "chainIndex": "145",
          "blockChain": "BCH",
          "logo": "https://static.oklink.com/cdn/explorer/oklinkmanage/picture/bch_logo.png",
          "lightLogo": "https://static.oklink.com/cdn/assets/imgs/2312/458634273CBF4081.png"
        },
        {
          "chainIndex": "195",
          "blockChain": "TRON",
          "logo": "https://static.oklink.com/cdn/explorer/admin/1686557723420.png",
          "lightLogo": "https://static.oklink.com/cdn/assets/imgs/2312/BB50612641974EC8.png"
        },
        {
          "chainIndex": "196",
          "blockChain": "X1",
          "logo": "https://static.oklink.com/cdn/web3/currency/token/1711680841142.png/type=png_350_0",
          "lightLogo": "https://static.oklink.com/cdn/assets/imgs/248/DD53323FFE842449.png"
        },
        {
          "chainIndex": "250",
          "blockChain": "FTM",
          "logo": "https://static.oklink.com/cdn/explorer/admin/1686558053632.png",
          "lightLogo": "https://static.oklink.com/cdn/assets/imgs/2312/D32DA4DEFB3AE885.png"
        },
        {
          "chainIndex": "324",
          "blockChain": "ZKSYNC",
          "logo": "https://static.oklink.com/cdn/explorer/admin/1686558413916.png",
          "lightLogo": "https://static.oklink.com/cdn/assets/imgs/2312/FA6C98D597C2904F.png"
        },
        {
          "chainIndex": "501",
          "blockChain": "SOLANA",
          "logo": "https://static.coinall.ltd/cdn/web3/currency/token/1715241932682.png/type=png_350_0",
          "lightLogo": "https://static.oklink.com/cdn/assets/imgs/2312/4CB5F5AE4EFA977F.png"
        },
        {
          "chainIndex": "607",
          "blockChain": "TON",
          "logo": "https://static.oklink.com/cdn/explorer/currency/token/ton-ton-null.png",
          "lightLogo": "https://static.oklink.com/cdn/assets/imgs/253/7E701E24F03351F5.png"
        },
        {
          "chainIndex": "637",
          "blockChain": "APT",
          "logo": "https://static.oklink.com/cdn/explorer/oklinkmanage/picture/apt_logo.png",
          "lightLogo": "https://static.oklink.com/cdn/assets/imgs/2312/422AA0B18303B28D.png"
        },
        {
          "chainIndex": "784",
          "blockChain": "SUI",
          "logo": "https://static.coinall.ltd/cdn/web3/currency/token/1742539825819.png/type=default_350_0",
          "lightLogo": "https://static.oklink.com/cdn/assets/imgs/2312/BA776B7B6DB7757E.png"
        },
        {
          "chainIndex": "2020",
          "blockChain": "RONIN",
          "logo": "https://static.oklink.com/cdn/explorer/admin/1689678241466.png",
          "lightLogo": "https://static.oklink.com/cdn/assets/imgs/2312/28CE3AB56BAAD113.png"
        },
        {
          "chainIndex": "8453",
          "blockChain": "BASE",
          "logo": "https://static.coinall.ltd/cdn/web3/currency/token/1736766709807.png/type=default_350_0",
          "lightLogo": "https://static.oklink.com/cdn/assets/imgs/2312/E8725CEE33D29668.png"
        },
        {
          "chainIndex": "42161",
          "blockChain": "ARBITRUM",
          "logo": "https://static.oklink.com/cdn/explorer/admin/1686557510911.png",
          "lightLogo": "https://static.oklink.com/cdn/assets/imgs/2312/ED446CC74F2B3AFF.png"
        },
        {
          "chainIndex": "43114",
          "blockChain": "AVAXC",
          "logo": "https://static.oklink.com/cdn/explorer/admin/1686558223199.png",
          "lightLogo": "https://static.oklink.com/cdn/assets/imgs/2312/708CF2DEB0D08361.png"
        },
        {
          "chainIndex": "59144",
          "blockChain": "LINEA",
          "logo": "https://static.oklink.com/cdn/explorer/admin/1689947710844.jpeg",
          "lightLogo": "https://static.oklink.com/cdn/assets/imgs/2312/F91DD1A03FFFE65C.png"
        },
        {
          "chainIndex": "200901",
          "blockChain": "BITLAYER",
          "logo": "https://static.coinall.ltd/cdn/web3/currency/token/1715345047885.png/type=png_350_0",
          "lightLogo": "https://static.oklink.com/cdn/assets/imgs/253/DD3D1A690E0E941C.png"
        },
        {
          "chainIndex": "534352",
          "blockChain": "SCROLL",
          "logo": "https://static.oklink.com/cdn/explorer/admin/1697027635993.png/type=png_350_0",
          "lightLogo": "https://static.oklink.com/cdn/assets/imgs/2312/5FEBBFE08EB72E81.png"
        },
        {
          "chainIndex": "70000040",
          "blockChain": "BEACON",
          "logo": "https://static.oklink.com/cdn/explorer/admin/1695787224152.png/type=png_350_0",
          "lightLogo": "https://static.oklink.com/cdn/assets/imgs/2312/7C67A8F0BA627958.png"
        }
      ]
    }
  ]
}