{
  "timestamp": "2025-08-21T07:25:05.881Z",
  "totalCEX": 11,
  "cexList": [
    {
      "cexTag": "Binance",
      "seoCexTag": "binance",
      "cexLogo": "https://static.oklink.com/cdn/explorer/logo/cex/binance.png",
      "symbolList": [
        {
          "symbol": "ETH",
          "value": 5663291.707759863,
          "usdValue": 24436707288.527596,
          "rate": 0.018786106858975842
        },
        {
          "symbol": "USDT",
          "value": 40210401062.05961,
          "usdValue": 40206380021.95297,
          "rate": 0.0039261790785942025
        },
        {
          "symbol": "BTC",
          "value": 648900.9876966898,
          "usdValue": 73947458755.93942,
          "rate": -0.0007910456119638386
        },
        {
          "symbol": "USDC",
          "value": 9069844097.300396,
          "usdValue": 9068030172.010166,
          "rate": -0.00877963134176979
        }
      ],
      "totalValue": 188728160749.23056,
      "totalRate": 0.015262330547262703,
      "totalInflow": 322963763.58619773,
      "mainStream": 147658576238.43015,
      "mainStreamRate": 0.0097093149,
      "blockChainList": [
        {
          "chainIndex": "0",
          "blockChain": "BTC",
          "logo": "https://static.oklink.com/cdn/explorer/admin/1686558172927.png",
          "lightLogo": "https://static.oklink.com/cdn/assets/imgs/2312/FF3843272D00C1E7.png"
        },
        {
          "chainIndex": "1",
          "blockChain": "ETH",
          "logo": "https://static.oklink.com/cdn/web3/currency/token/1706800365851.png/type=png_350_0",
          "lightLogo": "https://static.oklink.com/cdn/assets/imgs/2312/BEC6A727AB2BFAB0.png"
        },
        {
          "chainIndex": "2",
          "blockChain": "LTC",
          "logo": "https://static.oklink.com/cdn/explorer/oklinkmanage/picture/ltc_logo.png",
          "lightLogo": "https://static.oklink.com/cdn/assets/imgs/2312/A85D30C877AC3B16.png"
        },
        {
          "chainIndex": "3",
          "blockChain": "DOGE",
          "logo": "https://static.oklink.com/cdn/explorer/admin/1696651121774.png/type=png_350_0",
          "lightLogo": "https://static.oklink.com/cdn/assets/imgs/2312/A51191E954E8CDB0.png"
        },
        {
          "chainIndex": "5",
          "blockChain": "DASH",
          "logo": "https://static.oklink.com/cdn/explorer/oklinkmanage/picture/dash_logo.png",
          "lightLogo": "https://static.oklink.com/cdn/assets/imgs/2312/617C512B1BFB94E3.png"
        },
        {
          "chainIndex": "10",
          "blockChain": "OPTIMISM",
          "logo": "https://static.oklink.com/cdn/explorer/admin/1686557806497.png",
          "lightLogo": "https://static.oklink.com/cdn/assets/imgs/2312/FEE088C8C0C85D41.png"
        },
        {
          "chainIndex": "56",
          "blockChain": "BSC",
          "logo": "https://static.coinall.ltd/cdn/web3/currency/token/1742545358366.png/type=default_350_0",
          "lightLogo": "https://static.oklink.com/cdn/assets/imgs/2312/C415878C9255068A.png"
        },
        {
          "chainIndex": "61",
          "blockChain": "ETC",
          "logo": "https://static.oklink.com/cdn/explorer/admin/1686558153814.png",
          "lightLogo": "https://static.oklink.com/cdn/assets/imgs/2312/6A72CFE7ED04A323.png"
        },
        {
          "chainIndex": "66",
          "blockChain": "OKEXCHAIN",
          "logo": "https://static.oklink.com/cdn/explorer/admin/1686558023497.png",
          "lightLogo": "https://static.oklink.com/cdn/assets/imgs/248/9C557DC56E54B38B.png"
        },
        {
          "chainIndex": "118",
          "blockChain": "COSMOS",
          "logo": "https://static.oklink.com/cdn/explorer/admin/1687836948833.png",
          "lightLogo": "https://static.oklink.com/cdn/assets/imgs/2312/3C3C8CFB6272F3F0.png"
        },
        {
          "chainIndex": "130",
          "blockChain": "UNI",
          "logo": "https://static.coinall.ltd/cdn/web3/currency/token/1739948756142.png/type=default_350_0",
          "lightLogo": "https://static.coinall.ltd/cdn/web3/oklinkadmin/picture/b70c0371-541f-4a91-8718-f823a0d7f22c.png"
        },
        {
          "chainIndex": "137",
          "blockChain": "POLYGON",
          "logo": "https://static.oklink.com/cdn/web3/currency/token/1697556067799.png/type=png_350_0",
          "lightLogo": "https://static.oklink.com/cdn/assets/imgs/2312/DE31DC421B88956E.png"
        },
        {
          "chainIndex": "144",
          "blockChain": "RIPPLE",
          "logo": "https://static.oklink.com/cdn/explorer/currency/token/xrp-xrp-null.png",
          "lightLogo": "https://static.oklink.com/cdn/assets/imgs/256/5C30885514F56CA7.jpeg"
        },
        {
          "chainIndex": "145",
          "blockChain": "BCH",
          "logo": "https://static.oklink.com/cdn/explorer/oklinkmanage/picture/bch_logo.png",
          "lightLogo": "https://static.oklink.com/cdn/assets/imgs/2312/458634273CBF4081.png"
        },
        {
          "chainIndex": "195",
          "blockChain": "TRON",
          "logo": "https://static.oklink.com/cdn/explorer/admin/1686557723420.png",
          "lightLogo": "https://static.oklink.com/cdn/assets/imgs/2312/BB50612641974EC8.png"
        },
        {
          "chainIndex": "196",
          "blockChain": "X1",
          "logo": "https://static.oklink.com/cdn/web3/currency/token/1711680841142.png/type=png_350_0",
          "lightLogo": "https://static.oklink.com/cdn/assets/imgs/248/DD53323FFE842449.png"
        },
        {
          "chainIndex": "250",
          "blockChain": "FTM",
          "logo": "https://static.oklink.com/cdn/explorer/admin/1686558053632.png",
          "lightLogo": "https://static.oklink.com/cdn/assets/imgs/2312/D32DA4DEFB3AE885.png"
        },
        {
          "chainIndex": "324",
          "blockChain": "ZKSYNC",
          "logo": "https://static.oklink.com/cdn/explorer/admin/1686558413916.png",
          "lightLogo": "https://static.oklink.com/cdn/assets/imgs/2312/FA6C98D597C2904F.png"
        },
        {
          "chainIndex": "501",
          "blockChain": "SOLANA",
          "logo": "https://static.coinall.ltd/cdn/web3/currency/token/1715241932682.png/type=png_350_0",
          "lightLogo": "https://static.oklink.com/cdn/assets/imgs/2312/4CB5F5AE4EFA977F.png"
        },
        {
          "chainIndex": "607",
          "blockChain": "TON",
          "logo": "https://static.oklink.com/cdn/explorer/currency/token/ton-ton-null.png",
          "lightLogo": "https://static.oklink.com/cdn/assets/imgs/253/7E701E24F03351F5.png"
        },
        {
          "chainIndex": "637",
          "blockChain": "APT",
          "logo": "https://static.oklink.com/cdn/explorer/oklinkmanage/picture/apt_logo.png",
          "lightLogo": "https://static.oklink.com/cdn/assets/imgs/2312/422AA0B18303B28D.png"
        },
        {
          "chainIndex": "784",
          "blockChain": "SUI",
          "logo": "https://static.coinall.ltd/cdn/web3/currency/token/1742539825819.png/type=default_350_0",
          "lightLogo": "https://static.oklink.com/cdn/assets/imgs/2312/BA776B7B6DB7757E.png"
        },
        {
          "chainIndex": "2020",
          "blockChain": "RONIN",
          "logo": "https://static.oklink.com/cdn/explorer/admin/1689678241466.png",
          "lightLogo": "https://static.oklink.com/cdn/assets/imgs/2312/28CE3AB56BAAD113.png"
        },
        {
          "chainIndex": "8453",
          "blockChain": "BASE",
          "logo": "https://static.coinall.ltd/cdn/web3/currency/token/1736766709807.png/type=default_350_0",
          "lightLogo": "https://static.oklink.com/cdn/assets/imgs/2312/E8725CEE33D29668.png"
        },
        {
          "chainIndex": "9004",
          "blockChain": "STARKNET",
          "logo": "https://static.oklink.com/cdn/explorer/admin/1692864443638.jpeg",
          "lightLogo": "https://static.oklink.com/cdn/assets/imgs/2312/72CB729F05E52423.png"
        },
        {
          "chainIndex": "42161",
          "blockChain": "ARBITRUM",
          "logo": "https://static.oklink.com/cdn/explorer/admin/1686557510911.png",
          "lightLogo": "https://static.oklink.com/cdn/assets/imgs/2312/ED446CC74F2B3AFF.png"
        },
        {
          "chainIndex": "43114",
          "blockChain": "AVAXC",
          "logo": "https://static.oklink.com/cdn/explorer/admin/1686558223199.png",
          "lightLogo": "https://static.oklink.com/cdn/assets/imgs/2312/708CF2DEB0D08361.png"
        },
        {
          "chainIndex": "59144",
          "blockChain": "LINEA",
          "logo": "https://static.oklink.com/cdn/explorer/admin/1689947710844.jpeg",
          "lightLogo": "https://static.oklink.com/cdn/assets/imgs/2312/F91DD1A03FFFE65C.png"
        },
        {
          "chainIndex": "200901",
          "blockChain": "BITLAYER",
          "logo": "https://static.coinall.ltd/cdn/web3/currency/token/1715345047885.png/type=png_350_0",
          "lightLogo": "https://static.oklink.com/cdn/assets/imgs/253/DD3D1A690E0E941C.png"
        },
        {
          "chainIndex": "534352",
          "blockChain": "SCROLL",
          "logo": "https://static.oklink.com/cdn/explorer/admin/1697027635993.png/type=png_350_0",
          "lightLogo": "https://static.oklink.com/cdn/assets/imgs/2312/5FEBBFE08EB72E81.png"
        }
      ]
    },
    {
      "cexTag": "OKX",
      "seoCexTag": "okx",
      "cexLogo": "https://static.oklink.com/cdn/explorer/logo/cex/okx.png",
      "symbolList": [
        {
          "symbol": "ETH",
          "value": 1801592.0342605705,
          "usdValue": 7773743516.392215,
          "rate": -0.007569229168968767
        },
        {
          "symbol": "USDC",
          "value": 1024668745.1288115,
          "usdValue": 1024463811.3981228,
          "rate": -0.028605598472070254
        },
        {
          "symbol": "USDT",
          "value": 9636979212.563704,
          "usdValue": 9636015514.64251,
          "rate": -0.0012523012235081303
        },
        {
          "symbol": "BTC",
          "value": 116158.37174519956,
          "usdValue": 13237175727.33947,
          "rate": 0.003818380482812527
        }
      ],
      "totalValue": 35904484765.04645,
      "totalRate": 0.010054855023421861,
      "totalInflow": 36574535.69482099,
      "mainStream": 31671398569.772316,
      "mainStreamRate": 0.0074283717,
      "blockChainList": [
        {
          "chainIndex": "0",
          "blockChain": "BTC",
          "logo": "https://static.oklink.com/cdn/explorer/admin/1686558172927.png",
          "lightLogo": "https://static.oklink.com/cdn/assets/imgs/2312/FF3843272D00C1E7.png"
        },
        {
          "chainIndex": "1",
          "blockChain": "ETH",
          "logo": "https://static.oklink.com/cdn/web3/currency/token/1706800365851.png/type=png_350_0",
          "lightLogo": "https://static.oklink.com/cdn/assets/imgs/2312/BEC6A727AB2BFAB0.png"
        },
        {
          "chainIndex": "2",
          "blockChain": "LTC",
          "logo": "https://static.oklink.com/cdn/explorer/oklinkmanage/picture/ltc_logo.png",
          "lightLogo": "https://static.oklink.com/cdn/assets/imgs/2312/A85D30C877AC3B16.png"
        },
        {
          "chainIndex": "3",
          "blockChain": "DOGE",
          "logo": "https://static.oklink.com/cdn/explorer/admin/1696651121774.png/type=png_350_0",
          "lightLogo": "https://static.oklink.com/cdn/assets/imgs/2312/A51191E954E8CDB0.png"
        },
        {
          "chainIndex": "5",
          "blockChain": "DASH",
          "logo": "https://static.oklink.com/cdn/explorer/oklinkmanage/picture/dash_logo.png",
          "lightLogo": "https://static.oklink.com/cdn/assets/imgs/2312/617C512B1BFB94E3.png"
        },
        {
          "chainIndex": "10",
          "blockChain": "OPTIMISM",
          "logo": "https://static.oklink.com/cdn/explorer/admin/1686557806497.png",
          "lightLogo": "https://static.oklink.com/cdn/assets/imgs/2312/FEE088C8C0C85D41.png"
        },
        {
          "chainIndex": "56",
          "blockChain": "BSC",
          "logo": "https://static.coinall.ltd/cdn/web3/currency/token/1742545358366.png/type=default_350_0",
          "lightLogo": "https://static.oklink.com/cdn/assets/imgs/2312/C415878C9255068A.png"
        },
        {
          "chainIndex": "61",
          "blockChain": "ETC",
          "logo": "https://static.oklink.com/cdn/explorer/admin/1686558153814.png",
          "lightLogo": "https://static.oklink.com/cdn/assets/imgs/2312/6A72CFE7ED04A323.png"
        },
        {
          "chainIndex": "66",
          "blockChain": "OKEXCHAIN",
          "logo": "https://static.oklink.com/cdn/explorer/admin/1686558023497.png",
          "lightLogo": "https://static.oklink.com/cdn/assets/imgs/248/9C557DC56E54B38B.png"
        },
        {
          "chainIndex": "118",
          "blockChain": "COSMOS",
          "logo": "https://static.oklink.com/cdn/explorer/admin/1687836948833.png",
          "lightLogo": "https://static.oklink.com/cdn/assets/imgs/2312/3C3C8CFB6272F3F0.png"
        },
        {
          "chainIndex": "130",
          "blockChain": "UNI",
          "logo": "https://static.coinall.ltd/cdn/web3/currency/token/1739948756142.png/type=default_350_0",
          "lightLogo": "https://static.coinall.ltd/cdn/web3/oklinkadmin/picture/b70c0371-541f-4a91-8718-f823a0d7f22c.png"
        },
        {
          "chainIndex": "137",
          "blockChain": "POLYGON",
          "logo": "https://static.oklink.com/cdn/web3/currency/token/1697556067799.png/type=png_350_0",
          "lightLogo": "https://static.oklink.com/cdn/assets/imgs/2312/DE31DC421B88956E.png"
        },
        {
          "chainIndex": "144",
          "blockChain": "RIPPLE",
          "logo": "https://static.oklink.com/cdn/explorer/currency/token/xrp-xrp-null.png",
          "lightLogo": "https://static.oklink.com/cdn/assets/imgs/256/5C30885514F56CA7.jpeg"
        },
        {
          "chainIndex": "145",
          "blockChain": "BCH",
          "logo": "https://static.oklink.com/cdn/explorer/oklinkmanage/picture/bch_logo.png",
          "lightLogo": "https://static.oklink.com/cdn/assets/imgs/2312/458634273CBF4081.png"
        },
        {
          "chainIndex": "195",
          "blockChain": "TRON",
          "logo": "https://static.oklink.com/cdn/explorer/admin/1686557723420.png",
          "lightLogo": "https://static.oklink.com/cdn/assets/imgs/2312/BB50612641974EC8.png"
        },
        {
          "chainIndex": "196",
          "blockChain": "X1",
          "logo": "https://static.oklink.com/cdn/web3/currency/token/1711680841142.png/type=png_350_0",
          "lightLogo": "https://static.oklink.com/cdn/assets/imgs/248/DD53323FFE842449.png"
        },
        {
          "chainIndex": "250",
          "blockChain": "FTM",
          "logo": "https://static.oklink.com/cdn/explorer/admin/1686558053632.png",
          "lightLogo": "https://static.oklink.com/cdn/assets/imgs/2312/D32DA4DEFB3AE885.png"
        },
        {
          "chainIndex": "324",
          "blockChain": "ZKSYNC",
          "logo": "https://static.oklink.com/cdn/explorer/admin/1686558413916.png",
          "lightLogo": "https://static.oklink.com/cdn/assets/imgs/2312/FA6C98D597C2904F.png"
        },
        {
          "chainIndex": "501",
          "blockChain": "SOLANA",
          "logo": "https://static.coinall.ltd/cdn/web3/currency/token/1715241932682.png/type=png_350_0",
          "lightLogo": "https://static.oklink.com/cdn/assets/imgs/2312/4CB5F5AE4EFA977F.png"
        },
        {
          "chainIndex": "607",
          "blockChain": "TON",
          "logo": "https://static.oklink.com/cdn/explorer/currency/token/ton-ton-null.png",
          "lightLogo": "https://static.oklink.com/cdn/assets/imgs/253/7E701E24F03351F5.png"
        },
        {
          "chainIndex": "637",
          "blockChain": "APT",
          "logo": "https://static.oklink.com/cdn/explorer/oklinkmanage/picture/apt_logo.png",
          "lightLogo": "https://static.oklink.com/cdn/assets/imgs/2312/422AA0B18303B28D.png"
        },
        {
          "chainIndex": "784",
          "blockChain": "SUI",
          "logo": "https://static.coinall.ltd/cdn/web3/currency/token/1742539825819.png/type=default_350_0",
          "lightLogo": "https://static.oklink.com/cdn/assets/imgs/2312/BA776B7B6DB7757E.png"
        },
        {
          "chainIndex": "2020",
          "blockChain": "RONIN",
          "logo": "https://static.oklink.com/cdn/explorer/admin/1689678241466.png",
          "lightLogo": "https://static.oklink.com/cdn/assets/imgs/2312/28CE3AB56BAAD113.png"
        },
        {
          "chainIndex": "8453",
          "blockChain": "BASE",
          "logo": "https://static.coinall.ltd/cdn/web3/currency/token/1736766709807.png/type=default_350_0",
          "lightLogo": "https://static.oklink.com/cdn/assets/imgs/2312/E8725CEE33D29668.png"
        },
        {
          "chainIndex": "9004",
          "blockChain": "STARKNET",
          "logo": "https://static.oklink.com/cdn/explorer/admin/1692864443638.jpeg",
          "lightLogo": "https://static.oklink.com/cdn/assets/imgs/2312/72CB729F05E52423.png"
        },
        {
          "chainIndex": "42161",
          "blockChain": "ARBITRUM",
          "logo": "https://static.oklink.com/cdn/explorer/admin/1686557510911.png",
          "lightLogo": "https://static.oklink.com/cdn/assets/imgs/2312/ED446CC74F2B3AFF.png"
        },
        {
          "chainIndex": "43114",
          "blockChain": "AVAXC",
          "logo": "https://static.oklink.com/cdn/explorer/admin/1686558223199.png",
          "lightLogo": "https://static.oklink.com/cdn/assets/imgs/2312/708CF2DEB0D08361.png"
        },
        {
          "chainIndex": "59144",
          "blockChain": "LINEA",
          "logo": "https://static.oklink.com/cdn/explorer/admin/1689947710844.jpeg",
          "lightLogo": "https://static.oklink.com/cdn/assets/imgs/2312/F91DD1A03FFFE65C.png"
        },
        {
          "chainIndex": "200901",
          "blockChain": "BITLAYER",
          "logo": "https://static.coinall.ltd/cdn/web3/currency/token/1715345047885.png/type=png_350_0",
          "lightLogo": "https://static.oklink.com/cdn/assets/imgs/253/DD3D1A690E0E941C.png"
        },
        {
          "chainIndex": "534352",
          "blockChain": "SCROLL",
          "logo": "https://static.oklink.com/cdn/explorer/admin/1697027635993.png/type=png_350_0",
          "lightLogo": "https://static.oklink.com/cdn/assets/imgs/2312/5FEBBFE08EB72E81.png"
        },
        {
          "chainIndex": "70000040",
          "blockChain": "BEACON",
          "logo": "https://static.oklink.com/cdn/explorer/admin/1695787224152.png/type=png_350_0",
          "lightLogo": "https://static.oklink.com/cdn/assets/imgs/2312/7C67A8F0BA627958.png"
        }
      ]
    },
    {
      "cexTag": "Kraken",
      "seoCexTag": "kraken",
      "cexLogo": "https://static.oklink.com/cdn/assets/imgs/256/87ED7EE547DA8673.png",
      "symbolList": [
        {
          "symbol": "BTC",
          "value": 156837.32955040998,
          "usdValue": 17872868400.905624,
          "rate": 0.004755946710603184
        },
        {
          "symbol": "ETH",
          "value": 1222043.4830885117,
          "usdValue": 5273032086.483114,
          "rate": 0.009198165854353022
        },
        {
          "symbol": "USDC",
          "value": 656870688.2983577,
          "usdValue": 656739314.160698,
          "rate": -0.005040478817147187
        },
        {
          "symbol": "USDT",
          "value": 447568013.2432968,
          "usdValue": 447523256.4419727,
          "rate": -0.024565879809764525
        }
      ],
      "totalValue": 25166830894.238255,
      "totalRate": 0.013659160949976133,
      "totalInflow": 120020342.0711125,
      "mainStream": 24250163057.99141,
      "mainStreamRate": 0.0130706817,
      "blockChainList": [
        {
          "chainIndex": "0",
          "blockChain": "BTC",
          "logo": "https://static.oklink.com/cdn/explorer/admin/1686558172927.png",
          "lightLogo": "https://static.oklink.com/cdn/assets/imgs/2312/FF3843272D00C1E7.png"
        },
        {
          "chainIndex": "1",
          "blockChain": "ETH",
          "logo": "https://static.oklink.com/cdn/web3/currency/token/1706800365851.png/type=png_350_0",
          "lightLogo": "https://static.oklink.com/cdn/assets/imgs/2312/BEC6A727AB2BFAB0.png"
        },
        {
          "chainIndex": "3",
          "blockChain": "DOGE",
          "logo": "https://static.oklink.com/cdn/explorer/admin/1696651121774.png/type=png_350_0",
          "lightLogo": "https://static.oklink.com/cdn/assets/imgs/2312/A51191E954E8CDB0.png"
        },
        {
          "chainIndex": "5",
          "blockChain": "DASH",
          "logo": "https://static.oklink.com/cdn/explorer/oklinkmanage/picture/dash_logo.png",
          "lightLogo": "https://static.oklink.com/cdn/assets/imgs/2312/617C512B1BFB94E3.png"
        },
        {
          "chainIndex": "10",
          "blockChain": "OPTIMISM",
          "logo": "https://static.oklink.com/cdn/explorer/admin/1686557806497.png",
          "lightLogo": "https://static.oklink.com/cdn/assets/imgs/2312/FEE088C8C0C85D41.png"
        },
        {
          "chainIndex": "56",
          "blockChain": "BSC",
          "logo": "https://static.coinall.ltd/cdn/web3/currency/token/1742545358366.png/type=default_350_0",
          "lightLogo": "https://static.oklink.com/cdn/assets/imgs/2312/C415878C9255068A.png"
        },
        {
          "chainIndex": "61",
          "blockChain": "ETC",
          "logo": "https://static.oklink.com/cdn/explorer/admin/1686558153814.png",
          "lightLogo": "https://static.oklink.com/cdn/assets/imgs/2312/6A72CFE7ED04A323.png"
        },
        {
          "chainIndex": "66",
          "blockChain": "OKEXCHAIN",
          "logo": "https://static.oklink.com/cdn/explorer/admin/1686558023497.png",
          "lightLogo": "https://static.oklink.com/cdn/assets/imgs/248/9C557DC56E54B38B.png"
        },
        {
          "chainIndex": "118",
          "blockChain": "COSMOS",
          "logo": "https://static.oklink.com/cdn/explorer/admin/1687836948833.png",
          "lightLogo": "https://static.oklink.com/cdn/assets/imgs/2312/3C3C8CFB6272F3F0.png"
        },
        {
          "chainIndex": "130",
          "blockChain": "UNI",
          "logo": "https://static.coinall.ltd/cdn/web3/currency/token/1739948756142.png/type=default_350_0",
          "lightLogo": "https://static.coinall.ltd/cdn/web3/oklinkadmin/picture/b70c0371-541f-4a91-8718-f823a0d7f22c.png"
        },
        {
          "chainIndex": "137",
          "blockChain": "POLYGON",
          "logo": "https://static.oklink.com/cdn/web3/currency/token/1697556067799.png/type=png_350_0",
          "lightLogo": "https://static.oklink.com/cdn/assets/imgs/2312/DE31DC421B88956E.png"
        },
        {
          "chainIndex": "144",
          "blockChain": "RIPPLE",
          "logo": "https://static.oklink.com/cdn/explorer/currency/token/xrp-xrp-null.png",
          "lightLogo": "https://static.oklink.com/cdn/assets/imgs/256/5C30885514F56CA7.jpeg"
        },
        {
          "chainIndex": "145",
          "blockChain": "BCH",
          "logo": "https://static.oklink.com/cdn/explorer/oklinkmanage/picture/bch_logo.png",
          "lightLogo": "https://static.oklink.com/cdn/assets/imgs/2312/458634273CBF4081.png"
        },
        {
          "chainIndex": "195",
          "blockChain": "TRON",
          "logo": "https://static.oklink.com/cdn/explorer/admin/1686557723420.png",
          "lightLogo": "https://static.oklink.com/cdn/assets/imgs/2312/BB50612641974EC8.png"
        },
        {
          "chainIndex": "196",
          "blockChain": "X1",
          "logo": "https://static.oklink.com/cdn/web3/currency/token/1711680841142.png/type=png_350_0",
          "lightLogo": "https://static.oklink.com/cdn/assets/imgs/248/DD53323FFE842449.png"
        },
        {
          "chainIndex": "250",
          "blockChain": "FTM",
          "logo": "https://static.oklink.com/cdn/explorer/admin/1686558053632.png",
          "lightLogo": "https://static.oklink.com/cdn/assets/imgs/2312/D32DA4DEFB3AE885.png"
        },
        {
          "chainIndex": "324",
          "blockChain": "ZKSYNC",
          "logo": "https://static.oklink.com/cdn/explorer/admin/1686558413916.png",
          "lightLogo": "https://static.oklink.com/cdn/assets/imgs/2312/FA6C98D597C2904F.png"
        },
        {
          "chainIndex": "501",
          "blockChain": "SOLANA",
          "logo": "https://static.coinall.ltd/cdn/web3/currency/token/1715241932682.png/type=png_350_0",
          "lightLogo": "https://static.oklink.com/cdn/assets/imgs/2312/4CB5F5AE4EFA977F.png"
        },
        {
          "chainIndex": "607",
          "blockChain": "TON",
          "logo": "https://static.oklink.com/cdn/explorer/currency/token/ton-ton-null.png",
          "lightLogo": "https://static.oklink.com/cdn/assets/imgs/253/7E701E24F03351F5.png"
        },
        {
          "chainIndex": "637",
          "blockChain": "APT",
          "logo": "https://static.oklink.com/cdn/explorer/oklinkmanage/picture/apt_logo.png",
          "lightLogo": "https://static.oklink.com/cdn/assets/imgs/2312/422AA0B18303B28D.png"
        },
        {
          "chainIndex": "784",
          "blockChain": "SUI",
          "logo": "https://static.coinall.ltd/cdn/web3/currency/token/1742539825819.png/type=default_350_0",
          "lightLogo": "https://static.oklink.com/cdn/assets/imgs/2312/BA776B7B6DB7757E.png"
        },
        {
          "chainIndex": "2020",
          "blockChain": "RONIN",
          "logo": "https://static.oklink.com/cdn/explorer/admin/1689678241466.png",
          "lightLogo": "https://static.oklink.com/cdn/assets/imgs/2312/28CE3AB56BAAD113.png"
        },
        {
          "chainIndex": "8453",
          "blockChain": "BASE",
          "logo": "https://static.coinall.ltd/cdn/web3/currency/token/1736766709807.png/type=default_350_0",
          "lightLogo": "https://static.oklink.com/cdn/assets/imgs/2312/E8725CEE33D29668.png"
        },
        {
          "chainIndex": "9004",
          "blockChain": "STARKNET",
          "logo": "https://static.oklink.com/cdn/explorer/admin/1692864443638.jpeg",
          "lightLogo": "https://static.oklink.com/cdn/assets/imgs/2312/72CB729F05E52423.png"
        },
        {
          "chainIndex": "42161",
          "blockChain": "ARBITRUM",
          "logo": "https://static.oklink.com/cdn/explorer/admin/1686557510911.png",
          "lightLogo": "https://static.oklink.com/cdn/assets/imgs/2312/ED446CC74F2B3AFF.png"
        },
        {
          "chainIndex": "43114",
          "blockChain": "AVAXC",
          "logo": "https://static.oklink.com/cdn/explorer/admin/1686558223199.png",
          "lightLogo": "https://static.oklink.com/cdn/assets/imgs/2312/708CF2DEB0D08361.png"
        },
        {
          "chainIndex": "59144",
          "blockChain": "LINEA",
          "logo": "https://static.oklink.com/cdn/explorer/admin/1689947710844.jpeg",
          "lightLogo": "https://static.oklink.com/cdn/assets/imgs/2312/F91DD1A03FFFE65C.png"
        },
        {
          "chainIndex": "200901",
          "blockChain": "BITLAYER",
          "logo": "https://static.coinall.ltd/cdn/web3/currency/token/1715345047885.png/type=png_350_0",
          "lightLogo": "https://static.oklink.com/cdn/assets/imgs/253/DD3D1A690E0E941C.png"
        },
        {
          "chainIndex": "534352",
          "blockChain": "SCROLL",
          "logo": "https://static.oklink.com/cdn/explorer/admin/1697027635993.png/type=png_350_0",
          "lightLogo": "https://static.oklink.com/cdn/assets/imgs/2312/5FEBBFE08EB72E81.png"
        },
        {
          "chainIndex": "70000040",
          "blockChain": "BEACON",
          "logo": "https://static.oklink.com/cdn/explorer/admin/1695787224152.png/type=png_350_0",
          "lightLogo": "https://static.oklink.com/cdn/assets/imgs/2312/7C67A8F0BA627958.png"
        }
      ]
    },
    {
      "cexTag": "Bitfinex",
      "seoCexTag": "bitfinex",
      "cexLogo": "https://static.oklink.com/cdn/explorer/logo/cex/bitfinex.png",
      "symbolList": [
        {
          "symbol": "BTC",
          "value": 165407.70833989,
          "usdValue": 18849531626.997185,
          "rate": 0.004311338714052258
        },
        {
          "symbol": "ETH",
          "value": 336994.67674873484,
          "usdValue": 1454108440.5434158,
          "rate": -0.045424130142313036
        },
        {
          "symbol": "USDC",
          "value": 35488067.53235059,
          "usdValue": 35480969.91884414,
          "rate": -0.004108337725853014
        },
        {
          "symbol": "USDT",
          "value": 363599637.95582086,
          "usdValue": 363563277.9920253,
          "rate": -0.07381829710350099
        }
      ],
      "totalValue": 21229210579.880043,
      "totalRate": 0.004135336483240252,
      "totalInflow": -51813415.128987856,
      "mainStream": 20702684315.45147,
      "mainStreamRate": 0.0038747386,
      "blockChainList": [
        {
          "chainIndex": "0",
          "blockChain": "BTC",
          "logo": "https://static.oklink.com/cdn/explorer/admin/1686558172927.png",
          "lightLogo": "https://static.oklink.com/cdn/assets/imgs/2312/FF3843272D00C1E7.png"
        },
        {
          "chainIndex": "1",
          "blockChain": "ETH",
          "logo": "https://static.oklink.com/cdn/web3/currency/token/1706800365851.png/type=png_350_0",
          "lightLogo": "https://static.oklink.com/cdn/assets/imgs/2312/BEC6A727AB2BFAB0.png"
        },
        {
          "chainIndex": "2",
          "blockChain": "LTC",
          "logo": "https://static.oklink.com/cdn/explorer/oklinkmanage/picture/ltc_logo.png",
          "lightLogo": "https://static.oklink.com/cdn/assets/imgs/2312/A85D30C877AC3B16.png"
        },
        {
          "chainIndex": "5",
          "blockChain": "DASH",
          "logo": "https://static.oklink.com/cdn/explorer/oklinkmanage/picture/dash_logo.png",
          "lightLogo": "https://static.oklink.com/cdn/assets/imgs/2312/617C512B1BFB94E3.png"
        },
        {
          "chainIndex": "10",
          "blockChain": "OPTIMISM",
          "logo": "https://static.oklink.com/cdn/explorer/admin/1686557806497.png",
          "lightLogo": "https://static.oklink.com/cdn/assets/imgs/2312/FEE088C8C0C85D41.png"
        },
        {
          "chainIndex": "56",
          "blockChain": "BSC",
          "logo": "https://static.coinall.ltd/cdn/web3/currency/token/1742545358366.png/type=default_350_0",
          "lightLogo": "https://static.oklink.com/cdn/assets/imgs/2312/C415878C9255068A.png"
        },
        {
          "chainIndex": "61",
          "blockChain": "ETC",
          "logo": "https://static.oklink.com/cdn/explorer/admin/1686558153814.png",
          "lightLogo": "https://static.oklink.com/cdn/assets/imgs/2312/6A72CFE7ED04A323.png"
        },
        {
          "chainIndex": "66",
          "blockChain": "OKEXCHAIN",
          "logo": "https://static.oklink.com/cdn/explorer/admin/1686558023497.png",
          "lightLogo": "https://static.oklink.com/cdn/assets/imgs/248/9C557DC56E54B38B.png"
        },
        {
          "chainIndex": "118",
          "blockChain": "COSMOS",
          "logo": "https://static.oklink.com/cdn/explorer/admin/1687836948833.png",
          "lightLogo": "https://static.oklink.com/cdn/assets/imgs/2312/3C3C8CFB6272F3F0.png"
        },
        {
          "chainIndex": "137",
          "blockChain": "POLYGON",
          "logo": "https://static.oklink.com/cdn/web3/currency/token/1697556067799.png/type=png_350_0",
          "lightLogo": "https://static.oklink.com/cdn/assets/imgs/2312/DE31DC421B88956E.png"
        },
        {
          "chainIndex": "144",
          "blockChain": "RIPPLE",
          "logo": "https://static.oklink.com/cdn/explorer/currency/token/xrp-xrp-null.png",
          "lightLogo": "https://static.oklink.com/cdn/assets/imgs/256/5C30885514F56CA7.jpeg"
        },
        {
          "chainIndex": "145",
          "blockChain": "BCH",
          "logo": "https://static.oklink.com/cdn/explorer/oklinkmanage/picture/bch_logo.png",
          "lightLogo": "https://static.oklink.com/cdn/assets/imgs/2312/458634273CBF4081.png"
        },
        {
          "chainIndex": "195",
          "blockChain": "TRON",
          "logo": "https://static.oklink.com/cdn/explorer/admin/1686557723420.png",
          "lightLogo": "https://static.oklink.com/cdn/assets/imgs/2312/BB50612641974EC8.png"
        },
        {
          "chainIndex": "196",
          "blockChain": "X1",
          "logo": "https://static.oklink.com/cdn/web3/currency/token/1711680841142.png/type=png_350_0",
          "lightLogo": "https://static.oklink.com/cdn/assets/imgs/248/DD53323FFE842449.png"
        },
        {
          "chainIndex": "250",
          "blockChain": "FTM",
          "logo": "https://static.oklink.com/cdn/explorer/admin/1686558053632.png",
          "lightLogo": "https://static.oklink.com/cdn/assets/imgs/2312/D32DA4DEFB3AE885.png"
        },
        {
          "chainIndex": "324",
          "blockChain": "ZKSYNC",
          "logo": "https://static.oklink.com/cdn/explorer/admin/1686558413916.png",
          "lightLogo": "https://static.oklink.com/cdn/assets/imgs/2312/FA6C98D597C2904F.png"
        },
        {
          "chainIndex": "501",
          "blockChain": "SOLANA",
          "logo": "https://static.coinall.ltd/cdn/web3/currency/token/1715241932682.png/type=png_350_0",
          "lightLogo": "https://static.oklink.com/cdn/assets/imgs/2312/4CB5F5AE4EFA977F.png"
        },
        {
          "chainIndex": "607",
          "blockChain": "TON",
          "logo": "https://static.oklink.com/cdn/explorer/currency/token/ton-ton-null.png",
          "lightLogo": "https://static.oklink.com/cdn/assets/imgs/253/7E701E24F03351F5.png"
        },
        {
          "chainIndex": "637",
          "blockChain": "APT",
          "logo": "https://static.oklink.com/cdn/explorer/oklinkmanage/picture/apt_logo.png",
          "lightLogo": "https://static.oklink.com/cdn/assets/imgs/2312/422AA0B18303B28D.png"
        },
        {
          "chainIndex": "784",
          "blockChain": "SUI",
          "logo": "https://static.coinall.ltd/cdn/web3/currency/token/1742539825819.png/type=default_350_0",
          "lightLogo": "https://static.oklink.com/cdn/assets/imgs/2312/BA776B7B6DB7757E.png"
        },
        {
          "chainIndex": "2020",
          "blockChain": "RONIN",
          "logo": "https://static.oklink.com/cdn/explorer/admin/1689678241466.png",
          "lightLogo": "https://static.oklink.com/cdn/assets/imgs/2312/28CE3AB56BAAD113.png"
        },
        {
          "chainIndex": "8453",
          "blockChain": "BASE",
          "logo": "https://static.coinall.ltd/cdn/web3/currency/token/1736766709807.png/type=default_350_0",
          "lightLogo": "https://static.oklink.com/cdn/assets/imgs/2312/E8725CEE33D29668.png"
        },
        {
          "chainIndex": "42161",
          "blockChain": "ARBITRUM",
          "logo": "https://static.oklink.com/cdn/explorer/admin/1686557510911.png",
          "lightLogo": "https://static.oklink.com/cdn/assets/imgs/2312/ED446CC74F2B3AFF.png"
        },
        {
          "chainIndex": "43114",
          "blockChain": "AVAXC",
          "logo": "https://static.oklink.com/cdn/explorer/admin/1686558223199.png",
          "lightLogo": "https://static.oklink.com/cdn/assets/imgs/2312/708CF2DEB0D08361.png"
        },
        {
          "chainIndex": "59144",
          "blockChain": "LINEA",
          "logo": "https://static.oklink.com/cdn/explorer/admin/1689947710844.jpeg",
          "lightLogo": "https://static.oklink.com/cdn/assets/imgs/2312/F91DD1A03FFFE65C.png"
        },
        {
          "chainIndex": "200901",
          "blockChain": "BITLAYER",
          "logo": "https://static.coinall.ltd/cdn/web3/currency/token/1715345047885.png/type=png_350_0",
          "lightLogo": "https://static.oklink.com/cdn/assets/imgs/253/DD3D1A690E0E941C.png"
        },
        {
          "chainIndex": "534352",
          "blockChain": "SCROLL",
          "logo": "https://static.oklink.com/cdn/explorer/admin/1697027635993.png/type=png_350_0",
          "lightLogo": "https://static.oklink.com/cdn/assets/imgs/2312/5FEBBFE08EB72E81.png"
        }
      ]
    },
    {
      "cexTag": "Bybit",
      "seoCexTag": "bybit",
      "cexLogo": "https://static.oklink.com/cdn/explorer/logo/cex/bybit.png",
      "symbolList": [
        {
          "symbol": "USDT",
          "value": 4574191188.659143,
          "usdValue": 4573733769.540305,
          "rate": -0.028692416969187087
        },
        {
          "symbol": "USDC",
          "value": 442687687.9132015,
          "usdValue": 442599150.5460562,
          "rate": -0.014397060372619012
        },
        {
          "symbol": "ETH",
          "value": 578392.8392427522,
          "usdValue": 2495724613.8337407,
          "rate": 0.009426283250363068
        },
        {
          "symbol": "BTC",
          "value": 67742.00037375044,
          "usdValue": 7719742878.59177,
          "rate": 0.005903112344117488
        }
      ],
      "totalValue": 20278098013.53682,
      "totalRate": 0.001503321467759624,
      "totalInflow": -54696650.21054956,
      "mainStream": 15231800412.511871,
      "mainStreamRate": 0.0017136483,
      "blockChainList": [
        {
          "chainIndex": "0",
          "blockChain": "BTC",
          "logo": "https://static.oklink.com/cdn/explorer/admin/1686558172927.png",
          "lightLogo": "https://static.oklink.com/cdn/assets/imgs/2312/FF3843272D00C1E7.png"
        },
        {
          "chainIndex": "1",
          "blockChain": "ETH",
          "logo": "https://static.oklink.com/cdn/web3/currency/token/1706800365851.png/type=png_350_0",
          "lightLogo": "https://static.oklink.com/cdn/assets/imgs/2312/BEC6A727AB2BFAB0.png"
        },
        {
          "chainIndex": "2",
          "blockChain": "LTC",
          "logo": "https://static.oklink.com/cdn/explorer/oklinkmanage/picture/ltc_logo.png",
          "lightLogo": "https://static.oklink.com/cdn/assets/imgs/2312/A85D30C877AC3B16.png"
        },
        {
          "chainIndex": "3",
          "blockChain": "DOGE",
          "logo": "https://static.oklink.com/cdn/explorer/admin/1696651121774.png/type=png_350_0",
          "lightLogo": "https://static.oklink.com/cdn/assets/imgs/2312/A51191E954E8CDB0.png"
        },
        {
          "chainIndex": "10",
          "blockChain": "OPTIMISM",
          "logo": "https://static.oklink.com/cdn/explorer/admin/1686557806497.png",
          "lightLogo": "https://static.oklink.com/cdn/assets/imgs/2312/FEE088C8C0C85D41.png"
        },
        {
          "chainIndex": "56",
          "blockChain": "BSC",
          "logo": "https://static.coinall.ltd/cdn/web3/currency/token/1742545358366.png/type=default_350_0",
          "lightLogo": "https://static.oklink.com/cdn/assets/imgs/2312/C415878C9255068A.png"
        },
        {
          "chainIndex": "61",
          "blockChain": "ETC",
          "logo": "https://static.oklink.com/cdn/explorer/admin/1686558153814.png",
          "lightLogo": "https://static.oklink.com/cdn/assets/imgs/2312/6A72CFE7ED04A323.png"
        },
        {
          "chainIndex": "66",
          "blockChain": "OKEXCHAIN",
          "logo": "https://static.oklink.com/cdn/explorer/admin/1686558023497.png",
          "lightLogo": "https://static.oklink.com/cdn/assets/imgs/248/9C557DC56E54B38B.png"
        },
        {
          "chainIndex": "118",
          "blockChain": "COSMOS",
          "logo": "https://static.oklink.com/cdn/explorer/admin/1687836948833.png",
          "lightLogo": "https://static.oklink.com/cdn/assets/imgs/2312/3C3C8CFB6272F3F0.png"
        },
        {
          "chainIndex": "130",
          "blockChain": "UNI",
          "logo": "https://static.coinall.ltd/cdn/web3/currency/token/1739948756142.png/type=default_350_0",
          "lightLogo": "https://static.coinall.ltd/cdn/web3/oklinkadmin/picture/b70c0371-541f-4a91-8718-f823a0d7f22c.png"
        },
        {
          "chainIndex": "137",
          "blockChain": "POLYGON",
          "logo": "https://static.oklink.com/cdn/web3/currency/token/1697556067799.png/type=png_350_0",
          "lightLogo": "https://static.oklink.com/cdn/assets/imgs/2312/DE31DC421B88956E.png"
        },
        {
          "chainIndex": "144",
          "blockChain": "RIPPLE",
          "logo": "https://static.oklink.com/cdn/explorer/currency/token/xrp-xrp-null.png",
          "lightLogo": "https://static.oklink.com/cdn/assets/imgs/256/5C30885514F56CA7.jpeg"
        },
        {
          "chainIndex": "145",
          "blockChain": "BCH",
          "logo": "https://static.oklink.com/cdn/explorer/oklinkmanage/picture/bch_logo.png",
          "lightLogo": "https://static.oklink.com/cdn/assets/imgs/2312/458634273CBF4081.png"
        },
        {
          "chainIndex": "195",
          "blockChain": "TRON",
          "logo": "https://static.oklink.com/cdn/explorer/admin/1686557723420.png",
          "lightLogo": "https://static.oklink.com/cdn/assets/imgs/2312/BB50612641974EC8.png"
        },
        {
          "chainIndex": "196",
          "blockChain": "X1",
          "logo": "https://static.oklink.com/cdn/web3/currency/token/1711680841142.png/type=png_350_0",
          "lightLogo": "https://static.oklink.com/cdn/assets/imgs/248/DD53323FFE842449.png"
        },
        {
          "chainIndex": "250",
          "blockChain": "FTM",
          "logo": "https://static.oklink.com/cdn/explorer/admin/1686558053632.png",
          "lightLogo": "https://static.oklink.com/cdn/assets/imgs/2312/D32DA4DEFB3AE885.png"
        },
        {
          "chainIndex": "324",
          "blockChain": "ZKSYNC",
          "logo": "https://static.oklink.com/cdn/explorer/admin/1686558413916.png",
          "lightLogo": "https://static.oklink.com/cdn/assets/imgs/2312/FA6C98D597C2904F.png"
        },
        {
          "chainIndex": "501",
          "blockChain": "SOLANA",
          "logo": "https://static.coinall.ltd/cdn/web3/currency/token/1715241932682.png/type=png_350_0",
          "lightLogo": "https://static.oklink.com/cdn/assets/imgs/2312/4CB5F5AE4EFA977F.png"
        },
        {
          "chainIndex": "607",
          "blockChain": "TON",
          "logo": "https://static.oklink.com/cdn/explorer/currency/token/ton-ton-null.png",
          "lightLogo": "https://static.oklink.com/cdn/assets/imgs/253/7E701E24F03351F5.png"
        },
        {
          "chainIndex": "637",
          "blockChain": "APT",
          "logo": "https://static.oklink.com/cdn/explorer/oklinkmanage/picture/apt_logo.png",
          "lightLogo": "https://static.oklink.com/cdn/assets/imgs/2312/422AA0B18303B28D.png"
        },
        {
          "chainIndex": "784",
          "blockChain": "SUI",
          "logo": "https://static.coinall.ltd/cdn/web3/currency/token/1742539825819.png/type=default_350_0",
          "lightLogo": "https://static.oklink.com/cdn/assets/imgs/2312/BA776B7B6DB7757E.png"
        },
        {
          "chainIndex": "2020",
          "blockChain": "RONIN",
          "logo": "https://static.oklink.com/cdn/explorer/admin/1689678241466.png",
          "lightLogo": "https://static.oklink.com/cdn/assets/imgs/2312/28CE3AB56BAAD113.png"
        },
        {
          "chainIndex": "8453",
          "blockChain": "BASE",
          "logo": "https://static.coinall.ltd/cdn/web3/currency/token/1736766709807.png/type=default_350_0",
          "lightLogo": "https://static.oklink.com/cdn/assets/imgs/2312/E8725CEE33D29668.png"
        },
        {
          "chainIndex": "9004",
          "blockChain": "STARKNET",
          "logo": "https://static.oklink.com/cdn/explorer/admin/1692864443638.jpeg",
          "lightLogo": "https://static.oklink.com/cdn/assets/imgs/2312/72CB729F05E52423.png"
        },
        {
          "chainIndex": "42161",
          "blockChain": "ARBITRUM",
          "logo": "https://static.oklink.com/cdn/explorer/admin/1686557510911.png",
          "lightLogo": "https://static.oklink.com/cdn/assets/imgs/2312/ED446CC74F2B3AFF.png"
        },
        {
          "chainIndex": "43114",
          "blockChain": "AVAXC",
          "logo": "https://static.oklink.com/cdn/explorer/admin/1686558223199.png",
          "lightLogo": "https://static.oklink.com/cdn/assets/imgs/2312/708CF2DEB0D08361.png"
        },
        {
          "chainIndex": "59144",
          "blockChain": "LINEA",
          "logo": "https://static.oklink.com/cdn/explorer/admin/1689947710844.jpeg",
          "lightLogo": "https://static.oklink.com/cdn/assets/imgs/2312/F91DD1A03FFFE65C.png"
        },
        {
          "chainIndex": "200901",
          "blockChain": "BITLAYER",
          "logo": "https://static.coinall.ltd/cdn/web3/currency/token/1715345047885.png/type=png_350_0",
          "lightLogo": "https://static.oklink.com/cdn/assets/imgs/253/DD3D1A690E0E941C.png"
        },
        {
          "chainIndex": "534352",
          "blockChain": "SCROLL",
          "logo": "https://static.oklink.com/cdn/explorer/admin/1697027635993.png/type=png_350_0",
          "lightLogo": "https://static.oklink.com/cdn/assets/imgs/2312/5FEBBFE08EB72E81.png"
        }
      ]
    },
    {
      "cexTag": "Crypto.com",
      "seoCexTag": "crypto-com",
      "cexLogo": "https://static.oklink.com/cdn/explorer/logo/cex/crypto.com.png",
      "symbolList": [
        {
          "symbol": "USDC",
          "value": 356125360.86651963,
          "usdValue": 356054136.0373235,
          "rate": -0.01460436978336695
        },
        {
          "symbol": "USDT",
          "value": 209049710.17364392,
          "usdValue": 209028805.20262662,
          "rate": 0.007823074380122419
        },
        {
          "symbol": "BTC",
          "value": 25255.08875031,
          "usdValue": 2878019403.807827,
          "rate": 0.017137828414652456
        },
        {
          "symbol": "ETH",
          "value": 255850.62541592694,
          "usdValue": 1103977539.125948,
          "rate": 0.019486104025493348
        }
      ],
      "totalValue": 5916402505.333504,
      "totalRate": 0.026358860926227703,
      "totalInflow": 60739892.67630934,
      "mainStream": 4547079884.173725,
      "mainStreamRate": 0.024082035,
      "blockChainList": [
        {
          "chainIndex": "0",
          "blockChain": "BTC",
          "logo": "https://static.oklink.com/cdn/explorer/admin/1686558172927.png",
          "lightLogo": "https://static.oklink.com/cdn/assets/imgs/2312/FF3843272D00C1E7.png"
        },
        {
          "chainIndex": "1",
          "blockChain": "ETH",
          "logo": "https://static.oklink.com/cdn/web3/currency/token/1706800365851.png/type=png_350_0",
          "lightLogo": "https://static.oklink.com/cdn/assets/imgs/2312/BEC6A727AB2BFAB0.png"
        },
        {
          "chainIndex": "2",
          "blockChain": "LTC",
          "logo": "https://static.oklink.com/cdn/explorer/oklinkmanage/picture/ltc_logo.png",
          "lightLogo": "https://static.oklink.com/cdn/assets/imgs/2312/A85D30C877AC3B16.png"
        },
        {
          "chainIndex": "3",
          "blockChain": "DOGE",
          "logo": "https://static.oklink.com/cdn/explorer/admin/1696651121774.png/type=png_350_0",
          "lightLogo": "https://static.oklink.com/cdn/assets/imgs/2312/A51191E954E8CDB0.png"
        },
        {
          "chainIndex": "10",
          "blockChain": "OPTIMISM",
          "logo": "https://static.oklink.com/cdn/explorer/admin/1686557806497.png",
          "lightLogo": "https://static.oklink.com/cdn/assets/imgs/2312/FEE088C8C0C85D41.png"
        },
        {
          "chainIndex": "56",
          "blockChain": "BSC",
          "logo": "https://static.coinall.ltd/cdn/web3/currency/token/1742545358366.png/type=default_350_0",
          "lightLogo": "https://static.oklink.com/cdn/assets/imgs/2312/C415878C9255068A.png"
        },
        {
          "chainIndex": "61",
          "blockChain": "ETC",
          "logo": "https://static.oklink.com/cdn/explorer/admin/1686558153814.png",
          "lightLogo": "https://static.oklink.com/cdn/assets/imgs/2312/6A72CFE7ED04A323.png"
        },
        {
          "chainIndex": "66",
          "blockChain": "OKEXCHAIN",
          "logo": "https://static.oklink.com/cdn/explorer/admin/1686558023497.png",
          "lightLogo": "https://static.oklink.com/cdn/assets/imgs/248/9C557DC56E54B38B.png"
        },
        {
          "chainIndex": "118",
          "blockChain": "COSMOS",
          "logo": "https://static.oklink.com/cdn/explorer/admin/1687836948833.png",
          "lightLogo": "https://static.oklink.com/cdn/assets/imgs/2312/3C3C8CFB6272F3F0.png"
        },
        {
          "chainIndex": "130",
          "blockChain": "UNI",
          "logo": "https://static.coinall.ltd/cdn/web3/currency/token/1739948756142.png/type=default_350_0",
          "lightLogo": "https://static.coinall.ltd/cdn/web3/oklinkadmin/picture/b70c0371-541f-4a91-8718-f823a0d7f22c.png"
        },
        {
          "chainIndex": "137",
          "blockChain": "POLYGON",
          "logo": "https://static.oklink.com/cdn/web3/currency/token/1697556067799.png/type=png_350_0",
          "lightLogo": "https://static.oklink.com/cdn/assets/imgs/2312/DE31DC421B88956E.png"
        },
        {
          "chainIndex": "144",
          "blockChain": "RIPPLE",
          "logo": "https://static.oklink.com/cdn/explorer/currency/token/xrp-xrp-null.png",
          "lightLogo": "https://static.oklink.com/cdn/assets/imgs/256/5C30885514F56CA7.jpeg"
        },
        {
          "chainIndex": "145",
          "blockChain": "BCH",
          "logo": "https://static.oklink.com/cdn/explorer/oklinkmanage/picture/bch_logo.png",
          "lightLogo": "https://static.oklink.com/cdn/assets/imgs/2312/458634273CBF4081.png"
        },
        {
          "chainIndex": "196",
          "blockChain": "X1",
          "logo": "https://static.oklink.com/cdn/web3/currency/token/1711680841142.png/type=png_350_0",
          "lightLogo": "https://static.oklink.com/cdn/assets/imgs/248/DD53323FFE842449.png"
        },
        {
          "chainIndex": "250",
          "blockChain": "FTM",
          "logo": "https://static.oklink.com/cdn/explorer/admin/1686558053632.png",
          "lightLogo": "https://static.oklink.com/cdn/assets/imgs/2312/D32DA4DEFB3AE885.png"
        },
        {
          "chainIndex": "324",
          "blockChain": "ZKSYNC",
          "logo": "https://static.oklink.com/cdn/explorer/admin/1686558413916.png",
          "lightLogo": "https://static.oklink.com/cdn/assets/imgs/2312/FA6C98D597C2904F.png"
        },
        {
          "chainIndex": "501",
          "blockChain": "SOLANA",
          "logo": "https://static.coinall.ltd/cdn/web3/currency/token/1715241932682.png/type=png_350_0",
          "lightLogo": "https://static.oklink.com/cdn/assets/imgs/2312/4CB5F5AE4EFA977F.png"
        },
        {
          "chainIndex": "607",
          "blockChain": "TON",
          "logo": "https://static.oklink.com/cdn/explorer/currency/token/ton-ton-null.png",
          "lightLogo": "https://static.oklink.com/cdn/assets/imgs/253/7E701E24F03351F5.png"
        },
        {
          "chainIndex": "637",
          "blockChain": "APT",
          "logo": "https://static.oklink.com/cdn/explorer/oklinkmanage/picture/apt_logo.png",
          "lightLogo": "https://static.oklink.com/cdn/assets/imgs/2312/422AA0B18303B28D.png"
        },
        {
          "chainIndex": "784",
          "blockChain": "SUI",
          "logo": "https://static.coinall.ltd/cdn/web3/currency/token/1742539825819.png/type=default_350_0",
          "lightLogo": "https://static.oklink.com/cdn/assets/imgs/2312/BA776B7B6DB7757E.png"
        },
        {
          "chainIndex": "2020",
          "blockChain": "RONIN",
          "logo": "https://static.oklink.com/cdn/explorer/admin/1689678241466.png",
          "lightLogo": "https://static.oklink.com/cdn/assets/imgs/2312/28CE3AB56BAAD113.png"
        },
        {
          "chainIndex": "8453",
          "blockChain": "BASE",
          "logo": "https://static.coinall.ltd/cdn/web3/currency/token/1736766709807.png/type=default_350_0",
          "lightLogo": "https://static.oklink.com/cdn/assets/imgs/2312/E8725CEE33D29668.png"
        },
        {
          "chainIndex": "9004",
          "blockChain": "STARKNET",
          "logo": "https://static.oklink.com/cdn/explorer/admin/1692864443638.jpeg",
          "lightLogo": "https://static.oklink.com/cdn/assets/imgs/2312/72CB729F05E52423.png"
        },
        {
          "chainIndex": "42161",
          "blockChain": "ARBITRUM",
          "logo": "https://static.oklink.com/cdn/explorer/admin/1686557510911.png",
          "lightLogo": "https://static.oklink.com/cdn/assets/imgs/2312/ED446CC74F2B3AFF.png"
        },
        {
          "chainIndex": "43114",
          "blockChain": "AVAXC",
          "logo": "https://static.oklink.com/cdn/explorer/admin/1686558223199.png",
          "lightLogo": "https://static.oklink.com/cdn/assets/imgs/2312/708CF2DEB0D08361.png"
        },
        {
          "chainIndex": "59144",
          "blockChain": "LINEA",
          "logo": "https://static.oklink.com/cdn/explorer/admin/1689947710844.jpeg",
          "lightLogo": "https://static.oklink.com/cdn/assets/imgs/2312/F91DD1A03FFFE65C.png"
        },
        {
          "chainIndex": "534352",
          "blockChain": "SCROLL",
          "logo": "https://static.oklink.com/cdn/explorer/admin/1697027635993.png/type=png_350_0",
          "lightLogo": "https://static.oklink.com/cdn/assets/imgs/2312/5FEBBFE08EB72E81.png"
        },
        {
          "chainIndex": "70000040",
          "blockChain": "BEACON",
          "logo": "https://static.oklink.com/cdn/explorer/admin/1695787224152.png/type=png_350_0",
          "lightLogo": "https://static.oklink.com/cdn/assets/imgs/2312/7C67A8F0BA627958.png"
        }
      ]
    },
    {
      "cexTag": "Bitget",
      "seoCexTag": "bitget",
      "cexLogo": "https://static.oklink.com/cdn/assets/imgs/2312/2B61D75C2B0859C4.jpeg",
      "symbolList": [
        {
          "symbol": "BTC",
          "value": 14752.29006443,
          "usdValue": 1681141471.162314,
          "rate": 0.002259216878432426
        },
        {
          "symbol": "USDT",
          "value": 1469600041.177352,
          "usdValue": 1469453081.173235,
          "rate": 0.015361378457651474
        },
        {
          "symbol": "USDC",
          "value": 151625302.13977486,
          "usdValue": 151594977.1007157,
          "rate": 0.046258006053921205
        },
        {
          "symbol": "ETH",
          "value": 284823.9727394777,
          "usdValue": 1228995504.6927567,
          "rate": -0.007408297452684553
        }
      ],
      "totalValue": 5024693558.4129095,
      "totalRate": 0.014824410559489786,
      "totalInflow": 19817915.05581387,
      "mainStream": 4531185034.129022,
      "mainStreamRate": 0.0174837609,
      "blockChainList": [
        {
          "chainIndex": "0",
          "blockChain": "BTC",
          "logo": "https://static.oklink.com/cdn/explorer/admin/1686558172927.png",
          "lightLogo": "https://static.oklink.com/cdn/assets/imgs/2312/FF3843272D00C1E7.png"
        },
        {
          "chainIndex": "1",
          "blockChain": "ETH",
          "logo": "https://static.oklink.com/cdn/web3/currency/token/1706800365851.png/type=png_350_0",
          "lightLogo": "https://static.oklink.com/cdn/assets/imgs/2312/BEC6A727AB2BFAB0.png"
        },
        {
          "chainIndex": "2",
          "blockChain": "LTC",
          "logo": "https://static.oklink.com/cdn/explorer/oklinkmanage/picture/ltc_logo.png",
          "lightLogo": "https://static.oklink.com/cdn/assets/imgs/2312/A85D30C877AC3B16.png"
        },
        {
          "chainIndex": "3",
          "blockChain": "DOGE",
          "logo": "https://static.oklink.com/cdn/explorer/admin/1696651121774.png/type=png_350_0",
          "lightLogo": "https://static.oklink.com/cdn/assets/imgs/2312/A51191E954E8CDB0.png"
        },
        {
          "chainIndex": "10",
          "blockChain": "OPTIMISM",
          "logo": "https://static.oklink.com/cdn/explorer/admin/1686557806497.png",
          "lightLogo": "https://static.oklink.com/cdn/assets/imgs/2312/FEE088C8C0C85D41.png"
        },
        {
          "chainIndex": "56",
          "blockChain": "BSC",
          "logo": "https://static.coinall.ltd/cdn/web3/currency/token/1742545358366.png/type=default_350_0",
          "lightLogo": "https://static.oklink.com/cdn/assets/imgs/2312/C415878C9255068A.png"
        },
        {
          "chainIndex": "61",
          "blockChain": "ETC",
          "logo": "https://static.oklink.com/cdn/explorer/admin/1686558153814.png",
          "lightLogo": "https://static.oklink.com/cdn/assets/imgs/2312/6A72CFE7ED04A323.png"
        },
        {
          "chainIndex": "66",
          "blockChain": "OKEXCHAIN",
          "logo": "https://static.oklink.com/cdn/explorer/admin/1686558023497.png",
          "lightLogo": "https://static.oklink.com/cdn/assets/imgs/248/9C557DC56E54B38B.png"
        },
        {
          "chainIndex": "118",
          "blockChain": "COSMOS",
          "logo": "https://static.oklink.com/cdn/explorer/admin/1687836948833.png",
          "lightLogo": "https://static.oklink.com/cdn/assets/imgs/2312/3C3C8CFB6272F3F0.png"
        },
        {
          "chainIndex": "130",
          "blockChain": "UNI",
          "logo": "https://static.coinall.ltd/cdn/web3/currency/token/1739948756142.png/type=default_350_0",
          "lightLogo": "https://static.coinall.ltd/cdn/web3/oklinkadmin/picture/b70c0371-541f-4a91-8718-f823a0d7f22c.png"
        },
        {
          "chainIndex": "137",
          "blockChain": "POLYGON",
          "logo": "https://static.oklink.com/cdn/web3/currency/token/1697556067799.png/type=png_350_0",
          "lightLogo": "https://static.oklink.com/cdn/assets/imgs/2312/DE31DC421B88956E.png"
        },
        {
          "chainIndex": "144",
          "blockChain": "RIPPLE",
          "logo": "https://static.oklink.com/cdn/explorer/currency/token/xrp-xrp-null.png",
          "lightLogo": "https://static.oklink.com/cdn/assets/imgs/256/5C30885514F56CA7.jpeg"
        },
        {
          "chainIndex": "145",
          "blockChain": "BCH",
          "logo": "https://static.oklink.com/cdn/explorer/oklinkmanage/picture/bch_logo.png",
          "lightLogo": "https://static.oklink.com/cdn/assets/imgs/2312/458634273CBF4081.png"
        },
        {
          "chainIndex": "195",
          "blockChain": "TRON",
          "logo": "https://static.oklink.com/cdn/explorer/admin/1686557723420.png",
          "lightLogo": "https://static.oklink.com/cdn/assets/imgs/2312/BB50612641974EC8.png"
        },
        {
          "chainIndex": "196",
          "blockChain": "X1",
          "logo": "https://static.oklink.com/cdn/web3/currency/token/1711680841142.png/type=png_350_0",
          "lightLogo": "https://static.oklink.com/cdn/assets/imgs/248/DD53323FFE842449.png"
        },
        {
          "chainIndex": "250",
          "blockChain": "FTM",
          "logo": "https://static.oklink.com/cdn/explorer/admin/1686558053632.png",
          "lightLogo": "https://static.oklink.com/cdn/assets/imgs/2312/D32DA4DEFB3AE885.png"
        },
        {
          "chainIndex": "324",
          "blockChain": "ZKSYNC",
          "logo": "https://static.oklink.com/cdn/explorer/admin/1686558413916.png",
          "lightLogo": "https://static.oklink.com/cdn/assets/imgs/2312/FA6C98D597C2904F.png"
        },
        {
          "chainIndex": "501",
          "blockChain": "SOLANA",
          "logo": "https://static.coinall.ltd/cdn/web3/currency/token/1715241932682.png/type=png_350_0",
          "lightLogo": "https://static.oklink.com/cdn/assets/imgs/2312/4CB5F5AE4EFA977F.png"
        },
        {
          "chainIndex": "607",
          "blockChain": "TON",
          "logo": "https://static.oklink.com/cdn/explorer/currency/token/ton-ton-null.png",
          "lightLogo": "https://static.oklink.com/cdn/assets/imgs/253/7E701E24F03351F5.png"
        },
        {
          "chainIndex": "637",
          "blockChain": "APT",
          "logo": "https://static.oklink.com/cdn/explorer/oklinkmanage/picture/apt_logo.png",
          "lightLogo": "https://static.oklink.com/cdn/assets/imgs/2312/422AA0B18303B28D.png"
        },
        {
          "chainIndex": "784",
          "blockChain": "SUI",
          "logo": "https://static.coinall.ltd/cdn/web3/currency/token/1742539825819.png/type=default_350_0",
          "lightLogo": "https://static.oklink.com/cdn/assets/imgs/2312/BA776B7B6DB7757E.png"
        },
        {
          "chainIndex": "2020",
          "blockChain": "RONIN",
          "logo": "https://static.oklink.com/cdn/explorer/admin/1689678241466.png",
          "lightLogo": "https://static.oklink.com/cdn/assets/imgs/2312/28CE3AB56BAAD113.png"
        },
        {
          "chainIndex": "8453",
          "blockChain": "BASE",
          "logo": "https://static.coinall.ltd/cdn/web3/currency/token/1736766709807.png/type=default_350_0",
          "lightLogo": "https://static.oklink.com/cdn/assets/imgs/2312/E8725CEE33D29668.png"
        },
        {
          "chainIndex": "9004",
          "blockChain": "STARKNET",
          "logo": "https://static.oklink.com/cdn/explorer/admin/1692864443638.jpeg",
          "lightLogo": "https://static.oklink.com/cdn/assets/imgs/2312/72CB729F05E52423.png"
        },
        {
          "chainIndex": "42161",
          "blockChain": "ARBITRUM",
          "logo": "https://static.oklink.com/cdn/explorer/admin/1686557510911.png",
          "lightLogo": "https://static.oklink.com/cdn/assets/imgs/2312/ED446CC74F2B3AFF.png"
        },
        {
          "chainIndex": "43114",
          "blockChain": "AVAXC",
          "logo": "https://static.oklink.com/cdn/explorer/admin/1686558223199.png",
          "lightLogo": "https://static.oklink.com/cdn/assets/imgs/2312/708CF2DEB0D08361.png"
        },
        {
          "chainIndex": "59144",
          "blockChain": "LINEA",
          "logo": "https://static.oklink.com/cdn/explorer/admin/1689947710844.jpeg",
          "lightLogo": "https://static.oklink.com/cdn/assets/imgs/2312/F91DD1A03FFFE65C.png"
        },
        {
          "chainIndex": "200901",
          "blockChain": "BITLAYER",
          "logo": "https://static.coinall.ltd/cdn/web3/currency/token/1715345047885.png/type=png_350_0",
          "lightLogo": "https://static.oklink.com/cdn/assets/imgs/253/DD3D1A690E0E941C.png"
        },
        {
          "chainIndex": "534352",
          "blockChain": "SCROLL",
          "logo": "https://static.oklink.com/cdn/explorer/admin/1697027635993.png/type=png_350_0",
          "lightLogo": "https://static.oklink.com/cdn/assets/imgs/2312/5FEBBFE08EB72E81.png"
        },
        {
          "chainIndex": "70000040",
          "blockChain": "BEACON",
          "logo": "https://static.oklink.com/cdn/explorer/admin/1695787224152.png/type=png_350_0",
          "lightLogo": "https://static.oklink.com/cdn/assets/imgs/2312/7C67A8F0BA627958.png"
        }
      ]
    },
    {
      "cexTag": "Deribit",
      "seoCexTag": "deribit",
      "cexLogo": "https://static.oklink.com/cdn/explorer/logo/cex/derbit.png",
      "symbolList": [
        {
          "symbol": "BTC",
          "value": 33899.87289833001,
          "usdValue": 3863161715.7478905,
          "rate": -0.0026205229619920105
        },
        {
          "symbol": "ETH",
          "value": 204252.53108530646,
          "usdValue": 881335373.9559213,
          "rate": 0.0005038745005094947
        },
        {
          "symbol": "USDT",
          "value": 33006707.085639406,
          "usdValue": 33003406.414930843,
          "rate": -0.05891494097090975
        },
        {
          "symbol": "USDC",
          "value": 14670656.033932999,
          "usdValue": 14667721.902726213,
          "rate": 0.2990524790707482
        }
      ],
      "totalValue": 4821813609.8776,
      "totalRate": 0.005988071904072038,
      "totalInflow": -11511724.055465946,
      "mainStream": 4792168218.021469,
      "mainStreamRate": 0.0046376805,
      "blockChainList": [
        {
          "chainIndex": "0",
          "blockChain": "BTC",
          "logo": "https://static.oklink.com/cdn/explorer/admin/1686558172927.png",
          "lightLogo": "https://static.oklink.com/cdn/assets/imgs/2312/FF3843272D00C1E7.png"
        },
        {
          "chainIndex": "1",
          "blockChain": "ETH",
          "logo": "https://static.oklink.com/cdn/web3/currency/token/1706800365851.png/type=png_350_0",
          "lightLogo": "https://static.oklink.com/cdn/assets/imgs/2312/BEC6A727AB2BFAB0.png"
        },
        {
          "chainIndex": "10",
          "blockChain": "OPTIMISM",
          "logo": "https://static.oklink.com/cdn/explorer/admin/1686557806497.png",
          "lightLogo": "https://static.oklink.com/cdn/assets/imgs/2312/FEE088C8C0C85D41.png"
        },
        {
          "chainIndex": "56",
          "blockChain": "BSC",
          "logo": "https://static.coinall.ltd/cdn/web3/currency/token/1742545358366.png/type=default_350_0",
          "lightLogo": "https://static.oklink.com/cdn/assets/imgs/2312/C415878C9255068A.png"
        },
        {
          "chainIndex": "61",
          "blockChain": "ETC",
          "logo": "https://static.oklink.com/cdn/explorer/admin/1686558153814.png",
          "lightLogo": "https://static.oklink.com/cdn/assets/imgs/2312/6A72CFE7ED04A323.png"
        },
        {
          "chainIndex": "137",
          "blockChain": "POLYGON",
          "logo": "https://static.oklink.com/cdn/web3/currency/token/1697556067799.png/type=png_350_0",
          "lightLogo": "https://static.oklink.com/cdn/assets/imgs/2312/DE31DC421B88956E.png"
        },
        {
          "chainIndex": "144",
          "blockChain": "RIPPLE",
          "logo": "https://static.oklink.com/cdn/explorer/currency/token/xrp-xrp-null.png",
          "lightLogo": "https://static.oklink.com/cdn/assets/imgs/256/5C30885514F56CA7.jpeg"
        },
        {
          "chainIndex": "324",
          "blockChain": "ZKSYNC",
          "logo": "https://static.oklink.com/cdn/explorer/admin/1686558413916.png",
          "lightLogo": "https://static.oklink.com/cdn/assets/imgs/2312/FA6C98D597C2904F.png"
        },
        {
          "chainIndex": "501",
          "blockChain": "SOLANA",
          "logo": "https://static.coinall.ltd/cdn/web3/currency/token/1715241932682.png/type=png_350_0",
          "lightLogo": "https://static.oklink.com/cdn/assets/imgs/2312/4CB5F5AE4EFA977F.png"
        },
        {
          "chainIndex": "8453",
          "blockChain": "BASE",
          "logo": "https://static.coinall.ltd/cdn/web3/currency/token/1736766709807.png/type=default_350_0",
          "lightLogo": "https://static.oklink.com/cdn/assets/imgs/2312/E8725CEE33D29668.png"
        },
        {
          "chainIndex": "42161",
          "blockChain": "ARBITRUM",
          "logo": "https://static.oklink.com/cdn/explorer/admin/1686557510911.png",
          "lightLogo": "https://static.oklink.com/cdn/assets/imgs/2312/ED446CC74F2B3AFF.png"
        },
        {
          "chainIndex": "43114",
          "blockChain": "AVAXC",
          "logo": "https://static.oklink.com/cdn/explorer/admin/1686558223199.png",
          "lightLogo": "https://static.oklink.com/cdn/assets/imgs/2312/708CF2DEB0D08361.png"
        },
        {
          "chainIndex": "59144",
          "blockChain": "LINEA",
          "logo": "https://static.oklink.com/cdn/explorer/admin/1689947710844.jpeg",
          "lightLogo": "https://static.oklink.com/cdn/assets/imgs/2312/F91DD1A03FFFE65C.png"
        }
      ]
    },
    {
      "cexTag": "Gate.io",
      "seoCexTag": "gate-io",
      "cexLogo": "https://static.oklink.com/cdn/assets/imgs/2312/16AF7E62E86B9F95.png",
      "symbolList": [
        {
          "symbol": "BTC",
          "value": 15515.216312949919,
          "usdValue": 1768083020.5911453,
          "rate": -0.0001600492150648473
        },
        {
          "symbol": "ETH",
          "value": 229596.10628629255,
          "usdValue": 990691126.8978536,
          "rate": -0.058312374340182646
        },
        {
          "symbol": "USDC",
          "value": 59928503.70626104,
          "usdValue": 59916518.01082798,
          "rate": 0.03166686809472726
        },
        {
          "symbol": "USDT",
          "value": 772346117.9284762,
          "usdValue": 772268883.3166915,
          "rate": 0.06450040212618334
        }
      ],
      "totalValue": 4359177230.575635,
      "totalRate": 0.016190731886563406,
      "totalInflow": 20567432.797305092,
      "mainStream": 3590959548.8165183,
      "mainStreamRate": 0.0054482402,
      "blockChainList": [
        {
          "chainIndex": "0",
          "blockChain": "BTC",
          "logo": "https://static.oklink.com/cdn/explorer/admin/1686558172927.png",
          "lightLogo": "https://static.oklink.com/cdn/assets/imgs/2312/FF3843272D00C1E7.png"
        },
        {
          "chainIndex": "1",
          "blockChain": "ETH",
          "logo": "https://static.oklink.com/cdn/web3/currency/token/1706800365851.png/type=png_350_0",
          "lightLogo": "https://static.oklink.com/cdn/assets/imgs/2312/BEC6A727AB2BFAB0.png"
        },
        {
          "chainIndex": "2",
          "blockChain": "LTC",
          "logo": "https://static.oklink.com/cdn/explorer/oklinkmanage/picture/ltc_logo.png",
          "lightLogo": "https://static.oklink.com/cdn/assets/imgs/2312/A85D30C877AC3B16.png"
        },
        {
          "chainIndex": "3",
          "blockChain": "DOGE",
          "logo": "https://static.oklink.com/cdn/explorer/admin/1696651121774.png/type=png_350_0",
          "lightLogo": "https://static.oklink.com/cdn/assets/imgs/2312/A51191E954E8CDB0.png"
        },
        {
          "chainIndex": "5",
          "blockChain": "DASH",
          "logo": "https://static.oklink.com/cdn/explorer/oklinkmanage/picture/dash_logo.png",
          "lightLogo": "https://static.oklink.com/cdn/assets/imgs/2312/617C512B1BFB94E3.png"
        },
        {
          "chainIndex": "10",
          "blockChain": "OPTIMISM",
          "logo": "https://static.oklink.com/cdn/explorer/admin/1686557806497.png",
          "lightLogo": "https://static.oklink.com/cdn/assets/imgs/2312/FEE088C8C0C85D41.png"
        },
        {
          "chainIndex": "56",
          "blockChain": "BSC",
          "logo": "https://static.coinall.ltd/cdn/web3/currency/token/1742545358366.png/type=default_350_0",
          "lightLogo": "https://static.oklink.com/cdn/assets/imgs/2312/C415878C9255068A.png"
        },
        {
          "chainIndex": "61",
          "blockChain": "ETC",
          "logo": "https://static.oklink.com/cdn/explorer/admin/1686558153814.png",
          "lightLogo": "https://static.oklink.com/cdn/assets/imgs/2312/6A72CFE7ED04A323.png"
        },
        {
          "chainIndex": "66",
          "blockChain": "OKEXCHAIN",
          "logo": "https://static.oklink.com/cdn/explorer/admin/1686558023497.png",
          "lightLogo": "https://static.oklink.com/cdn/assets/imgs/248/9C557DC56E54B38B.png"
        },
        {
          "chainIndex": "118",
          "blockChain": "COSMOS",
          "logo": "https://static.oklink.com/cdn/explorer/admin/1687836948833.png",
          "lightLogo": "https://static.oklink.com/cdn/assets/imgs/2312/3C3C8CFB6272F3F0.png"
        },
        {
          "chainIndex": "130",
          "blockChain": "UNI",
          "logo": "https://static.coinall.ltd/cdn/web3/currency/token/1739948756142.png/type=default_350_0",
          "lightLogo": "https://static.coinall.ltd/cdn/web3/oklinkadmin/picture/b70c0371-541f-4a91-8718-f823a0d7f22c.png"
        },
        {
          "chainIndex": "137",
          "blockChain": "POLYGON",
          "logo": "https://static.oklink.com/cdn/web3/currency/token/1697556067799.png/type=png_350_0",
          "lightLogo": "https://static.oklink.com/cdn/assets/imgs/2312/DE31DC421B88956E.png"
        },
        {
          "chainIndex": "144",
          "blockChain": "RIPPLE",
          "logo": "https://static.oklink.com/cdn/explorer/currency/token/xrp-xrp-null.png",
          "lightLogo": "https://static.oklink.com/cdn/assets/imgs/256/5C30885514F56CA7.jpeg"
        },
        {
          "chainIndex": "145",
          "blockChain": "BCH",
          "logo": "https://static.oklink.com/cdn/explorer/oklinkmanage/picture/bch_logo.png",
          "lightLogo": "https://static.oklink.com/cdn/assets/imgs/2312/458634273CBF4081.png"
        },
        {
          "chainIndex": "195",
          "blockChain": "TRON",
          "logo": "https://static.oklink.com/cdn/explorer/admin/1686557723420.png",
          "lightLogo": "https://static.oklink.com/cdn/assets/imgs/2312/BB50612641974EC8.png"
        },
        {
          "chainIndex": "196",
          "blockChain": "X1",
          "logo": "https://static.oklink.com/cdn/web3/currency/token/1711680841142.png/type=png_350_0",
          "lightLogo": "https://static.oklink.com/cdn/assets/imgs/248/DD53323FFE842449.png"
        },
        {
          "chainIndex": "250",
          "blockChain": "FTM",
          "logo": "https://static.oklink.com/cdn/explorer/admin/1686558053632.png",
          "lightLogo": "https://static.oklink.com/cdn/assets/imgs/2312/D32DA4DEFB3AE885.png"
        },
        {
          "chainIndex": "324",
          "blockChain": "ZKSYNC",
          "logo": "https://static.oklink.com/cdn/explorer/admin/1686558413916.png",
          "lightLogo": "https://static.oklink.com/cdn/assets/imgs/2312/FA6C98D597C2904F.png"
        },
        {
          "chainIndex": "501",
          "blockChain": "SOLANA",
          "logo": "https://static.coinall.ltd/cdn/web3/currency/token/1715241932682.png/type=png_350_0",
          "lightLogo": "https://static.oklink.com/cdn/assets/imgs/2312/4CB5F5AE4EFA977F.png"
        },
        {
          "chainIndex": "607",
          "blockChain": "TON",
          "logo": "https://static.oklink.com/cdn/explorer/currency/token/ton-ton-null.png",
          "lightLogo": "https://static.oklink.com/cdn/assets/imgs/253/7E701E24F03351F5.png"
        },
        {
          "chainIndex": "637",
          "blockChain": "APT",
          "logo": "https://static.oklink.com/cdn/explorer/oklinkmanage/picture/apt_logo.png",
          "lightLogo": "https://static.oklink.com/cdn/assets/imgs/2312/422AA0B18303B28D.png"
        },
        {
          "chainIndex": "784",
          "blockChain": "SUI",
          "logo": "https://static.coinall.ltd/cdn/web3/currency/token/1742539825819.png/type=default_350_0",
          "lightLogo": "https://static.oklink.com/cdn/assets/imgs/2312/BA776B7B6DB7757E.png"
        },
        {
          "chainIndex": "2020",
          "blockChain": "RONIN",
          "logo": "https://static.oklink.com/cdn/explorer/admin/1689678241466.png",
          "lightLogo": "https://static.oklink.com/cdn/assets/imgs/2312/28CE3AB56BAAD113.png"
        },
        {
          "chainIndex": "8453",
          "blockChain": "BASE",
          "logo": "https://static.coinall.ltd/cdn/web3/currency/token/1736766709807.png/type=default_350_0",
          "lightLogo": "https://static.oklink.com/cdn/assets/imgs/2312/E8725CEE33D29668.png"
        },
        {
          "chainIndex": "9004",
          "blockChain": "STARKNET",
          "logo": "https://static.oklink.com/cdn/explorer/admin/1692864443638.jpeg",
          "lightLogo": "https://static.oklink.com/cdn/assets/imgs/2312/72CB729F05E52423.png"
        },
        {
          "chainIndex": "42161",
          "blockChain": "ARBITRUM",
          "logo": "https://static.oklink.com/cdn/explorer/admin/1686557510911.png",
          "lightLogo": "https://static.oklink.com/cdn/assets/imgs/2312/ED446CC74F2B3AFF.png"
        },
        {
          "chainIndex": "43114",
          "blockChain": "AVAXC",
          "logo": "https://static.oklink.com/cdn/explorer/admin/1686558223199.png",
          "lightLogo": "https://static.oklink.com/cdn/assets/imgs/2312/708CF2DEB0D08361.png"
        },
        {
          "chainIndex": "59144",
          "blockChain": "LINEA",
          "logo": "https://static.oklink.com/cdn/explorer/admin/1689947710844.jpeg",
          "lightLogo": "https://static.oklink.com/cdn/assets/imgs/2312/F91DD1A03FFFE65C.png"
        },
        {
          "chainIndex": "200901",
          "blockChain": "BITLAYER",
          "logo": "https://static.coinall.ltd/cdn/web3/currency/token/1715345047885.png/type=png_350_0",
          "lightLogo": "https://static.oklink.com/cdn/assets/imgs/253/DD3D1A690E0E941C.png"
        },
        {
          "chainIndex": "534352",
          "blockChain": "SCROLL",
          "logo": "https://static.oklink.com/cdn/explorer/admin/1697027635993.png/type=png_350_0",
          "lightLogo": "https://static.oklink.com/cdn/assets/imgs/2312/5FEBBFE08EB72E81.png"
        }
      ]
    },
    {
      "cexTag": "HTX",
      "seoCexTag": "htx",
      "cexLogo": "https://static.oklink.com/cdn/explorer/logo/cex/huobi.png",
      "symbolList": [
        {
          "symbol": "USDT",
          "value": 1192807672.124509,
          "usdValue": 1192688391.3572972,
          "rate": 0.061903050264782614
        },
        {
          "symbol": "USDC",
          "value": 11304412.097825242,
          "usdValue": 11302151.220260678,
          "rate": -0.012445073569341367
        },
        {
          "symbol": "BTC",
          "value": 9597.144869949525,
          "usdValue": 1093671435.0896928,
          "rate": 0.002870121101875214
        },
        {
          "symbol": "ETH",
          "value": 9267.089396581598,
          "usdValue": 39986842.049991034,
          "rate": -0.058546238385810426
        }
      ],
      "totalValue": 2649865359.181951,
      "totalRate": 0.03283039098697034,
      "totalInflow": 78503202.72901876,
      "mainStream": 2337648819.717242,
      "mainStreamRate": 0.0329298291,
      "blockChainList": [
        {
          "chainIndex": "0",
          "blockChain": "BTC",
          "logo": "https://static.oklink.com/cdn/explorer/admin/1686558172927.png",
          "lightLogo": "https://static.oklink.com/cdn/assets/imgs/2312/FF3843272D00C1E7.png"
        },
        {
          "chainIndex": "1",
          "blockChain": "ETH",
          "logo": "https://static.oklink.com/cdn/web3/currency/token/1706800365851.png/type=png_350_0",
          "lightLogo": "https://static.oklink.com/cdn/assets/imgs/2312/BEC6A727AB2BFAB0.png"
        },
        {
          "chainIndex": "2",
          "blockChain": "LTC",
          "logo": "https://static.oklink.com/cdn/explorer/oklinkmanage/picture/ltc_logo.png",
          "lightLogo": "https://static.oklink.com/cdn/assets/imgs/2312/A85D30C877AC3B16.png"
        },
        {
          "chainIndex": "3",
          "blockChain": "DOGE",
          "logo": "https://static.oklink.com/cdn/explorer/admin/1696651121774.png/type=png_350_0",
          "lightLogo": "https://static.oklink.com/cdn/assets/imgs/2312/A51191E954E8CDB0.png"
        },
        {
          "chainIndex": "5",
          "blockChain": "DASH",
          "logo": "https://static.oklink.com/cdn/explorer/oklinkmanage/picture/dash_logo.png",
          "lightLogo": "https://static.oklink.com/cdn/assets/imgs/2312/617C512B1BFB94E3.png"
        },
        {
          "chainIndex": "10",
          "blockChain": "OPTIMISM",
          "logo": "https://static.oklink.com/cdn/explorer/admin/1686557806497.png",
          "lightLogo": "https://static.oklink.com/cdn/assets/imgs/2312/FEE088C8C0C85D41.png"
        },
        {
          "chainIndex": "56",
          "blockChain": "BSC",
          "logo": "https://static.coinall.ltd/cdn/web3/currency/token/1742545358366.png/type=default_350_0",
          "lightLogo": "https://static.oklink.com/cdn/assets/imgs/2312/C415878C9255068A.png"
        },
        {
          "chainIndex": "61",
          "blockChain": "ETC",
          "logo": "https://static.oklink.com/cdn/explorer/admin/1686558153814.png",
          "lightLogo": "https://static.oklink.com/cdn/assets/imgs/2312/6A72CFE7ED04A323.png"
        },
        {
          "chainIndex": "66",
          "blockChain": "OKEXCHAIN",
          "logo": "https://static.oklink.com/cdn/explorer/admin/1686558023497.png",
          "lightLogo": "https://static.oklink.com/cdn/assets/imgs/248/9C557DC56E54B38B.png"
        },
        {
          "chainIndex": "118",
          "blockChain": "COSMOS",
          "logo": "https://static.oklink.com/cdn/explorer/admin/1687836948833.png",
          "lightLogo": "https://static.oklink.com/cdn/assets/imgs/2312/3C3C8CFB6272F3F0.png"
        },
        {
          "chainIndex": "130",
          "blockChain": "UNI",
          "logo": "https://static.coinall.ltd/cdn/web3/currency/token/1739948756142.png/type=default_350_0",
          "lightLogo": "https://static.coinall.ltd/cdn/web3/oklinkadmin/picture/b70c0371-541f-4a91-8718-f823a0d7f22c.png"
        },
        {
          "chainIndex": "137",
          "blockChain": "POLYGON",
          "logo": "https://static.oklink.com/cdn/web3/currency/token/1697556067799.png/type=png_350_0",
          "lightLogo": "https://static.oklink.com/cdn/assets/imgs/2312/DE31DC421B88956E.png"
        },
        {
          "chainIndex": "144",
          "blockChain": "RIPPLE",
          "logo": "https://static.oklink.com/cdn/explorer/currency/token/xrp-xrp-null.png",
          "lightLogo": "https://static.oklink.com/cdn/assets/imgs/256/5C30885514F56CA7.jpeg"
        },
        {
          "chainIndex": "145",
          "blockChain": "BCH",
          "logo": "https://static.oklink.com/cdn/explorer/oklinkmanage/picture/bch_logo.png",
          "lightLogo": "https://static.oklink.com/cdn/assets/imgs/2312/458634273CBF4081.png"
        },
        {
          "chainIndex": "195",
          "blockChain": "TRON",
          "logo": "https://static.oklink.com/cdn/explorer/admin/1686557723420.png",
          "lightLogo": "https://static.oklink.com/cdn/assets/imgs/2312/BB50612641974EC8.png"
        },
        {
          "chainIndex": "196",
          "blockChain": "X1",
          "logo": "https://static.oklink.com/cdn/web3/currency/token/1711680841142.png/type=png_350_0",
          "lightLogo": "https://static.oklink.com/cdn/assets/imgs/248/DD53323FFE842449.png"
        },
        {
          "chainIndex": "250",
          "blockChain": "FTM",
          "logo": "https://static.oklink.com/cdn/explorer/admin/1686558053632.png",
          "lightLogo": "https://static.oklink.com/cdn/assets/imgs/2312/D32DA4DEFB3AE885.png"
        },
        {
          "chainIndex": "324",
          "blockChain": "ZKSYNC",
          "logo": "https://static.oklink.com/cdn/explorer/admin/1686558413916.png",
          "lightLogo": "https://static.oklink.com/cdn/assets/imgs/2312/FA6C98D597C2904F.png"
        },
        {
          "chainIndex": "501",
          "blockChain": "SOLANA",
          "logo": "https://static.coinall.ltd/cdn/web3/currency/token/1715241932682.png/type=png_350_0",
          "lightLogo": "https://static.oklink.com/cdn/assets/imgs/2312/4CB5F5AE4EFA977F.png"
        },
        {
          "chainIndex": "607",
          "blockChain": "TON",
          "logo": "https://static.oklink.com/cdn/explorer/currency/token/ton-ton-null.png",
          "lightLogo": "https://static.oklink.com/cdn/assets/imgs/253/7E701E24F03351F5.png"
        },
        {
          "chainIndex": "637",
          "blockChain": "APT",
          "logo": "https://static.oklink.com/cdn/explorer/oklinkmanage/picture/apt_logo.png",
          "lightLogo": "https://static.oklink.com/cdn/assets/imgs/2312/422AA0B18303B28D.png"
        },
        {
          "chainIndex": "784",
          "blockChain": "SUI",
          "logo": "https://static.coinall.ltd/cdn/web3/currency/token/1742539825819.png/type=default_350_0",
          "lightLogo": "https://static.oklink.com/cdn/assets/imgs/2312/BA776B7B6DB7757E.png"
        },
        {
          "chainIndex": "2020",
          "blockChain": "RONIN",
          "logo": "https://static.oklink.com/cdn/explorer/admin/1689678241466.png",
          "lightLogo": "https://static.oklink.com/cdn/assets/imgs/2312/28CE3AB56BAAD113.png"
        },
        {
          "chainIndex": "8453",
          "blockChain": "BASE",
          "logo": "https://static.coinall.ltd/cdn/web3/currency/token/1736766709807.png/type=default_350_0",
          "lightLogo": "https://static.oklink.com/cdn/assets/imgs/2312/E8725CEE33D29668.png"
        },
        {
          "chainIndex": "9004",
          "blockChain": "STARKNET",
          "logo": "https://static.oklink.com/cdn/explorer/admin/1692864443638.jpeg",
          "lightLogo": "https://static.oklink.com/cdn/assets/imgs/2312/72CB729F05E52423.png"
        },
        {
          "chainIndex": "42161",
          "blockChain": "ARBITRUM",
          "logo": "https://static.oklink.com/cdn/explorer/admin/1686557510911.png",
          "lightLogo": "https://static.oklink.com/cdn/assets/imgs/2312/ED446CC74F2B3AFF.png"
        },
        {
          "chainIndex": "43114",
          "blockChain": "AVAXC",
          "logo": "https://static.oklink.com/cdn/explorer/admin/1686558223199.png",
          "lightLogo": "https://static.oklink.com/cdn/assets/imgs/2312/708CF2DEB0D08361.png"
        },
        {
          "chainIndex": "59144",
          "blockChain": "LINEA",
          "logo": "https://static.oklink.com/cdn/explorer/admin/1689947710844.jpeg",
          "lightLogo": "https://static.oklink.com/cdn/assets/imgs/2312/F91DD1A03FFFE65C.png"
        },
        {
          "chainIndex": "534352",
          "blockChain": "SCROLL",
          "logo": "https://static.oklink.com/cdn/explorer/admin/1697027635993.png/type=png_350_0",
          "lightLogo": "https://static.oklink.com/cdn/assets/imgs/2312/5FEBBFE08EB72E81.png"
        }
      ]
    },
    {
      "cexTag": "KuCoin",
      "seoCexTag": "kucoin",
      "cexLogo": "https://static.oklink.com/cdn/explorer/logo/cex/kucoin.png",
      "symbolList": [
        {
          "symbol": "USDT",
          "value": 956687364.7069211,
          "usdValue": 956591695.9704504,
          "rate": 0.0008505165939315774
        },
        {
          "symbol": "ETH",
          "value": 107831.82078616974,
          "usdValue": 465286758.4648668,
          "rate": -0.0004443619051643402
        },
        {
          "symbol": "BTC",
          "value": 1184.6711493899998,
          "usdValue": 135002754.84218553,
          "rate": 0.014024527373826014
        },
        {
          "symbol": "USDC",
          "value": 56890782.91062462,
          "usdValue": 56879404.754509985,
          "rate": -0.019237932053076626
        }
      ],
      "totalValue": 1789159665.9613192,
      "totalRate": 0.009071499028346919,
      "totalInflow": -3326675.749432128,
      "mainStream": 1613760614.0320127,
      "mainStreamRate": 0.0112263398,
      "blockChainList": [
        {
          "chainIndex": "0",
          "blockChain": "BTC",
          "logo": "https://static.oklink.com/cdn/explorer/admin/1686558172927.png",
          "lightLogo": "https://static.oklink.com/cdn/assets/imgs/2312/FF3843272D00C1E7.png"
        },
        {
          "chainIndex": "1",
          "blockChain": "ETH",
          "logo": "https://static.oklink.com/cdn/web3/currency/token/1706800365851.png/type=png_350_0",
          "lightLogo": "https://static.oklink.com/cdn/assets/imgs/2312/BEC6A727AB2BFAB0.png"
        },
        {
          "chainIndex": "2",
          "blockChain": "LTC",
          "logo": "https://static.oklink.com/cdn/explorer/oklinkmanage/picture/ltc_logo.png",
          "lightLogo": "https://static.oklink.com/cdn/assets/imgs/2312/A85D30C877AC3B16.png"
        },
        {
          "chainIndex": "3",
          "blockChain": "DOGE",
          "logo": "https://static.oklink.com/cdn/explorer/admin/1696651121774.png/type=png_350_0",
          "lightLogo": "https://static.oklink.com/cdn/assets/imgs/2312/A51191E954E8CDB0.png"
        },
        {
          "chainIndex": "5",
          "blockChain": "DASH",
          "logo": "https://static.oklink.com/cdn/explorer/oklinkmanage/picture/dash_logo.png",
          "lightLogo": "https://static.oklink.com/cdn/assets/imgs/2312/617C512B1BFB94E3.png"
        },
        {
          "chainIndex": "10",
          "blockChain": "OPTIMISM",
          "logo": "https://static.oklink.com/cdn/explorer/admin/1686557806497.png",
          "lightLogo": "https://static.oklink.com/cdn/assets/imgs/2312/FEE088C8C0C85D41.png"
        },
        {
          "chainIndex": "56",
          "blockChain": "BSC",
          "logo": "https://static.coinall.ltd/cdn/web3/currency/token/1742545358366.png/type=default_350_0",
          "lightLogo": "https://static.oklink.com/cdn/assets/imgs/2312/C415878C9255068A.png"
        },
        {
          "chainIndex": "61",
          "blockChain": "ETC",
          "logo": "https://static.oklink.com/cdn/explorer/admin/1686558153814.png",
          "lightLogo": "https://static.oklink.com/cdn/assets/imgs/2312/6A72CFE7ED04A323.png"
        },
        {
          "chainIndex": "66",
          "blockChain": "OKEXCHAIN",
          "logo": "https://static.oklink.com/cdn/explorer/admin/1686558023497.png",
          "lightLogo": "https://static.oklink.com/cdn/assets/imgs/248/9C557DC56E54B38B.png"
        },
        {
          "chainIndex": "118",
          "blockChain": "COSMOS",
          "logo": "https://static.oklink.com/cdn/explorer/admin/1687836948833.png",
          "lightLogo": "https://static.oklink.com/cdn/assets/imgs/2312/3C3C8CFB6272F3F0.png"
        },
        {
          "chainIndex": "130",
          "blockChain": "UNI",
          "logo": "https://static.coinall.ltd/cdn/web3/currency/token/1739948756142.png/type=default_350_0",
          "lightLogo": "https://static.coinall.ltd/cdn/web3/oklinkadmin/picture/b70c0371-541f-4a91-8718-f823a0d7f22c.png"
        },
        {
          "chainIndex": "137",
          "blockChain": "POLYGON",
          "logo": "https://static.oklink.com/cdn/web3/currency/token/1697556067799.png/type=png_350_0",
          "lightLogo": "https://static.oklink.com/cdn/assets/imgs/2312/DE31DC421B88956E.png"
        },
        {
          "chainIndex": "144",
          "blockChain": "RIPPLE",
          "logo": "https://static.oklink.com/cdn/explorer/currency/token/xrp-xrp-null.png",
          "lightLogo": "https://static.oklink.com/cdn/assets/imgs/256/5C30885514F56CA7.jpeg"
        },
        {
          "chainIndex": "145",
          "blockChain": "BCH",
          "logo": "https://static.oklink.com/cdn/explorer/oklinkmanage/picture/bch_logo.png",
          "lightLogo": "https://static.oklink.com/cdn/assets/imgs/2312/458634273CBF4081.png"
        },
        {
          "chainIndex": "195",
          "blockChain": "TRON",
          "logo": "https://static.oklink.com/cdn/explorer/admin/1686557723420.png",
          "lightLogo": "https://static.oklink.com/cdn/assets/imgs/2312/BB50612641974EC8.png"
        },
        {
          "chainIndex": "196",
          "blockChain": "X1",
          "logo": "https://static.oklink.com/cdn/web3/currency/token/1711680841142.png/type=png_350_0",
          "lightLogo": "https://static.oklink.com/cdn/assets/imgs/248/DD53323FFE842449.png"
        },
        {
          "chainIndex": "250",
          "blockChain": "FTM",
          "logo": "https://static.oklink.com/cdn/explorer/admin/1686558053632.png",
          "lightLogo": "https://static.oklink.com/cdn/assets/imgs/2312/D32DA4DEFB3AE885.png"
        },
        {
          "chainIndex": "324",
          "blockChain": "ZKSYNC",
          "logo": "https://static.oklink.com/cdn/explorer/admin/1686558413916.png",
          "lightLogo": "https://static.oklink.com/cdn/assets/imgs/2312/FA6C98D597C2904F.png"
        },
        {
          "chainIndex": "501",
          "blockChain": "SOLANA",
          "logo": "https://static.coinall.ltd/cdn/web3/currency/token/1715241932682.png/type=png_350_0",
          "lightLogo": "https://static.oklink.com/cdn/assets/imgs/2312/4CB5F5AE4EFA977F.png"
        },
        {
          "chainIndex": "607",
          "blockChain": "TON",
          "logo": "https://static.oklink.com/cdn/explorer/currency/token/ton-ton-null.png",
          "lightLogo": "https://static.oklink.com/cdn/assets/imgs/253/7E701E24F03351F5.png"
        },
        {
          "chainIndex": "637",
          "blockChain": "APT",
          "logo": "https://static.oklink.com/cdn/explorer/oklinkmanage/picture/apt_logo.png",
          "lightLogo": "https://static.oklink.com/cdn/assets/imgs/2312/422AA0B18303B28D.png"
        },
        {
          "chainIndex": "784",
          "blockChain": "SUI",
          "logo": "https://static.coinall.ltd/cdn/web3/currency/token/1742539825819.png/type=default_350_0",
          "lightLogo": "https://static.oklink.com/cdn/assets/imgs/2312/BA776B7B6DB7757E.png"
        },
        {
          "chainIndex": "2020",
          "blockChain": "RONIN",
          "logo": "https://static.oklink.com/cdn/explorer/admin/1689678241466.png",
          "lightLogo": "https://static.oklink.com/cdn/assets/imgs/2312/28CE3AB56BAAD113.png"
        },
        {
          "chainIndex": "8453",
          "blockChain": "BASE",
          "logo": "https://static.coinall.ltd/cdn/web3/currency/token/1736766709807.png/type=default_350_0",
          "lightLogo": "https://static.oklink.com/cdn/assets/imgs/2312/E8725CEE33D29668.png"
        },
        {
          "chainIndex": "42161",
          "blockChain": "ARBITRUM",
          "logo": "https://static.oklink.com/cdn/explorer/admin/1686557510911.png",
          "lightLogo": "https://static.oklink.com/cdn/assets/imgs/2312/ED446CC74F2B3AFF.png"
        },
        {
          "chainIndex": "43114",
          "blockChain": "AVAXC",
          "logo": "https://static.oklink.com/cdn/explorer/admin/1686558223199.png",
          "lightLogo": "https://static.oklink.com/cdn/assets/imgs/2312/708CF2DEB0D08361.png"
        },
        {
          "chainIndex": "59144",
          "blockChain": "LINEA",
          "logo": "https://static.oklink.com/cdn/explorer/admin/1689947710844.jpeg",
          "lightLogo": "https://static.oklink.com/cdn/assets/imgs/2312/F91DD1A03FFFE65C.png"
        },
        {
          "chainIndex": "200901",
          "blockChain": "BITLAYER",
          "logo": "https://static.coinall.ltd/cdn/web3/currency/token/1715345047885.png/type=png_350_0",
          "lightLogo": "https://static.oklink.com/cdn/assets/imgs/253/DD3D1A690E0E941C.png"
        },
        {
          "chainIndex": "534352",
          "blockChain": "SCROLL",
          "logo": "https://static.oklink.com/cdn/explorer/admin/1697027635993.png/type=png_350_0",
          "lightLogo": "https://static.oklink.com/cdn/assets/imgs/2312/5FEBBFE08EB72E81.png"
        },
        {
          "chainIndex": "70000040",
          "blockChain": "BEACON",
          "logo": "https://static.oklink.com/cdn/explorer/admin/1695787224152.png/type=png_350_0",
          "lightLogo": "https://static.oklink.com/cdn/assets/imgs/2312/7C67A8F0BA627958.png"
        }
      ]
    }
  ]
}